instance,method,run,seed,nodeCount,totalReward,totalDistance,phase1Distance,objective,tourFile,tour,timeMs
TSPA,RegretCycle,1,20260323,162,32671,26216,32885,6455,outputs\runs\regret_cycle\TSPA\run_001.txt,"40->165->39->95->7->164->58->71->27->107->90->174->187->81->196->169->91->179->52->55->57->92->145->78->168->157->31->13->85->188->56->113->171->88->16->25->44->120->82->2->87->125->74->152->97->1->150->101->100->26->19->189->99->121->182->136->53->158->180->173->6->194->123->24->149->131->47->65->116->105->77->166->28->184->11->35->126->29->156->112->4->190->10->177->104->147->54->30->48->160->192->181->103->146->22->20->18->69->108->67->163->159->193->41->96->115->191->110->139->198->46->68->140->93->117->170->0->141->66->51->109->60->118->59->72->162->161->133->80->12->130->94->124->111->167->33->37->148->186->23->76->183->89->83->114->64->15->9->62->61->144->155->102->49->138->32->3->178->106->8->185->119",15
TSPA,RegretCycle,2,20260324,162,32647,26261,32314,6386,outputs\runs\regret_cycle\TSPA\run_002.txt,"168->91->179->92->172->167->33->37->148->111->124->94->130->12->63->136->182->189->19->99->121->53->158->180->173->6->194->161->162->72->59->118->109->51->66->141->60->46->68->110->191->139->198->115->96->5->42->28->184->11->166->77->105->116->65->47->131->149->24->29->156->126->112->4->190->10->177->104->147->54->30->48->160->192->181->103->146->22->159->193->41->199->18->69->108->67->163->36->140->93->117->170->0->153->183->89->76->23->186->114->64->73->132->144->155->61->9->62->102->49->138->32->3->178->106->185->40->119->8->165->39->95->7->164->58->71->27->107->90->174->169->196->187->81->17->157->31->13->85->188->56->113->171->88->16->25->44->120->150->101->100->26->97->1->152->74->125->87->2->82->78->145",6
TSPA,RegretCycle,3,20260325,165,33024,26176,31752,6848,outputs\runs\regret_cycle\TSPA\run_003.txt,"194->133->80->176->66->141->60->51->109->118->59->72->162->161->24->149->131->47->65->105->116->115->198->46->68->110->139->191->142->159->193->41->96->5->42->43->77->166->28->184->11->35->126->29->156->112->4->190->10->177->104->147->54->30->48->160->192->181->103->146->22->20->18->69->108->67->163->36->140->93->117->170->0->153->183->89->76->23->186->114->64->15->61->62->9->33->37->148->12->130->94->124->111->167->128->49->155->144->132->21->7->164->58->71->27->107->90->39->165->8->138->32->3->178->106->185->119->40->169->174->187->81->196->17->157->31->13->85->188->56->113->171->88->16->78->168->145->91->179->92->82->44->120->2->87->125->74->152->97->1->101->150->100->26->19->189->99->121->182->136->53->158->180->173->6",7
TSPA,RegretCycle,4,20260326,164,32712,27217,32460,5495,outputs\runs\regret_cycle\TSPA\run_004.txt,"117->93->140->68->46->198->139->110->191->41->193->142->163->67->108->69->18->159->195->146->103->34->30->54->48->160->192->42->5->96->116->65->47->105->77->149->131->11->166->28->184->147->104->177->10->190->4->112->126->156->29->24->123->194->6->173->180->158->53->136->182->121->99->189->19->26->100->150->101->1->97->152->74->125->87->2->82->120->44->25->78->145->168->31->13->16->88->171->113->56->188->157->17->81->187->196->169->174->90->107->27->71->58->164->7->95->39->165->119->40->185->8->138->32->3->178->106->52->55->91->179->92->172->167->111->124->94->130->12->148->37->33->9->62->61->102->49->155->144->132->73->64->114->83->89->183->76->23->137->176->80->133->161->162->72->59->118->60->109->51->66->141->0->170",6
TSPA,RegretCycle,5,20260327,162,32136,26040,32854,6096,outputs\runs\regret_cycle\TSPA\run_005.txt,"143->183->89->76->23->186->114->64->15->61->9->62->102->49->155->144->132->21->7->164->58->71->27->107->90->39->165->119->40->185->8->138->32->3->178->106->52->55->128->33->37->148->12->130->94->124->111->167->172->92->78->168->145->179->91->196->169->174->187->81->17->157->31->13->85->188->56->113->171->88->16->25->44->120->82->2->87->125->74->152->97->1->150->101->100->26->19->189->99->121->182->136->53->158->180->173->6->194->127->29->156->126->112->4->190->10->177->104->147->54->30->48->160->103->146->181->192->42->5->96->43->28->184->166->11->35->24->149->131->77->47->65->105->116->118->59->72->109->51->66->141->60->46->68->110->139->191->41->193->159->199->18->69->108->163->67->36->140->93->117->0->170",4
TSPA,RegretCycle,6,20260328,165,32732,27021,33114,5711,outputs\runs\regret_cycle\TSPA\run_006.txt,"70->154->180->158->53->100->26->101->150->120->44->25->16->88->171->113->56->188->85->13->31->157->168->78->82->2->87->125->74->152->1->97->19->189->99->121->182->136->173->6->194->161->162->72->149->131->47->65->116->105->77->43->42->5->96->41->193->159->142->191->139->110->68->46->198->115->59->118->60->109->51->141->66->176->12->130->94->124->111->148->37->33->167->128->49->102->62->9->61->144->155->14->138->32->3->178->106->52->55->179->91->185->8->165->119->40->169->196->81->187->174->90->107->27->71->58->164->7->21->132->73->64->114->186->23->89->183->153->0->170->117->93->140->36->163->67->108->69->18->20->22->146->103->181->192->160->48->30->54->147->104->177->10->190->184->28->166->11->84->4->112->126->156->29->127",6
TSPA,RegretCycle,7,20260329,163,32838,26239,32176,6599,outputs\runs\regret_cycle\TSPA\run_007.txt,"96->41->193->159->142->191->139->110->163->67->108->69->18->20->22->146->103->181->192->160->48->30->54->147->104->177->10->190->4->112->126->156->29->24->161->194->6->173->180->158->53->136->182->121->99->100->26->150->101->1->97->189->19->152->74->125->87->2->82->120->44->25->78->145->168->16->88->171->113->56->188->85->13->31->157->17->81->187->174->169->196->91->179->185->40->119->8->165->39->90->107->27->71->58->164->7->21->132->144->155->102->49->138->32->3->178->106->52->55->128->167->111->148->37->33->9->62->61->15->64->114->186->23->76->89->183->153->0->170->117->93->140->68->46->60->109->51->141->66->176->12->130->124->94->63->133->151->72->118->59->116->65->47->105->77->149->131->166->11->184->28->42->5",6
TSPA,RegretCycle,8,20260330,159,31983,24951,32249,7032,outputs\runs\regret_cycle\TSPA\run_008.txt,"19->152->74->125->87->1->101->150->26->100->53->158->180->173->6->194->161->162->72->109->51->66->141->60->118->59->116->105->77->47->65->149->131->166->28->184->11->35->126->29->156->112->4->190->10->177->104->147->54->30->48->160->192->42->5->96->181->103->146->195->159->193->41->110->191->139->198->46->68->163->69->108->67->36->140->93->117->170->0->153->183->89->76->23->186->114->64->15->61->9->62->102->49->178->3->32->138->14->155->144->132->21->7->164->58->71->27->107->90->39->165->8->185->119->40->174->187->81->169->196->17->157->188->56->113->171->88->16->13->31->168->91->179->145->78->25->44->120->82->92->57->55->52->128->167->111->33->37->148->12->130->124->94->63->136->182->121->99->189",6
TSPA,RegretCycle,9,20260331,168,33282,27404,32053,5878,outputs\runs\regret_cycle\TSPA\run_009.txt,"133->80->176->66->141->60->109->51->72->118->59->149->131->47->65->105->116->115->198->46->68->110->139->191->142->159->193->41->96->5->42->43->77->166->28->184->11->84->4->190->10->177->104->147->54->30->48->160->192->181->103->146->22->20->18->69->108->67->163->36->140->93->117->170->0->153->183->89->76->23->186->114->64->73->132->144->155->61->9->62->102->49->178->3->32->138->21->7->164->58->71->27->107->90->39->165->8->185->119->40->174->187->81->169->196->17->157->31->13->85->188->56->113->171->88->16->168->91->179->145->78->25->44->120->82->92->57->55->52->167->33->37->148->111->124->12->130->94->189->19->97->1->152->74->125->87->150->101->26->100->99->121->182->136->53->158->180->173->6->194->127->29->156->126->112->24->161->162",6
TSPA,RegretCycle,10,20260332,159,31994,25202,32292,6792,outputs\runs\regret_cycle\TSPA\run_010.txt,"173->63->130->12->124->94->19->189->99->121->100->26->97->1->101->150->87->125->74->152->172->52->55->179->91->145->168->78->82->120->44->25->16->88->171->113->56->188->85->13->31->157->17->196->81->187->174->169->40->119->185->8->165->39->90->107->27->71->58->164->7->21->132->144->155->102->49->138->32->3->178->128->167->111->148->37->33->9->62->61->15->64->114->186->23->76->89->183->153->0->170->117->93->140->36->163->67->108->69->18->20->22->146->103->181->192->160->48->30->54->147->104->177->10->190->4->112->156->29->126->35->11->184->28->166->131->149->65->47->77->105->116->96->41->193->159->142->110->191->139->198->46->60->141->66->51->109->118->59->72->162->161->194->6->154->158->53->136->180",6
TSPA,RegretCycle,11,20260333,166,32760,26275,32072,6485,outputs\runs\regret_cycle\TSPA\run_011.txt,"198->46->60->109->51->141->66->176->137->23->186->64->114->83->89->183->153->0->170->117->93->140->36->163->67->108->69->18->20->22->146->103->181->192->160->48->30->54->147->104->177->10->190->4->112->156->29->126->35->11->184->28->166->131->149->24->161->194->6->173->180->158->53->136->182->121->99->189->19->26->100->150->101->1->97->152->74->125->87->2->82->120->44->25->78->145->168->16->88->171->113->56->188->85->13->31->157->17->81->187->174->169->196->91->179->55->52->178->3->106->119->40->185->8->165->39->90->107->27->71->58->164->7->21->132->144->155->14->138->32->49->102->61->62->9->33->37->148->167->111->124->94->130->12->63->133->151->72->118->59->116->65->47->105->77->43->42->5->96->41->193->159->142->110->191->139",5
TSPA,RegretCycle,12,20260334,161,32732,26537,32452,6195,outputs\runs\regret_cycle\TSPA\run_012.txt,"121->100->26->101->150->120->44->82->92->179->91->145->168->78->16->88->171->113->56->188->85->13->31->157->17->196->169->81->187->174->119->40->185->106->178->3->8->165->39->90->107->27->71->58->164->7->21->132->144->155->14->138->32->49->102->62->9->61->15->64->114->186->23->76->89->183->153->0->170->117->93->140->68->46->198->139->110->191->115->96->41->193->159->163->67->108->69->18->20->22->146->103->181->192->160->48->30->54->147->104->177->10->190->4->112->156->29->126->35->11->184->28->166->77->105->47->65->116->149->131->24->123->194->6->173->180->158->53->136->182->63->133->161->162->72->51->109->118->60->141->66->176->80->94->124->130->12->148->37->33->111->167->87->125->74->152->1->97->19->189->99",6
TSPA,RegretCycle,13,20260335,168,33069,27455,32153,5614,outputs\runs\regret_cycle\TSPA\run_013.txt,"147->54->30->48->160->192->181->103->146->195->159->193->41->199->18->69->108->67->163->36->140->93->117->170->0->68->110->191->139->198->46->60->109->51->141->66->176->80->94->124->130->12->137->76->183->89->23->186->114->64->15->148->111->167->33->37->9->62->61->102->49->178->3->32->138->14->155->144->132->21->7->164->58->71->27->107->90->39->165->8->185->119->40->174->187->81->169->196->17->157->31->13->85->188->56->113->171->88->16->168->91->179->145->78->25->44->120->82->92->57->55->52->172->87->125->74->152->97->1->101->150->100->26->19->189->99->121->182->136->53->158->180->173->6->194->123->24->131->149->161->162->72->118->59->115->96->5->42->43->105->116->65->47->77->166->28->184->11->35->126->29->156->112->4->190->10->177->104",6
TSPA,RegretCycle,14,20260336,162,32563,26054,32817,6509,outputs\runs\regret_cycle\TSPA\run_014.txt,"82->44->120->150->101->1->87->125->74->152->97->26->100->19->189->99->121->182->136->53->158->180->173->6->194->123->24->149->131->47->65->116->105->77->166->28->184->11->35->126->29->156->112->4->190->10->177->104->147->54->30->48->160->192->181->103->146->22->20->18->69->108->67->163->36->140->93->117->170->0->68->46->198->139->191->110->142->159->193->41->96->197->59->118->72->162->161->151->51->109->60->141->66->176->137->23->76->183->89->83->114->64->15->61->62->9->33->37->148->12->130->94->124->111->167->128->55->52->106->178->3->32->138->14->155->144->132->21->7->164->58->71->27->107->90->39->165->8->185->119->40->169->174->187->81->196->17->157->188->56->113->171->88->16->13->31->168->78->145->91->179->92",4
TSPA,RegretCycle,15,20260337,161,32729,26141,32548,6588,outputs\runs\regret_cycle\TSPA\run_015.txt,"83->89->183->153->0->170->117->93->140->68->46->198->115->116->65->47->105->77->166->28->184->160->192->42->5->96->41->193->159->142->191->139->110->163->67->108->69->18->20->22->146->103->34->48->30->54->147->104->177->10->190->11->84->4->112->126->156->29->24->131->149->161->194->6->173->180->158->53->136->182->121->99->189->19->26->100->150->101->1->97->152->74->125->87->2->82->120->44->25->78->145->179->91->168->16->88->171->113->56->188->85->13->31->157->17->196->169->81->187->174->119->40->185->8->165->39->90->107->27->71->58->164->7->21->132->144->155->14->138->32->3->178->49->102->61->62->9->33->37->148->167->111->124->12->130->94->80->176->66->51->109->72->59->118->60->141->137->23->186->64->114",4
TSPA,RegretCycle,16,20260338,165,32732,27021,33114,5711,outputs\runs\regret_cycle\TSPA\run_016.txt,"6->173->136->182->121->99->189->19->97->1->152->74->125->87->2->82->78->168->157->31->13->85->188->56->113->171->88->16->25->44->120->150->101->26->100->53->158->180->154->70->127->29->156->126->112->4->84->11->166->28->184->190->10->177->104->147->54->30->48->160->192->181->103->146->22->20->18->69->108->67->163->36->140->93->117->170->0->153->183->89->23->186->114->64->73->132->21->7->164->58->71->27->107->90->174->187->81->196->169->40->119->165->8->185->91->179->55->52->106->178->3->32->138->14->155->144->61->9->62->102->49->128->167->33->37->148->111->124->94->130->12->176->66->141->51->109->60->118->59->115->198->46->68->110->139->191->142->159->193->41->96->5->42->43->77->105->116->65->47->131->149->72->162->161->194",4
TSPA,RegretCycle,17,20260339,163,32616,26545,32375,6071,outputs\runs\regret_cycle\TSPA\run_017.txt,"32->138->49->102->62->9->61->155->144->132->73->64->114->186->23->76->89->183->153->0->170->117->93->140->68->46->198->139->110->191->41->193->159->163->67->108->69->18->20->22->146->103->181->192->160->48->30->54->147->104->177->10->190->184->28->166->11->84->4->112->126->156->29->24->149->131->77->47->65->116->105->43->42->5->96->115->59->72->118->60->109->51->141->66->176->80->133->194->6->173->180->158->53->136->182->121->99->100->26->97->1->152->74->125->87->150->101->19->94->130->12->124->111->148->37->33->167->52->55->57->92->82->120->44->25->78->145->179->91->168->16->88->171->113->56->188->85->13->31->157->17->81->187->196->169->174->90->107->27->71->58->164->7->95->39->165->8->119->40->185->106->178->3",5
TSPA,RegretCycle,18,20260340,163,32632,27220,32950,5412,outputs\runs\regret_cycle\TSPA\run_018.txt,"159->199->69->108->18->20->22->146->103->160->192->43->105->116->65->47->77->166->28->184->48->30->54->147->104->177->10->190->4->84->11->35->112->126->156->29->24->131->149->161->194->6->173->180->158->53->136->182->121->99->189->19->152->74->125->87->1->97->26->100->101->150->2->82->120->44->25->78->145->168->16->88->171->113->56->188->85->13->31->157->17->81->187->174->169->196->91->179->55->52->178->3->106->185->40->119->8->165->39->90->107->27->71->58->164->7->21->132->144->155->14->138->32->49->128->167->111->148->37->33->9->62->61->15->64->114->186->23->76->89->183->153->0->170->117->93->140->36->67->163->110->191->139->198->46->60->141->12->130->124->94->80->176->66->51->109->72->118->59->115->96->41->193",3
TSPA,RegretCycle,19,20260341,164,32823,26900,32640,5923,outputs\runs\regret_cycle\TSPA\run_019.txt,"185->169->174->187->81->196->17->157->31->13->85->188->56->113->171->88->16->78->168->145->179->91->52->55->57->92->82->44->120->150->101->100->26->97->1->152->74->125->87->167->111->124->12->130->94->189->19->99->121->182->136->53->158->180->173->6->194->123->24->29->156->126->112->4->190->10->177->104->147->54->30->48->184->11->166->28->160->192->181->103->146->22->20->18->69->108->67->163->36->140->93->117->170->0->68->46->198->139->191->110->142->159->193->41->96->5->42->43->77->131->149->47->65->105->116->59->118->72->162->161->151->51->109->60->141->66->176->137->23->76->183->89->83->114->64->15->61->62->9->37->33->102->49->178->3->32->138->14->155->144->132->21->7->164->58->71->27->107->90->39->165->8->119->40",4
TSPA,RegretCycle,20,20260342,161,32603,26428,32780,6175,outputs\runs\regret_cycle\TSPA\run_020.txt,"108->67->140->36->163->159->193->41->191->139->110->68->46->198->115->96->5->42->43->77->131->149->47->65->105->116->59->118->72->51->109->60->141->137->23->76->153->0->170->143->183->89->83->114->64->15->61->62->9->33->37->148->12->130->94->124->111->167->128->55->52->106->178->3->32->138->49->102->155->144->132->21->7->164->58->71->27->107->90->39->165->8->119->40->185->179->91->196->169->174->187->81->17->157->31->13->85->188->56->113->171->88->16->168->145->78->25->44->120->82->2->87->125->74->152->97->1->101->150->100->26->19->189->99->121->182->136->53->158->180->173->6->194->161->24->29->156->126->112->4->190->10->177->104->147->54->30->48->184->11->166->28->160->192->181->103->146->22->20->18->69",5
TSPA,RegretCycle,21,20260343,162,32744,26889,32239,5855,outputs\runs\regret_cycle\TSPA\run_021.txt,"20->22->146->103->181->192->160->48->30->54->147->104->177->10->190->4->112->156->29->126->35->11->166->184->28->42->5->96->116->105->65->47->77->131->149->24->123->194->6->173->180->158->53->136->182->121->99->100->26->150->101->1->87->125->74->152->19->189->94->130->12->124->111->148->37->33->167->52->55->57->92->82->120->44->25->16->88->171->113->56->188->85->13->31->157->168->78->145->179->91->169->196->81->187->174->40->119->185->8->165->39->90->107->27->71->58->164->7->21->138->32->3->178->49->102->62->9->61->155->144->132->73->64->114->83->89->183->76->23->137->176->80->133->161->162->72->59->118->60->109->51->66->141->0->170->117->93->140->68->46->198->139->110->191->41->193->159->163->67->108->69->18",4
TSPA,RegretCycle,22,20260344,169,33524,27629,31887,5895,outputs\runs\regret_cycle\TSPA\run_022.txt,"62->61->15->64->114->186->23->76->89->183->153->0->170->117->93->140->36->67->163->108->69->18->20->22->146->103->181->192->160->48->30->54->147->104->177->10->190->4->112->126->156->29->127->194->6->173->180->158->53->136->182->63->133->162->161->24->149->131->47->65->116->105->77->166->11->184->28->42->5->96->41->193->159->142->191->139->110->68->46->198->115->59->72->118->60->109->51->141->66->176->80->94->130->12->124->111->167->128->52->55->57->92->82->2->87->125->74->152->1->97->19->189->99->121->100->26->101->150->120->44->25->78->145->179->91->168->16->88->171->113->56->188->85->13->31->157->17->81->187->196->169->174->40->119->185->8->165->39->90->107->27->71->58->164->7->21->132->144->155->14->138->32->3->178->49->102->33->37->9",3
TSPA,RegretCycle,23,20260345,165,33237,27473,32744,5764,outputs\runs\regret_cycle\TSPA\run_023.txt,"87->2->82->92->179->91->145->78->168->157->31->13->56->188->50->113->171->88->16->25->44->120->150->101->26->100->99->121->182->136->53->158->180->173->6->194->123->24->29->156->126->112->4->190->10->177->104->147->54->30->48->160->192->181->103->146->22->20->18->108->69->199->159->193->41->96->5->42->43->166->28->184->11->131->149->77->105->47->65->116->115->198->46->68->139->191->110->163->67->36->140->93->117->170->0->153->183->89->76->23->186->114->64->15->61->155->144->132->21->7->164->58->71->27->107->90->39->165->8->119->174->187->81->196->169->40->185->106->178->3->32->138->49->102->62->9->33->37->148->167->111->124->130->12->176->66->141->51->109->60->118->59->72->162->161->133->63->94->189->19->97->1->152->74->125",4
TSPA,RegretCycle,24,20260346,166,33205,26380,31847,6825,outputs\runs\regret_cycle\TSPA\run_024.txt,"10->177->104->147->54->30->48->160->192->181->103->146->195->159->193->41->199->18->69->108->67->163->36->140->93->117->170->0->153->183->89->76->23->186->114->64->15->61->9->62->102->49->33->37->148->111->167->128->55->52->106->178->3->32->138->14->155->144->132->21->7->164->58->71->27->107->90->39->165->8->185->119->40->169->174->187->81->196->17->157->31->188->85->13->56->113->171->88->16->78->168->145->91->179->92->82->44->120->2->87->125->74->1->101->150->100->26->97->19->189->99->121->182->136->53->158->180->173->6->194->161->162->72->151->133->63->94->124->130->12->176->66->141->51->109->59->118->60->46->68->110->191->139->198->115->96->5->42->28->184->11->166->77->105->116->65->47->131->149->24->29->156->126->112->4->190",3
TSPA,RegretCycle,25,20260347,167,33169,26715,31852,6454,outputs\runs\regret_cycle\TSPA\run_025.txt,"36->163->67->108->69->18->20->22->146->103->181->192->160->48->30->54->147->104->177->10->190->4->112->126->156->29->127->161->162->72->118->59->116->65->47->105->77->131->149->24->35->11->184->28->166->43->42->5->96->41->193->115->198->139->191->110->68->46->60->109->51->141->66->176->12->130->124->94->63->133->194->6->173->180->158->53->136->182->121->99->189->19->26->100->150->101->1->97->152->74->125->87->2->82->120->44->25->78->145->168->16->88->171->113->56->188->85->13->31->157->17->81->187->174->169->196->91->179->185->40->119->8->165->39->90->107->27->71->58->164->7->21->132->144->155->102->49->138->32->3->178->106->52->55->128->167->111->148->37->33->9->62->61->15->64->114->186->23->76->89->183->153->0->170->117->93->140",4
TSPA,RegretCycle,26,20260348,166,32800,27134,32980,5666,outputs\runs\regret_cycle\TSPA\run_026.txt,"164->7->39->165->8->119->40->185->106->178->3->32->49->128->167->111->148->37->33->9->62->61->155->144->132->73->64->114->83->89->183->76->23->137->176->66->141->60->109->51->151->161->162->72->118->59->115->198->46->68->0->170->117->93->140->36->163->67->108->69->18->199->110->139->191->41->193->159->22->146->103->181->96->5->42->192->160->48->30->54->147->104->177->10->190->4->112->156->29->126->35->11->184->28->166->77->105->116->65->47->131->149->24->123->194->6->173->180->158->53->136->182->63->130->12->124->94->19->189->99->121->100->26->150->101->1->97->152->74->125->87->172->52->55->57->92->82->120->44->25->78->145->179->91->168->16->88->171->113->56->188->85->13->31->157->17->196->169->81->187->174->90->107->27->71->58",3
TSPA,RegretCycle,27,20260349,159,31983,24951,32249,7032,outputs\runs\regret_cycle\TSPA\run_027.txt,"189->99->121->182->136->63->94->124->130->12->148->37->33->111->167->128->52->55->57->92->82->120->44->25->78->145->179->91->168->31->13->16->88->171->113->56->188->157->17->196->169->81->187->174->119->40->185->8->165->39->90->107->27->71->58->164->7->21->132->144->155->14->138->32->3->178->49->102->62->9->61->15->64->114->186->23->76->89->183->153->0->170->117->93->140->36->67->108->69->163->68->46->198->139->191->110->41->193->159->195->146->103->181->96->5->42->192->160->48->30->54->147->104->177->10->190->4->112->156->29->126->35->11->184->28->166->131->149->65->47->77->105->116->59->118->60->141->66->51->109->72->162->161->194->6->173->180->158->53->100->26->150->101->1->87->125->74->152->19",3
TSPA,RegretCycle,28,20260350,165,32660,26612,32400,6048,outputs\runs\regret_cycle\TSPA\run_028.txt,"113->171->88->16->168->145->78->25->44->120->82->92->57->55->52->106->178->3->33->37->148->12->130->94->124->111->167->152->74->125->87->150->101->100->26->1->97->19->189->99->121->182->136->53->158->180->173->6->194->127->29->156->126->112->4->190->10->177->104->147->54->30->48->160->184->11->166->28->77->105->116->65->47->131->149->24->161->162->133->80->176->66->141->51->109->72->59->118->60->46->198->139->191->110->142->159->193->41->96->5->42->192->181->103->146->22->20->18->69->108->67->163->36->140->93->117->170->0->153->183->89->76->23->186->114->64->73->132->144->155->61->9->62->102->49->32->138->21->7->164->58->71->27->107->90->39->165->8->119->40->185->179->91->196->169->174->187->81->17->157->31->13->85->188->56",4
TSPA,RegretCycle,29,20260351,167,33304,27600,32687,5704,outputs\runs\regret_cycle\TSPA\run_029.txt,"138->14->155->144->132->21->7->164->58->71->27->107->90->39->165->8->185->40->119->174->187->81->169->196->17->157->31->13->85->188->56->113->171->88->16->168->91->179->145->78->25->44->120->82->92->57->55->52->128->167->111->87->125->74->152->97->1->101->150->100->26->19->189->99->121->53->158->136->182->63->94->124->130->12->176->66->141->51->109->60->118->59->72->162->161->194->173->180->154->6->70->127->123->24->29->156->126->112->4->190->10->177->11->184->28->166->131->149->47->65->116->105->77->43->42->5->96->192->160->48->147->54->30->34->103->146->22->20->18->69->108->67->163->159->193->41->191->110->139->198->46->68->140->93->117->170->0->153->183->89->76->23->186->114->64->15->148->37->33->9->62->61->102->49->178->3->32",4
TSPA,RegretCycle,30,20260352,158,32202,25268,32066,6934,outputs\runs\regret_cycle\TSPA\run_030.txt,"106->8->165->119->40->169->196->91->179->145->168->78->82->120->44->25->16->88->171->113->56->188->85->13->31->157->17->81->187->174->90->107->27->71->58->164->7->21->132->73->64->114->186->23->76->89->183->153->0->170->117->93->140->36->163->67->108->69->18->199->191->139->110->68->46->198->115->96->41->193->159->195->146->103->181->192->160->48->30->54->147->104->177->10->190->4->112->126->156->29->24->149->131->166->11->184->28->77->105->47->65->116->59->118->72->51->109->60->141->66->176->12->130->124->94->63->133->162->161->194->6->173->180->158->53->136->182->121->99->189->19->26->100->150->101->1->97->152->74->125->87->167->111->148->37->33->9->62->61->102->49->144->155->14->138->32->3->178",4
TSPA,RegretCycle,31,20260353,164,32550,25804,31851,6746,outputs\runs\regret_cycle\TSPA\run_031.txt,"131->77->166->28->184->11->84->4->190->10->177->104->147->54->30->48->160->192->181->103->146->195->159->199->18->69->108->163->67->36->140->93->117->170->0->153->183->89->76->23->186->114->64->15->61->62->9->33->37->148->12->130->94->124->111->167->128->55->52->106->178->3->32->138->14->155->144->132->21->7->164->58->27->107->90->165->8->185->119->40->174->187->81->196->169->91->179->145->78->168->157->31->13->85->188->56->113->171->88->16->25->44->120->82->2->87->125->74->152->97->1->101->150->100->26->19->189->99->121->182->136->53->158->180->173->6->194->127->29->156->126->112->24->161->162->133->80->176->66->141->60->109->51->72->118->59->115->198->46->68->110->139->191->193->41->96->5->42->43->105->116->65->47->149",4
TSPA,RegretCycle,32,20260354,171,33438,27782,32193,5656,outputs\runs\regret_cycle\TSPA\run_032.txt,"55->128->33->37->148->111->167->172->129->82->44->120->2->87->125->74->152->97->1->101->150->100->26->19->189->99->121->182->136->53->158->180->173->6->194->123->24->29->156->126->112->4->84->11->166->28->184->190->10->177->104->147->54->30->48->160->192->181->103->146->22->20->18->69->108->67->163->36->140->93->117->170->0->68->46->198->139->191->110->142->159->193->41->96->5->42->43->77->131->149->105->47->65->116->59->72->118->60->109->51->141->66->176->151->45->162->161->133->63->94->124->130->12->137->23->76->183->89->83->114->64->15->61->9->62->102->49->155->144->132->21->7->164->58->71->27->107->90->174->187->81->17->157->31->13->85->188->56->113->171->88->16->78->168->145->179->91->196->169->40->119->185->8->165->39->138->32->3->178->106->52",4
TSPA,RegretCycle,33,20260355,166,33007,26791,32298,6216,outputs\runs\regret_cycle\TSPA\run_033.txt,"151->45->162->161->133->63->94->130->12->124->111->167->148->37->33->9->62->61->102->49->178->3->32->138->14->155->144->132->21->7->164->58->71->27->107->90->39->165->8->185->119->40->169->196->174->187->81->17->157->31->13->85->188->56->113->171->88->16->78->168->145->179->91->52->55->57->92->82->44->120->2->87->125->74->152->97->1->150->101->100->26->19->189->99->121->182->136->53->158->180->173->6->194->127->29->156->24->149->131->47->65->116->105->77->166->28->184->11->84->4->190->10->177->104->147->54->30->48->160->192->42->5->96->115->59->118->72->51->109->60->46->198->139->191->110->41->193->159->195->103->146->22->20->18->69->108->67->163->36->140->93->117->170->0->153->183->89->83->114->64->186->23->137->141->66->176",4
TSPA,RegretCycle,34,20260356,164,33278,27641,32839,5637,outputs\runs\regret_cycle\TSPA\run_034.txt,"8->185->119->40->169->196->91->179->145->168->78->16->88->171->113->56->13->31->85->188->157->17->81->187->174->90->107->27->71->58->164->7->21->132->144->155->49->102->62->9->61->15->64->114->186->23->76->89->183->153->0->170->117->93->140->68->46->60->109->51->141->66->176->12->130->124->94->63->133->151->72->118->59->115->198->139->110->191->41->193->159->163->67->108->69->18->20->22->146->103->181->192->160->48->30->54->147->104->177->10->190->184->28->42->5->96->43->77->105->116->65->47->149->131->166->11->84->4->112->126->156->29->24->161->194->6->173->180->158->53->136->182->121->99->189->19->152->74->1->97->26->100->101->150->87->2->120->44->82->92->57->55->52->167->111->148->37->33->178->3->32->138->39->165",4
TSPA,RegretCycle,35,20260357,157,31870,25516,32726,6354,outputs\runs\regret_cycle\TSPA\run_035.txt,"34->103->146->22->20->18->69->108->163->67->36->140->93->117->170->0->153->183->89->76->23->186->114->64->15->61->62->9->37->33->102->49->178->3->32->138->14->155->144->132->21->7->164->58->71->27->107->90->39->165->8->185->119->40->91->179->196->169->174->187->81->17->157->31->13->85->188->56->113->171->88->16->168->145->78->25->44->120->82->2->150->101->100->26->97->1->152->74->125->87->167->111->124->12->130->94->189->19->99->121->182->136->53->158->180->173->6->194->161->24->29->156->126->112->4->84->11->184->28->166->131->149->47->65->105->77->116->59->118->72->66->141->51->109->60->46->198->139->191->110->142->159->193->41->96->5->42->192->160->48->147->104->190->10->177->54->30",4
TSPA,RegretCycle,36,20260358,167,33201,26968,31826,6233,outputs\runs\regret_cycle\TSPA\run_036.txt,"157->168->78->145->91->179->92->82->44->120->2->87->125->74->152->97->1->101->150->100->26->19->189->99->121->182->136->53->158->180->173->6->194->123->24->149->131->47->65->116->105->77->166->28->184->11->35->126->29->156->112->4->190->10->177->104->147->54->30->48->160->192->181->103->146->22->20->18->69->108->67->163->36->140->93->117->170->0->68->46->198->139->191->110->142->159->193->41->96->197->59->118->72->51->109->60->141->66->176->151->45->162->161->133->63->94->124->130->12->137->23->76->183->89->83->114->64->15->61->62->9->33->37->148->111->167->128->55->52->106->178->3->32->138->49->102->155->144->132->21->7->164->58->71->27->107->90->39->165->8->185->119->40->169->196->174->187->81->98->188->56->113->171->88->16->13->31",4
TSPA,RegretCycle,37,20260359,166,33178,27591,33007,5587,outputs\runs\regret_cycle\TSPA\run_037.txt,"183->153->0->170->117->93->140->36->163->67->108->69->18->20->22->146->103->181->192->160->48->30->54->147->104->177->10->190->4->84->11->184->28->166->77->43->42->5->96->41->193->159->142->191->139->110->68->46->198->115->116->105->65->47->131->149->24->156->29->127->194->6->173->180->158->53->136->182->121->99->189->19->26->100->101->150->1->97->152->74->125->87->2->82->120->44->25->78->145->168->16->88->171->113->56->188->85->13->31->157->17->196->169->81->187->174->90->107->27->71->58->164->7->21->132->144->155->14->32->3->178->138->39->165->8->119->40->185->91->179->55->52->167->128->49->102->62->9->61->64->114->15->33->37->148->111->12->130->124->94->63->133->151->72->59->118->60->141->109->51->66->176->137->23->76->89",4
TSPA,RegretCycle,38,20260360,161,32558,26430,32650,6128,outputs\runs\regret_cycle\TSPA\run_038.txt,"110->198->46->68->163->69->108->67->36->140->93->117->170->0->153->183->89->76->23->186->114->64->73->132->144->155->61->9->62->102->49->178->3->32->138->21->7->164->58->71->27->107->90->39->165->8->185->119->40->174->187->81->169->196->17->157->31->13->85->188->56->113->171->88->16->168->91->179->145->78->25->44->120->82->92->57->55->52->167->33->37->148->111->152->74->125->87->1->101->150->100->26->97->19->189->99->121->182->136->53->158->180->173->6->194->161->162->133->63->94->124->130->12->176->66->141->60->118->109->51->72->59->116->105->65->47->77->166->28->184->11->131->149->24->29->156->126->112->4->190->10->177->104->147->54->30->48->160->192->42->5->96->181->103->146->22->159->193->41->139->191",4
TSPA,RegretCycle,39,20260361,161,32517,26637,32588,5880,outputs\runs\regret_cycle\TSPA\run_039.txt,"136->63->94->130->12->124->111->167->128->52->55->57->92->82->120->44->25->16->88->171->113->56->188->85->13->31->78->145->168->157->17->81->187->174->169->196->91->179->185->40->119->8->165->39->90->107->27->71->58->164->7->21->132->144->155->14->138->32->3->178->49->102->61->62->9->33->37->148->15->64->114->186->23->76->89->183->153->0->170->117->93->140->36->163->67->108->69->18->20->22->146->103->34->30->54->147->48->160->192->42->5->96->41->193->115->198->139->191->110->68->46->60->109->51->141->66->72->118->59->116->105->77->47->65->149->131->166->28->184->11->177->10->190->4->112->126->156->29->24->161->194->6->173->180->158->53->100->26->101->150->87->125->74->152->1->97->19->189->99->121->182",4
TSPA,RegretCycle,40,20260362,164,32430,25829,32118,6601,outputs\runs\regret_cycle\TSPA\run_040.txt,"59->72->162->161->24->149->131->47->65->116->105->77->166->28->184->11->84->4->112->126->156->29->127->194->6->173->180->158->53->136->182->63->12->130->124->94->19->189->99->121->100->26->150->101->1->87->125->74->152->167->111->148->37->33->9->62->61->102->49->32->3->178->106->52->55->57->92->82->120->44->25->78->145->179->91->168->16->88->171->113->56->188->85->13->31->157->17->196->169->81->187->174->119->40->185->8->165->39->90->107->27->71->58->164->7->21->138->14->155->144->132->73->64->114->186->23->76->89->183->153->0->170->117->93->140->36->163->67->108->69->18->20->22->146->103->34->30->54->177->10->190->104->147->48->160->192->42->5->96->41->193->159->142->110->191->139->198->46->60->141->66->51->109->118",5
TSPA,RegretCycle,41,20260363,168,33123,27518,32598,5605,outputs\runs\regret_cycle\TSPA\run_041.txt,"85->13->31->157->17->81->187->174->169->196->91->179->92->172->167->111->148->37->33->128->55->52->106->178->3->32->138->8->185->40->119->165->39->90->107->27->71->58->164->7->21->132->144->155->49->102->62->9->61->15->64->114->83->89->183->76->23->137->12->130->124->94->80->176->66->141->109->51->151->161->162->72->59->118->60->46->198->139->191->110->68->0->170->117->93->140->36->163->67->108->69->18->199->41->193->159->22->146->103->181->96->5->42->192->160->48->30->54->147->104->177->10->190->4->112->156->29->126->35->11->184->28->166->77->105->116->65->47->131->149->24->123->194->6->173->180->158->53->136->182->121->99->100->26->150->101->1->97->189->19->152->74->125->87->2->82->120->44->25->78->145->168->16->88->171->113->56->188",3
TSPA,RegretCycle,42,20260364,164,32905,26965,32705,5940,outputs\runs\regret_cycle\TSPA\run_042.txt,"13->31->168->91->179->145->78->25->44->120->82->92->57->55->52->106->178->3->33->37->148->111->167->87->125->74->152->97->1->101->150->100->26->19->189->99->121->182->136->53->158->180->173->6->194->161->24->29->156->126->112->4->190->10->177->104->147->184->11->166->28->192->160->48->54->30->34->103->146->22->20->18->69->108->67->163->36->140->93->117->170->0->68->46->198->139->191->110->142->159->193->41->96->5->42->43->77->131->149->47->65->105->116->59->118->72->51->109->60->141->66->176->80->94->124->130->12->137->23->76->183->89->83->114->64->15->61->9->62->102->49->32->138->14->155->144->132->21->7->164->58->71->27->107->90->39->165->8->185->119->40->169->174->187->81->196->17->157->188->56->113->171->88->16",3
TSPA,RegretCycle,43,20260365,167,33201,26968,31826,6233,outputs\runs\regret_cycle\TSPA\run_043.txt,"157->168->78->145->91->179->92->82->44->120->2->87->125->74->152->97->1->101->150->100->26->19->189->99->121->182->136->53->158->180->173->6->194->123->24->149->131->47->65->116->105->77->166->28->184->11->35->126->29->156->112->4->190->10->177->104->147->54->30->48->160->192->181->103->146->22->20->18->69->108->67->163->36->140->93->117->170->0->68->46->198->139->191->110->142->159->193->41->96->197->59->118->72->51->109->60->141->66->176->151->45->162->161->133->63->94->124->130->12->137->23->76->183->89->83->114->64->15->61->62->9->33->37->148->111->167->128->55->52->106->178->3->32->138->49->102->155->144->132->21->7->164->58->71->27->107->90->39->165->8->185->119->40->169->196->174->187->81->98->188->56->113->171->88->16->13->31",4
TSPA,RegretCycle,44,20260366,168,33282,27404,32053,5878,outputs\runs\regret_cycle\TSPA\run_044.txt,"161->24->112->126->156->29->127->194->6->173->180->158->53->136->182->121->99->100->26->101->150->87->125->74->152->1->97->19->189->94->130->12->124->111->148->37->33->167->52->55->57->92->82->120->44->25->78->145->179->91->168->16->88->171->113->56->188->85->13->31->157->17->196->169->81->187->174->119->40->185->8->165->39->90->107->27->71->58->164->7->21->138->32->3->178->49->102->62->9->61->155->144->132->73->64->114->186->23->76->89->183->153->0->170->117->93->140->36->163->67->108->69->18->20->22->146->103->181->192->160->48->30->54->147->104->177->10->190->4->84->11->184->28->166->77->43->42->5->96->41->193->159->142->191->139->110->68->46->198->115->116->105->65->47->131->149->59->118->72->51->109->60->141->66->176->80->133->162",5
TSPA,RegretCycle,45,20260367,165,33159,26507,32367,6652,outputs\runs\regret_cycle\TSPA\run_045.txt,"187->174->169->40->119->185->8->165->39->90->107->27->71->58->164->7->21->132->144->155->102->49->138->32->3->178->106->52->55->128->167->111->124->94->130->12->148->37->33->9->62->61->15->64->114->83->89->183->143->170->0->153->76->23->137->176->66->141->51->109->72->59->118->60->46->198->115->116->105->65->47->149->131->11->184->28->166->77->43->42->5->96->41->193->159->142->191->139->110->68->93->140->36->163->67->108->69->18->20->22->146->103->181->192->160->48->30->54->147->104->177->10->190->4->112->126->156->29->24->161->194->6->173->180->158->53->136->182->121->99->100->26->150->101->1->97->189->19->152->74->125->87->2->120->44->82->92->179->91->145->168->78->16->88->171->113->56->188->85->13->31->157->17->196->81",4
TSPA,RegretCycle,46,20260368,163,32629,26290,32477,6339,outputs\runs\regret_cycle\TSPA\run_046.txt,"87->125->74->152->19->189->99->121->182->136->63->94->130->12->124->111->167->148->37->33->9->62->61->102->49->144->155->14->138->32->3->178->106->52->55->91->179->92->82->120->44->25->78->145->168->16->88->171->113->56->188->85->13->31->157->17->196->169->81->187->174->40->119->185->8->165->39->90->107->27->71->58->164->7->21->132->73->64->114->186->23->89->183->76->137->176->66->141->60->109->51->151->161->162->72->118->59->115->191->110->139->198->46->68->0->170->117->93->140->36->67->163->108->69->18->199->41->193->159->195->146->103->181->192->160->48->30->54->147->104->177->10->190->4->112->156->29->126->35->11->184->28->166->77->105->116->65->47->131->149->24->123->194->6->173->180->158->53->100->26->150->101->1",3
TSPA,RegretCycle,47,20260369,164,33016,26712,32244,6304,outputs\runs\regret_cycle\TSPA\run_047.txt,"123->127->70->6->194->161->162->72->59->118->60->109->51->141->66->176->80->133->173->180->158->53->136->182->121->99->100->26->97->1->101->150->87->125->74->152->19->189->94->130->12->124->111->167->128->52->55->179->91->145->168->78->82->120->44->25->16->88->171->113->50->188->56->13->31->157->17->196->81->187->174->169->40->119->185->8->165->39->90->107->27->71->58->164->7->21->138->32->3->178->49->102->33->37->9->62->61->155->144->132->73->64->114->186->23->76->89->183->153->0->170->117->93->140->68->46->198->139->110->191->41->193->159->163->67->108->69->18->20->22->146->103->181->192->160->48->30->54->147->104->177->10->190->4->112->156->29->126->35->11->166->184->28->42->5->96->116->105->65->47->77->131->149->24",4
TSPA,RegretCycle,48,20260370,164,32960,26750,32255,6210,outputs\runs\regret_cycle\TSPA\run_048.txt,"46->60->118->59->109->51->72->162->161->133->80->176->66->141->0->170->143->183->89->76->23->186->114->64->15->61->9->62->102->49->178->3->32->138->14->155->144->132->21->7->164->58->71->27->107->90->39->165->8->185->119->40->169->174->187->81->196->17->157->31->13->85->188->56->113->171->88->16->25->44->120->82->78->168->145->91->179->55->52->167->33->37->148->111->124->12->130->94->189->19->152->74->125->87->150->101->1->97->26->100->99->121->182->136->53->158->180->173->6->194->123->24->29->156->126->112->4->190->10->177->104->147->54->30->48->160->192->181->103->146->22->20->18->69->108->67->163->36->140->93->68->110->139->191->142->159->193->41->96->5->42->28->184->11->166->131->149->77->47->65->105->116->115->198",4
TSPA,RegretCycle,49,20260371,164,32430,25829,32118,6601,outputs\runs\regret_cycle\TSPA\run_049.txt,"72->162->161->24->149->131->47->65->116->105->77->166->28->184->11->84->4->112->126->156->29->127->194->6->173->180->158->53->136->182->63->12->130->124->94->19->189->99->121->100->26->150->101->1->87->125->74->152->167->111->148->37->33->9->62->61->102->49->32->3->178->106->52->55->57->92->82->120->44->25->78->145->179->91->168->16->88->171->113->56->188->85->13->31->157->17->196->169->81->187->174->119->40->185->8->165->39->90->107->27->71->58->164->7->21->138->14->155->144->132->73->64->114->186->23->76->89->183->153->0->170->117->93->140->36->163->67->108->69->18->20->22->146->103->34->30->54->177->10->190->104->147->48->160->192->42->5->96->41->193->159->142->110->191->139->198->46->60->141->66->51->109->118->59",4
TSPA,RegretCycle,50,20260372,163,32693,26223,32414,6470,outputs\runs\regret_cycle\TSPA\run_050.txt,"199->41->193->159->22->146->103->181->192->160->48->30->54->147->104->177->10->190->4->112->156->29->126->35->11->184->28->166->77->105->116->65->47->131->149->24->161->194->6->173->180->158->53->136->182->121->99->189->19->26->100->150->101->1->97->152->74->125->87->2->82->120->44->25->78->145->168->16->88->171->113->56->188->85->13->31->157->17->196->169->81->187->174->90->107->27->71->58->164->7->95->39->165->119->40->185->8->138->32->3->178->106->52->55->91->179->92->172->167->111->148->37->33->9->62->61->102->49->155->144->132->73->64->114->186->23->76->89->183->143->170->0->60->109->51->141->66->176->12->130->124->94->63->133->151->72->118->59->115->191->110->139->198->46->68->93->140->36->163->67->108->69->18",5
TSPA,RegretCycle,51,20260373,164,32839,27324,32900,5515,outputs\runs\regret_cycle\TSPA\run_051.txt,"25->78->145->168->16->88->171->113->56->188->85->13->31->157->17->81->187->174->169->196->91->179->185->40->119->8->165->39->90->107->27->71->58->164->7->21->138->32->3->178->49->102->62->9->61->155->144->132->73->64->114->186->23->76->89->183->153->0->170->117->46->60->118->59->149->131->11->184->28->166->77->105->47->65->116->96->41->193->159->142->191->139->110->68->93->140->36->163->67->108->69->18->20->22->146->103->181->192->160->48->30->54->147->104->177->10->190->4->112->126->156->29->24->123->127->70->6->194->161->162->72->109->51->141->66->176->80->63->173->180->158->53->136->182->121->99->100->26->150->101->1->87->125->74->152->19->189->94->124->130->12->148->37->33->111->167->128->52->55->57->92->82->120->44",4
TSPA,RegretCycle,52,20260374,164,33129,26478,31604,6651,outputs\runs\regret_cycle\TSPA\run_052.txt,"9->62->61->15->64->114->186->23->76->89->183->153->0->170->117->93->140->36->163->67->108->69->18->20->22->146->103->181->192->160->48->30->54->147->104->177->10->190->4->112->126->156->29->24->149->131->11->184->28->166->77->47->65->116->105->43->42->5->96->41->193->159->142->191->139->110->68->46->198->115->59->118->72->51->109->60->141->66->176->12->130->124->94->63->133->162->161->194->6->173->180->158->53->136->182->121->99->189->19->152->74->97->1->101->26->100->150->87->2->82->120->44->25->78->145->168->16->88->171->113->56->188->85->13->31->157->17->81->187->174->169->196->91->179->185->40->119->8->165->39->90->107->27->71->58->164->7->21->132->144->155->102->49->138->32->3->178->106->52->55->167->111->33->37",4
TSPA,RegretCycle,53,20260375,165,33159,26507,32367,6652,outputs\runs\regret_cycle\TSPA\run_053.txt,"174->169->40->119->185->8->165->39->90->107->27->71->58->164->7->21->132->144->155->102->49->138->32->3->178->106->52->55->128->167->111->124->94->130->12->148->37->33->9->62->61->15->64->114->83->89->183->143->170->0->153->76->23->137->176->66->141->51->109->72->59->118->60->46->198->115->116->105->65->47->149->131->11->184->28->166->77->43->42->5->96->41->193->159->142->191->139->110->68->93->140->36->163->67->108->69->18->20->22->146->103->181->192->160->48->30->54->147->104->177->10->190->4->112->126->156->29->24->161->194->6->173->180->158->53->136->182->121->99->100->26->150->101->1->97->189->19->152->74->125->87->2->120->44->82->92->179->91->145->168->78->16->88->171->113->56->188->85->13->31->157->17->196->81->187",4
TSPA,RegretCycle,54,20260376,163,32782,25422,31515,7360,outputs\runs\regret_cycle\TSPA\run_054.txt,"102->155->144->132->21->7->164->58->71->27->107->90->39->165->8->185->119->40->169->174->187->81->196->17->157->31->13->85->188->56->113->171->88->16->168->91->179->145->78->25->44->120->82->2->87->125->74->152->97->1->150->101->100->26->19->189->99->121->182->136->53->158->180->173->6->194->161->162->133->80->176->66->141->51->109->72->59->118->60->46->68->110->191->139->198->115->193->41->96->5->42->28->184->11->166->77->105->116->65->47->131->149->24->29->156->126->112->4->190->10->177->104->147->54->30->48->160->192->181->103->146->22->20->18->69->108->67->163->36->140->93->117->170->0->153->183->89->76->23->186->114->64->15->61->62->9->33->37->148->12->130->94->124->111->167->55->52->106->178->3->32->138->49",4
TSPA,RegretCycle,55,20260377,168,33131,26910,32026,6221,outputs\runs\regret_cycle\TSPA\run_055.txt,"29->156->126->112->4->84->11->166->28->184->190->10->177->104->147->54->30->48->160->192->181->103->146->22->20->18->69->108->67->163->36->140->93->117->170->0->153->183->89->76->23->186->114->64->73->132->144->155->61->9->62->102->49->32->138->21->7->164->58->71->27->107->90->39->165->8->119->40->185->106->3->178->52->55->128->33->37->148->111->167->172->92->78->168->145->179->91->196->169->174->187->81->17->157->31->13->56->188->50->113->171->88->16->25->44->120->82->2->87->125->74->152->97->1->101->150->100->26->19->189->99->121->182->136->53->158->180->173->6->194->161->162->133->63->94->124->130->12->176->66->141->51->109->72->59->118->60->46->68->110->191->139->198->115->193->41->96->5->42->43->77->105->116->65->47->131->149->24",4
TSPA,RegretCycle,56,20260378,166,33156,26658,31784,6498,outputs\runs\regret_cycle\TSPA\run_056.txt,"188->157->17->81->187->174->169->196->91->179->185->40->119->8->165->39->90->107->27->71->58->164->7->21->132->73->64->114->186->23->76->89->183->143->170->0->46->198->115->59->72->118->60->109->51->141->66->176->80->133->162->161->24->149->131->47->65->116->105->77->166->11->184->28->42->5->96->41->193->159->142->191->139->110->68->93->140->36->163->67->108->69->18->20->22->146->103->181->192->160->48->30->54->147->104->177->10->190->4->112->126->156->29->127->194->6->173->180->158->53->136->182->121->99->189->19->26->100->150->101->1->97->152->74->125->87->167->111->124->94->130->12->148->37->33->9->62->61->102->49->144->155->14->138->32->3->178->106->52->55->57->92->82->120->44->25->78->145->168->31->13->16->88->171->113->56",3
TSPA,RegretCycle,57,20260379,166,33178,27591,33007,5587,outputs\runs\regret_cycle\TSPA\run_057.txt,"76->23->137->176->66->51->109->141->60->118->59->72->151->133->63->94->124->130->12->111->148->37->33->15->114->64->61->9->62->102->49->128->167->52->55->179->91->185->40->119->8->165->39->138->178->3->32->14->155->144->132->21->7->164->58->71->27->107->90->174->187->81->169->196->17->157->31->13->85->188->56->113->171->88->16->168->145->78->25->44->120->82->2->87->125->74->152->97->1->150->101->100->26->19->189->99->121->182->136->53->158->180->173->6->194->127->29->156->24->149->131->47->65->105->116->115->198->46->68->110->139->191->142->159->193->41->96->5->42->43->77->166->28->184->11->84->4->190->10->177->104->147->54->30->48->160->192->181->103->146->22->20->18->69->108->67->163->36->140->93->117->170->0->153->183->89",3
TSPA,RegretCycle,58,20260380,165,32828,27248,33120,5580,outputs\runs\regret_cycle\TSPA\run_058.txt,"4->112->126->156->29->24->161->194->6->173->180->158->53->100->26->150->101->1->97->152->74->125->87->172->3->178->106->52->55->57->92->82->120->44->25->78->145->179->91->168->16->88->171->113->56->188->85->13->31->157->17->196->169->81->187->174->119->40->185->8->165->39->90->107->27->71->58->164->7->21->138->32->49->102->155->144->132->73->64->114->83->89->183->76->23->186->15->61->62->9->33->37->148->167->111->124->12->130->94->19->189->99->121->182->136->63->80->176->66->51->109->141->60->118->72->59->115->198->46->68->0->170->117->93->140->36->163->67->108->69->18->199->110->139->191->41->193->159->22->146->103->181->192->160->42->5->96->43->77->105->116->65->47->149->131->166->28->184->104->147->54->30->177->10->190",4
TSPA,RegretCycle,59,20260381,166,33180,27163,32047,6017,outputs\runs\regret_cycle\TSPA\run_059.txt,"29->127->194->6->173->180->158->53->136->182->121->99->189->19->26->100->150->101->1->97->152->74->125->87->172->52->55->57->92->82->120->44->25->78->145->179->91->168->16->88->171->113->56->188->85->13->31->157->17->196->81->187->174->169->40->119->185->8->165->39->90->107->27->71->58->164->7->21->138->32->3->178->49->102->155->144->132->73->64->114->15->61->62->9->33->37->148->167->111->124->94->130->12->63->133->162->161->24->149->131->47->65->116->105->77->166->11->184->28->42->5->96->41->193->159->142->110->191->139->198->46->115->59->118->72->51->109->60->141->66->176->137->23->89->183->153->0->170->117->93->140->36->163->67->108->69->18->20->22->146->103->181->192->160->48->30->54->147->104->177->10->190->4->112->126->156",6
TSPA,RegretCycle,60,20260382,168,33167,27721,32825,5446,outputs\runs\regret_cycle\TSPA\run_060.txt,"143->170->0->117->93->140->36->163->67->108->69->18->199->159->193->41->191->139->110->68->46->198->115->60->141->66->51->109->72->118->59->116->65->47->105->77->43->96->5->42->192->181->146->103->160->48->30->54->147->104->177->10->190->4->112->156->29->126->35->11->184->28->166->131->149->24->123->127->70->6->194->161->162->133->173->180->158->53->136->182->121->99->189->19->94->130->12->124->111->148->37->33->167->128->3->178->106->52->55->172->87->125->74->152->1->97->26->100->101->150->2->82->120->44->25->78->145->168->16->88->171->113->56->188->85->13->31->157->17->81->187->174->169->196->91->179->185->40->119->8->165->39->90->107->27->71->58->164->7->21->138->32->49->102->62->9->61->155->144->132->73->64->114->186->23->76->89->183",5
TSPA,RegretCycle,61,20260383,163,32616,26585,32375,6031,outputs\runs\regret_cycle\TSPA\run_061.txt,"178->106->185->40->119->8->165->39->95->7->164->58->71->27->107->90->174->169->196->187->81->17->157->31->13->85->188->56->113->171->88->16->168->91->179->145->78->25->44->120->82->92->57->55->52->167->33->37->148->111->124->12->130->94->19->26->101->150->87->125->74->152->1->97->100->99->121->182->136->53->158->180->173->6->194->133->80->176->66->141->51->109->60->118->72->59->115->96->5->42->43->105->116->65->47->77->131->149->24->29->156->126->112->4->84->11->166->28->184->190->10->177->104->147->54->30->48->160->192->181->103->146->22->20->18->69->108->67->163->159->193->41->191->110->139->198->46->68->140->93->117->170->0->153->183->89->76->23->186->114->64->73->132->144->155->61->9->62->102->49->138->32->3",4
TSPA,RegretCycle,62,20260384,170,33583,28014,32466,5569,outputs\runs\regret_cycle\TSPA\run_062.txt,"124->130->12->148->37->33->111->167->87->125->74->152->19->189->99->121->100->26->97->1->101->150->2->82->120->44->25->16->88->171->113->56->188->85->13->31->157->168->78->145->92->57->55->52->179->91->169->196->81->187->174->119->40->185->8->165->39->90->107->27->71->58->164->7->21->132->144->155->14->138->32->3->178->49->102->62->9->61->15->64->114->83->89->183->76->23->137->176->66->141->60->109->51->72->118->59->115->198->46->68->0->170->117->93->140->36->163->67->108->69->18->199->110->139->191->41->193->159->22->146->103->181->96->5->42->192->160->48->30->54->147->104->177->10->190->4->112->156->29->126->35->11->184->28->166->77->105->116->65->47->131->149->24->123->194->6->173->180->158->53->136->182->63->133->161->162->45->151->80->94",4
TSPA,RegretCycle,63,20260385,164,32550,25804,31851,6746,outputs\runs\regret_cycle\TSPA\run_063.txt,"149->47->65->116->105->43->42->5->96->41->193->191->139->110->68->46->198->115->59->118->72->51->109->60->141->66->176->80->133->162->161->24->112->126->156->29->127->194->6->173->180->158->53->136->182->121->99->189->19->26->100->150->101->1->97->152->74->125->87->2->82->120->44->25->16->88->171->113->56->188->85->13->31->157->168->78->145->179->91->169->196->81->187->174->119->40->185->8->165->90->107->27->58->164->7->21->132->144->155->14->138->32->3->178->106->52->55->128->167->111->124->94->130->12->148->37->33->9->62->61->15->64->114->186->23->76->89->183->153->0->170->117->93->140->36->67->163->108->69->18->199->159->195->146->103->181->192->160->48->30->54->147->104->177->10->190->4->84->11->184->28->166->77->131",5
TSPA,RegretCycle,64,20260386,164,32430,25829,32118,6601,outputs\runs\regret_cycle\TSPA\run_064.txt,"72->162->161->24->149->131->47->65->116->105->77->166->28->184->11->84->4->112->126->156->29->127->194->6->173->180->158->53->136->182->63->12->130->124->94->19->189->99->121->100->26->150->101->1->87->125->74->152->167->111->148->37->33->9->62->61->102->49->32->3->178->106->52->55->57->92->82->120->44->25->78->145->179->91->168->16->88->171->113->56->188->85->13->31->157->17->196->169->81->187->174->119->40->185->8->165->39->90->107->27->71->58->164->7->21->138->14->155->144->132->73->64->114->186->23->76->89->183->153->0->170->117->93->140->36->163->67->108->69->18->20->22->146->103->34->30->54->177->10->190->104->147->48->160->192->42->5->96->41->193->159->142->110->191->139->198->46->60->141->66->51->109->118->59",4
TSPA,RegretCycle,65,20260387,165,32796,25700,31454,7096,outputs\runs\regret_cycle\TSPA\run_065.txt,"196->17->157->31->13->85->188->56->113->171->88->16->168->145->78->25->44->120->82->2->87->125->74->152->97->1->101->150->100->26->19->189->99->121->182->136->53->158->180->173->6->194->161->162->133->63->94->124->130->12->176->66->141->51->109->72->59->118->60->46->198->139->191->110->142->159->193->41->96->5->42->28->184->11->166->77->105->116->65->47->131->149->24->29->156->126->112->4->190->10->177->104->147->54->30->48->160->192->181->103->146->22->20->18->69->108->67->163->36->140->93->117->170->0->153->183->89->76->23->186->114->64->15->61->62->9->33->37->148->111->167->172->92->179->91->55->52->106->178->3->32->138->49->102->155->144->132->21->7->164->58->71->27->107->90->39->165->8->185->119->40->169->174->187->81",3
TSPA,RegretCycle,66,20260388,155,31875,25119,32716,6756,outputs\runs\regret_cycle\TSPA\run_066.txt,"26->97->152->74->125->87->1->101->150->2->82->120->44->25->16->88->171->113->56->188->85->13->31->157->168->78->145->91->179->55->52->167->111->124->94->130->12->148->37->33->9->62->102->49->178->3->32->138->8->165->119->40->185->169->196->81->187->174->90->107->27->71->58->164->7->21->132->144->155->61->15->64->114->186->23->76->89->183->153->0->170->117->93->140->36->163->67->108->69->18->20->22->146->103->195->159->193->41->191->139->110->68->46->60->141->66->51->72->118->59->115->96->5->42->43->77->105->116->65->47->149->131->11->166->28->184->160->48->30->54->147->104->177->10->190->4->112->126->156->29->24->161->194->6->173->180->158->53->136->182->121->99->189->19->100",4
TSPA,RegretCycle,67,20260389,168,33196,27420,32336,5776,outputs\runs\regret_cycle\TSPA\run_067.txt,"51->141->66->176->151->45->162->161->133->63->94->124->130->12->137->23->76->183->89->83->114->64->73->132->21->7->164->58->71->27->107->90->39->165->119->40->185->8->138->32->3->178->49->102->155->144->61->62->9->33->37->148->111->167->128->52->55->179->91->196->169->174->187->81->17->157->31->13->85->188->56->113->171->88->16->168->145->78->25->44->120->82->2->87->125->74->152->97->1->101->150->100->26->19->189->99->121->182->136->53->158->180->173->6->194->123->24->29->156->126->112->4->190->10->177->104->147->54->30->48->184->11->166->28->160->192->181->103->146->22->20->18->69->108->67->163->36->140->93->117->170->0->68->46->198->139->191->110->142->159->193->41->96->5->42->43->77->131->149->47->65->105->116->59->72->118->60->109",5
TSPA,RegretCycle,68,20260390,172,33729,28130,32416,5599,outputs\runs\regret_cycle\TSPA\run_068.txt,"113->56->188->85->13->31->157->17->196->169->81->187->174->119->40->185->8->165->39->90->107->27->71->58->164->7->21->132->144->155->102->49->138->32->3->178->106->52->55->91->179->92->172->167->111->148->37->33->9->62->61->15->64->114->83->89->183->143->170->0->153->76->23->137->176->66->141->51->109->72->59->118->60->46->198->115->116->105->65->47->149->131->11->184->28->166->77->43->42->5->96->41->193->159->142->191->139->110->68->93->140->36->163->67->108->69->18->20->22->146->103->181->192->160->48->30->54->147->104->177->10->190->4->112->126->156->29->24->161->162->45->151->80->12->130->124->94->63->133->194->6->173->180->158->53->136->182->121->99->100->26->150->101->1->97->189->19->152->74->125->87->2->82->120->44->25->78->145->168->16->88->171",4
TSPA,RegretCycle,69,20260391,162,32136,26040,32854,6096,outputs\runs\regret_cycle\TSPA\run_069.txt,"0->117->93->140->36->67->163->108->69->18->199->159->193->41->191->139->110->68->46->60->141->66->51->109->72->59->118->116->105->65->47->77->131->149->24->35->11->166->184->28->43->96->5->42->192->181->146->103->160->48->30->54->147->104->177->10->190->4->112->126->156->29->127->194->6->173->180->158->53->136->182->121->99->189->19->26->100->101->150->1->97->152->74->125->87->2->82->120->44->25->16->88->171->113->56->188->85->13->31->157->17->81->187->174->169->196->91->179->145->168->78->92->172->167->111->124->94->130->12->148->37->33->128->55->52->106->178->3->32->138->8->185->40->119->165->39->90->107->27->71->58->164->7->21->132->144->155->49->102->62->9->61->15->64->114->186->23->76->89->183->143->170",3
TSPA,RegretCycle,70,20260392,166,33099,27270,33144,5829,outputs\runs\regret_cycle\TSPA\run_070.txt,"128->3->178->106->52->55->91->179->92->129->87->2->82->120->44->25->78->145->168->16->88->171->113->56->188->85->13->31->157->17->196->169->81->187->174->119->40->185->8->165->39->90->107->27->71->58->164->7->21->132->144->155->14->138->32->49->102->62->9->61->15->64->114->186->23->76->89->183->153->0->170->117->93->140->68->46->198->139->110->191->41->193->159->163->67->108->69->18->20->22->146->103->181->96->5->42->43->105->116->65->47->77->166->11->184->28->192->160->48->30->54->147->104->177->10->190->4->112->126->156->29->24->131->149->161->162->72->59->118->109->51->60->141->66->176->80->133->194->6->173->180->158->53->136->182->150->101->1->74->152->97->26->100->121->99->189->19->94->124->130->12->148->37->33->111->167",4
TSPA,RegretCycle,71,20260393,168,33167,27721,32825,5446,outputs\runs\regret_cycle\TSPA\run_071.txt,"143->170->0->117->93->140->36->163->67->108->69->18->199->159->193->41->191->139->110->68->46->198->115->60->141->66->51->109->72->118->59->116->65->47->105->77->43->96->5->42->192->181->146->103->160->48->30->54->147->104->177->10->190->4->112->156->29->126->35->11->184->28->166->131->149->24->123->127->70->6->194->161->162->133->173->180->158->53->136->182->121->99->189->19->94->130->12->124->111->148->37->33->167->128->3->178->106->52->55->172->87->125->74->152->1->97->26->100->101->150->2->82->120->44->25->78->145->168->16->88->171->113->56->188->85->13->31->157->17->81->187->174->169->196->91->179->185->40->119->8->165->39->90->107->27->71->58->164->7->21->138->32->49->102->62->9->61->155->144->132->73->64->114->186->23->76->89->183",5
TSPA,RegretCycle,72,20260394,165,33157,26856,31977,6301,outputs\runs\regret_cycle\TSPA\run_072.txt,"77->47->65->149->131->166->11->28->184->147->104->177->10->190->4->112->126->156->29->24->123->194->6->173->180->158->53->136->182->121->99->100->26->150->101->1->87->125->74->152->19->189->94->63->133->161->162->72->59->118->60->109->51->141->66->176->12->130->124->111->167->128->52->55->179->91->145->168->78->82->120->44->25->16->88->171->113->56->188->85->13->31->157->17->196->169->81->187->174->119->40->185->8->165->39->90->107->27->71->58->164->7->21->132->144->155->14->138->32->3->178->49->102->61->62->9->33->37->148->15->64->114->186->23->76->89->183->153->0->170->117->93->140->36->163->67->108->69->18->20->22->146->103->34->30->54->48->160->192->42->5->96->41->193->159->142->191->139->110->68->46->198->115->116->105",4
TSPA,RegretCycle,73,20260395,163,32782,25422,31515,7360,outputs\runs\regret_cycle\TSPA\run_073.txt,"102->155->144->132->21->7->164->58->71->27->107->90->39->165->8->185->119->40->169->174->187->81->196->17->157->31->13->85->188->56->113->171->88->16->168->91->179->145->78->25->44->120->82->2->87->125->74->152->97->1->150->101->100->26->19->189->99->121->182->136->53->158->180->173->6->194->161->162->133->80->176->66->141->51->109->72->59->118->60->46->68->110->191->139->198->115->193->41->96->5->42->28->184->11->166->77->105->116->65->47->131->149->24->29->156->126->112->4->190->10->177->104->147->54->30->48->160->192->181->103->146->22->20->18->69->108->67->163->36->140->93->117->170->0->153->183->89->76->23->186->114->64->15->61->62->9->33->37->148->12->130->94->124->111->167->55->52->106->178->3->32->138->49",3
TSPA,RegretCycle,74,20260396,166,33079,27087,32533,5992,outputs\runs\regret_cycle\TSPA\run_074.txt,"30->48->160->192->181->103->146->195->159->193->41->199->18->69->108->67->163->36->140->93->68->110->191->139->198->115->59->118->109->51->72->151->133->63->94->124->130->12->176->66->141->60->46->0->170->143->183->89->76->23->186->114->64->15->148->37->33->9->62->61->102->49->178->3->32->138->14->155->144->132->21->7->164->58->71->27->107->90->39->165->8->185->119->40->169->174->187->81->196->17->157->31->13->85->188->56->113->171->88->16->168->91->179->145->78->25->44->120->82->92->57->55->52->128->167->111->152->74->125->87->150->101->1->97->26->100->19->189->99->121->182->136->53->158->180->173->6->194->161->24->149->131->77->47->65->105->116->96->5->42->28->184->166->11->35->126->29->156->112->4->190->10->177->104->147->54",4
TSPA,RegretCycle,75,20260397,166,33156,26658,31784,6498,outputs\runs\regret_cycle\TSPA\run_075.txt,"56->113->171->88->16->13->31->168->145->78->25->44->120->82->92->57->55->52->106->178->3->32->138->14->144->155->49->102->61->62->9->33->37->148->12->130->94->124->111->167->87->125->74->152->97->1->101->150->100->26->19->189->99->121->182->136->53->158->180->173->6->194->127->29->156->126->112->4->190->10->177->104->147->54->30->48->160->192->181->103->146->22->20->18->69->108->67->163->36->140->93->68->110->139->191->142->159->193->41->96->5->42->28->184->11->166->77->105->116->65->47->131->149->24->161->162->133->80->176->66->141->51->109->60->118->72->59->115->198->46->0->170->143->183->89->76->23->186->114->64->73->132->21->7->164->58->71->27->107->90->39->165->8->119->40->185->179->91->196->169->174->187->81->17->157->188",4
TSPA,RegretCycle,76,20260398,163,33154,26503,31926,6651,outputs\runs\regret_cycle\TSPA\run_076.txt,"179->145->168->78->16->88->171->113->56->188->85->13->31->157->17->196->81->187->174->169->40->119->185->8->165->39->90->107->27->71->58->164->7->21->132->144->155->14->138->32->49->102->62->9->61->15->64->114->186->23->76->89->183->153->0->170->117->93->140->68->46->198->139->110->191->115->96->41->193->159->163->67->108->69->18->20->22->146->103->181->192->160->48->30->54->147->104->177->10->190->4->112->126->156->29->24->149->131->11->184->28->166->77->105->47->65->116->59->118->72->51->109->60->141->66->176->12->130->124->94->63->133->162->161->194->6->173->180->158->53->136->182->121->99->189->19->26->100->101->150->1->97->152->74->125->87->2->120->44->82->129->172->167->111->148->37->33->3->178->106->52->55->91",4
TSPA,RegretCycle,77,20260399,166,32810,25852,31880,6958,outputs\runs\regret_cycle\TSPA\run_077.txt,"5->96->41->193->159->142->110->191->139->198->46->68->163->69->108->67->36->140->93->117->170->0->153->183->89->76->23->186->114->64->15->61->62->9->33->37->148->111->167->128->55->52->106->178->3->32->138->49->102->155->144->132->21->7->164->58->71->27->107->90->39->165->8->185->119->40->169->174->187->81->196->17->157->31->13->85->188->56->113->171->88->16->78->168->145->91->179->92->82->44->120->2->87->125->74->152->97->1->101->150->100->26->19->189->99->121->182->136->53->158->180->154->6->173->63->94->124->130->12->176->66->51->109->141->60->118->59->72->162->161->194->127->29->156->126->112->4->190->10->177->104->147->54->30->48->34->103->146->181->192->160->184->28->166->11->35->24->149->131->47->65->116->105->77->43->42",3
TSPA,RegretCycle,78,20260400,164,32960,26750,32255,6210,outputs\runs\regret_cycle\TSPA\run_078.txt,"115->116->105->65->47->77->149->131->166->11->184->28->42->5->96->41->193->159->142->191->139->110->68->93->140->36->163->67->108->69->18->20->22->146->103->181->192->160->48->30->54->147->104->177->10->190->4->112->126->156->29->24->123->194->6->173->180->158->53->136->182->121->99->100->26->97->1->101->150->87->125->74->152->19->189->94->130->12->124->111->148->37->33->167->52->55->179->91->145->168->78->82->120->44->25->16->88->171->113->56->188->85->13->31->157->17->196->81->187->174->169->40->119->185->8->165->39->90->107->27->71->58->164->7->21->132->144->155->14->138->32->3->178->49->102->62->9->61->15->64->114->186->23->76->89->183->143->170->0->141->66->176->80->133->161->162->72->51->109->59->118->60->46->198",4
TSPA,RegretCycle,79,20260401,167,33169,26715,31852,6454,outputs\runs\regret_cycle\TSPA\run_079.txt,"140->36->163->67->108->69->18->20->22->146->103->181->192->160->48->30->54->147->104->177->10->190->4->112->126->156->29->127->161->162->72->118->59->116->65->47->105->77->131->149->24->35->11->184->28->166->43->42->5->96->41->193->115->198->139->191->110->68->46->60->109->51->141->66->176->12->130->124->94->63->133->194->6->173->180->158->53->136->182->121->99->189->19->26->100->150->101->1->97->152->74->125->87->2->82->120->44->25->78->145->168->16->88->171->113->56->188->85->13->31->157->17->81->187->174->169->196->91->179->185->40->119->8->165->39->90->107->27->71->58->164->7->21->132->144->155->102->49->138->32->3->178->106->52->55->128->167->111->148->37->33->9->62->61->15->64->114->186->23->76->89->183->153->0->170->117->93",4
TSPA,RegretCycle,80,20260402,162,32817,26758,32921,6059,outputs\runs\regret_cycle\TSPA\run_080.txt,"64->15->61->144->155->14->138->32->3->178->49->102->62->9->33->37->148->111->167->52->55->57->92->78->168->145->179->91->196->169->40->119->185->8->165->39->95->7->164->58->71->27->107->90->174->187->81->17->157->31->13->85->188->56->113->171->88->16->25->44->120->82->2->87->125->74->152->97->1->101->150->100->26->19->189->99->121->182->136->53->158->180->173->6->194->161->24->29->156->126->112->4->190->10->177->104->147->54->30->48->160->192->96->5->42->28->184->166->11->131->149->77->105->116->65->59->118->115->198->46->68->110->139->191->41->193->159->195->103->146->22->20->18->69->108->67->163->36->140->93->117->170->0->60->141->109->51->72->151->133->63->94->124->130->12->137->76->183->89->23->186->114",5
TSPA,RegretCycle,81,20260403,166,33178,27591,33007,5587,outputs\runs\regret_cycle\TSPA\run_081.txt,"89->76->23->137->176->66->51->109->141->60->118->59->72->151->133->63->94->124->130->12->111->148->37->33->15->114->64->61->9->62->102->49->128->167->52->55->179->91->185->40->119->8->165->39->138->178->3->32->14->155->144->132->21->7->164->58->71->27->107->90->174->187->81->169->196->17->157->31->13->85->188->56->113->171->88->16->168->145->78->25->44->120->82->2->87->125->74->152->97->1->150->101->100->26->19->189->99->121->182->136->53->158->180->173->6->194->127->29->156->24->149->131->47->65->105->116->115->198->46->68->110->139->191->142->159->193->41->96->5->42->43->77->166->28->184->11->84->4->190->10->177->104->147->54->30->48->160->192->181->103->146->22->20->18->69->108->67->163->36->140->93->117->170->0->153->183",4
TSPA,RegretCycle,82,20260404,164,33195,26278,31937,6917,outputs\runs\regret_cycle\TSPA\run_082.txt,"17->157->31->13->85->188->56->113->171->88->16->25->44->120->82->2->87->125->74->152->97->1->150->101->100->26->19->189->99->121->182->136->53->158->180->173->6->194->161->162->133->63->94->124->130->12->176->66->141->60->109->51->72->118->59->116->65->47->105->77->166->28->184->11->131->149->24->29->156->126->112->4->190->10->177->104->147->54->30->48->160->192->181->103->146->22->20->18->69->108->67->163->159->193->41->96->115->191->110->139->198->46->68->140->93->117->170->0->153->183->89->76->23->186->114->64->15->33->37->148->111->167->128->9->62->61->102->49->155->144->132->21->7->164->58->71->27->107->90->39->165->119->40->185->8->138->32->3->178->106->52->55->57->92->78->168->145->179->91->169->174->187->81->196",4
TSPA,RegretCycle,83,20260405,166,32810,25852,31880,6958,outputs\runs\regret_cycle\TSPA\run_083.txt,"42->43->77->105->116->65->47->131->149->24->35->11->166->28->184->160->192->181->146->103->34->48->30->54->147->104->177->10->190->4->112->126->156->29->127->194->161->162->72->59->118->60->141->109->51->66->176->12->130->124->94->63->173->6->154->180->158->53->136->182->121->99->189->19->26->100->150->101->1->97->152->74->125->87->2->120->44->82->92->179->91->145->168->78->16->88->171->113->56->188->85->13->31->157->17->196->81->187->174->169->40->119->185->8->165->39->90->107->27->71->58->164->7->21->132->144->155->102->49->138->32->3->178->106->52->55->128->167->111->148->37->33->9->62->61->15->64->114->186->23->76->89->183->153->0->170->117->93->140->36->67->108->69->163->68->46->198->139->191->110->142->159->193->41->96->5",4
TSPA,RegretCycle,84,20260406,158,31991,25506,32733,6485,outputs\runs\regret_cycle\TSPA\run_084.txt,"166->11->35->24->149->131->77->105->47->65->116->96->41->193->191->139->110->142->159->195->103->146->22->20->18->69->108->67->163->36->140->93->117->170->0->68->46->60->118->59->72->109->51->141->66->176->137->23->76->183->89->83->114->64->15->61->9->62->102->49->178->3->32->138->14->155->144->132->21->7->164->58->71->27->107->90->39->165->8->185->119->40->169->174->187->81->196->17->157->31->13->85->188->56->113->171->88->16->168->91->179->145->78->25->44->120->82->92->57->55->52->167->33->37->148->111->124->12->130->94->189->19->152->74->125->87->1->101->150->26->100->99->121->182->136->53->158->180->173->6->194->127->29->156->126->112->4->190->10->177->104->147->54->30->48->160->184->28",5
TSPA,RegretCycle,85,20260407,161,32558,26430,32650,6128,outputs\runs\regret_cycle\TSPA\run_085.txt,"191->110->198->46->68->163->69->108->67->36->140->93->117->170->0->153->183->89->76->23->186->114->64->73->132->144->155->61->9->62->102->49->178->3->32->138->21->7->164->58->71->27->107->90->39->165->8->185->119->40->174->187->81->169->196->17->157->31->13->85->188->56->113->171->88->16->168->91->179->145->78->25->44->120->82->92->57->55->52->167->33->37->148->111->152->74->125->87->1->101->150->100->26->97->19->189->99->121->182->136->53->158->180->173->6->194->161->162->133->63->94->124->130->12->176->66->141->60->118->109->51->72->59->116->105->65->47->77->166->28->184->11->131->149->24->29->156->126->112->4->190->10->177->104->147->54->30->48->160->192->42->5->96->181->103->146->22->159->193->41->139",4
TSPA,RegretCycle,86,20260408,162,32769,26241,32885,6528,outputs\runs\regret_cycle\TSPA\run_086.txt,"119->185->8->106->178->3->32->138->49->102->155->144->61->62->9->15->64->114->83->89->183->76->23->186->148->37->33->167->111->124->94->130->12->63->133->161->162->72->59->118->60->109->51->66->141->0->170->117->93->140->68->46->198->139->110->191->115->96->41->193->159->163->67->108->69->18->20->22->146->103->181->192->160->48->30->54->147->104->177->10->190->4->112->156->29->126->35->11->184->28->166->77->105->116->65->47->131->149->24->123->194->6->173->180->158->53->136->182->121->99->189->19->26->100->101->150->1->97->152->74->125->87->2->82->120->44->25->16->88->171->113->56->188->85->13->31->157->168->78->145->92->57->55->52->179->91->169->196->81->187->174->90->107->27->71->58->164->7->95->39->165->40",4
TSPA,RegretCycle,87,20260409,162,32647,26261,32314,6386,outputs\runs\regret_cycle\TSPA\run_087.txt,"145->78->82->2->87->125->74->152->1->97->26->100->101->150->120->44->25->16->88->171->113->56->188->85->13->31->157->17->81->187->196->169->174->90->107->27->71->58->164->7->95->39->165->8->119->40->185->106->178->3->32->138->49->102->62->9->61->155->144->132->73->64->114->186->23->76->89->183->153->0->170->117->93->140->36->163->67->108->69->18->199->41->193->159->22->146->103->181->192->160->48->30->54->147->104->177->10->190->4->112->126->156->29->24->149->131->47->65->116->105->77->166->11->184->28->42->5->96->115->198->139->191->110->68->46->60->141->66->51->109->118->59->72->162->161->194->6->173->180->158->53->121->99->19->189->182->136->63->12->130->94->124->111->148->37->33->167->172->92->179->91->168",4
TSPA,RegretCycle,88,20260410,160,32586,26373,33411,6213,outputs\runs\regret_cycle\TSPA\run_088.txt,"68->93->140->36->163->67->108->69->18->20->22->146->103->181->192->160->48->30->54->147->104->177->10->190->4->112->126->156->29->24->161->194->6->173->180->158->53->136->182->63->12->130->94->124->111->148->37->33->167->87->125->74->152->19->189->99->121->100->26->97->1->101->150->2->82->120->44->25->78->145->179->91->168->16->88->171->113->56->188->85->13->31->157->17->196->169->81->187->174->119->40->185->8->165->39->90->107->27->71->58->164->7->21->138->32->3->178->49->102->62->9->61->155->144->132->73->64->114->83->89->183->143->170->0->153->76->23->137->176->66->141->51->109->60->118->72->59->116->65->47->105->77->149->131->166->11->184->28->42->5->96->41->193->159->142->110->191->139->198->46",4
TSPA,RegretCycle,89,20260411,170,33583,28014,32466,5569,outputs\runs\regret_cycle\TSPA\run_089.txt,"94->80->151->45->162->161->133->63->182->136->53->158->180->173->6->194->123->24->149->131->47->65->116->105->77->166->28->184->11->35->126->29->156->112->4->190->10->177->104->147->54->30->48->160->192->42->5->96->181->103->146->22->159->193->41->191->139->110->199->18->69->108->67->163->36->140->93->117->170->0->68->46->198->115->59->118->72->51->109->60->141->66->176->137->23->76->183->89->83->114->64->15->61->9->62->102->49->178->3->32->138->14->155->144->132->21->7->164->58->71->27->107->90->39->165->8->185->119->40->174->187->81->196->169->91->179->52->55->57->92->145->78->168->157->31->13->85->188->56->113->171->88->16->25->44->120->82->2->150->101->1->97->26->100->121->99->189->19->152->74->125->87->167->111->33->37->148->12->130->124",4
TSPA,RegretCycle,90,20260412,164,32742,27448,32891,5294,outputs\runs\regret_cycle\TSPA\run_090.txt,"21->132->144->155->14->138->32->3->178->49->102->62->9->61->15->64->114->83->89->183->76->23->137->12->130->124->94->63->133->161->162->72->59->118->60->109->51->66->141->0->170->117->93->140->68->46->198->139->110->191->41->193->142->163->67->108->69->18->159->195->146->103->34->30->54->48->160->192->42->5->96->116->65->47->105->77->149->131->11->166->28->184->147->104->177->10->190->4->112->126->156->29->24->123->194->6->173->180->158->53->136->182->121->99->100->26->150->101->1->97->189->19->152->74->125->87->167->111->148->37->33->128->52->55->57->92->82->120->44->25->78->145->179->91->168->16->88->171->113->56->188->85->13->31->157->17->196->169->81->187->174->119->40->185->8->165->39->90->107->27->71->58->164->7",3
TSPA,RegretCycle,91,20260413,169,33511,27908,32331,5603,outputs\runs\regret_cycle\TSPA\run_091.txt,"59->72->118->60->109->51->141->66->176->137->76->183->89->23->186->114->64->15->61->9->62->102->49->32->138->14->155->144->132->21->7->164->58->71->27->107->90->39->165->8->185->119->40->169->174->187->81->196->17->157->31->13->85->188->56->113->171->88->16->168->91->179->145->78->25->44->120->82->92->57->55->52->106->178->3->33->37->148->111->167->152->74->125->87->1->101->150->26->100->121->99->189->19->94->124->130->12->63->133->162->161->194->173->180->136->53->158->154->6->70->127->123->24->29->156->126->112->4->84->11->166->28->184->190->10->177->104->147->54->30->48->160->192->181->103->146->22->20->18->69->108->67->163->36->140->93->117->170->0->68->46->198->139->191->110->142->159->193->41->96->5->42->43->77->131->149->105->116->65",4
TSPA,RegretCycle,92,20260414,162,32136,26040,32854,6096,outputs\runs\regret_cycle\TSPA\run_092.txt,"170->0->117->93->140->36->67->163->108->69->18->199->159->193->41->191->139->110->68->46->60->141->66->51->109->72->59->118->116->105->65->47->77->131->149->24->35->11->166->184->28->43->96->5->42->192->181->146->103->160->48->30->54->147->104->177->10->190->4->112->126->156->29->127->194->6->173->180->158->53->136->182->121->99->189->19->26->100->101->150->1->97->152->74->125->87->2->82->120->44->25->16->88->171->113->56->188->85->13->31->157->17->81->187->174->169->196->91->179->145->168->78->92->172->167->111->124->94->130->12->148->37->33->128->55->52->106->178->3->32->138->8->185->40->119->165->39->90->107->27->71->58->164->7->21->132->144->155->49->102->62->9->61->15->64->114->186->23->76->89->183->143",4
TSPA,RegretCycle,93,20260415,168,33387,27685,32549,5702,outputs\runs\regret_cycle\TSPA\run_093.txt,"196->91->179->92->172->167->111->148->37->33->128->55->52->178->3->106->185->40->119->8->165->39->90->107->27->71->58->164->7->21->138->32->49->102->62->9->61->155->144->132->73->64->114->186->23->76->89->183->143->170->0->46->198->115->59->72->118->60->109->51->141->66->176->12->130->124->94->63->133->162->161->24->149->131->47->65->116->105->77->166->11->184->28->42->5->96->41->193->159->142->191->139->110->68->93->140->36->163->67->108->69->18->20->22->146->103->181->192->160->48->30->54->147->104->177->10->190->4->112->126->156->29->127->194->6->173->180->158->53->136->182->121->99->189->19->26->100->101->150->1->97->152->74->125->87->2->82->120->44->25->78->145->168->16->88->171->113->56->188->85->13->31->157->17->81->187->174->169",5
TSPA,RegretCycle,94,20260416,164,32904,26581,32520,6323,outputs\runs\regret_cycle\TSPA\run_094.txt,"141->137->23->186->64->114->83->89->183->143->170->0->46->198->115->96->41->193->159->142->191->139->110->68->93->140->36->163->67->108->69->18->20->22->146->103->181->192->160->48->30->54->147->104->177->10->190->4->112->156->29->126->35->11->184->28->166->77->105->116->65->47->131->149->24->161->194->6->173->180->158->53->136->182->121->99->189->19->26->100->150->101->1->97->152->74->125->87->2->82->120->44->25->78->145->168->16->88->171->113->56->188->85->13->31->157->17->81->187->174->196->169->40->119->185->8->165->39->90->107->27->71->58->164->7->21->132->144->155->61->9->62->102->49->138->32->3->178->106->52->55->91->179->92->172->167->111->33->37->148->12->130->124->94->63->133->151->72->59->118->60->109->51->66",5
TSPA,RegretCycle,95,20260417,166,33099,27270,33144,5829,outputs\runs\regret_cycle\TSPA\run_095.txt,"167->111->33->37->148->12->130->124->94->19->189->99->121->100->26->97->152->74->1->101->150->182->136->53->158->180->173->6->194->133->80->176->66->141->60->51->109->118->59->72->162->161->149->131->24->29->156->126->112->4->190->10->177->104->147->54->30->48->160->192->28->184->11->166->77->47->65->116->105->43->42->5->96->181->103->146->22->20->18->69->108->67->163->159->193->41->191->110->139->198->46->68->140->93->117->170->0->153->183->89->76->23->186->114->64->15->61->9->62->102->49->32->138->14->155->144->132->21->7->164->58->71->27->107->90->39->165->8->185->119->40->174->187->81->169->196->17->157->31->13->85->188->56->113->171->88->16->168->145->78->25->44->120->82->2->87->129->92->179->91->55->52->106->178->3->128",4
TSPA,RegretCycle,96,20260418,159,32199,25390,32096,6809,outputs\runs\regret_cycle\TSPA\run_096.txt,"90->39->165->8->185->119->40->169->174->187->81->196->17->157->188->56->113->171->88->16->13->31->168->91->179->145->78->25->44->120->82->2->87->125->74->152->97->1->101->150->100->26->19->189->99->121->182->136->53->158->180->173->6->194->161->24->29->156->126->112->4->190->10->177->104->147->54->30->48->34->103->146->195->159->193->41->199->18->69->108->67->163->36->140->93->68->110->191->139->198->115->96->5->42->192->160->184->28->166->11->131->149->77->105->47->65->116->59->118->109->51->66->141->60->46->117->170->0->153->183->89->76->23->186->114->64->15->61->62->9->33->37->148->12->130->94->124->111->167->128->55->52->106->178->3->32->138->49->102->155->144->132->21->7->164->58->71->27->107",4
TSPA,RegretCycle,97,20260419,165,33157,26856,31977,6301,outputs\runs\regret_cycle\TSPA\run_097.txt,"116->115->198->46->68->110->139->191->142->159->193->41->96->5->42->192->160->48->54->30->34->103->146->22->20->18->69->108->67->163->36->140->93->117->170->0->153->183->89->76->23->186->114->64->15->148->37->33->9->62->61->102->49->178->3->32->138->14->155->144->132->21->7->164->58->71->27->107->90->39->165->8->185->119->40->174->187->81->169->196->17->157->31->13->85->188->56->113->171->88->16->25->44->120->82->78->168->145->91->179->55->52->128->167->111->124->130->12->176->66->141->51->109->60->118->59->72->162->161->133->63->94->189->19->152->74->125->87->1->101->150->26->100->99->121->182->136->53->158->180->173->6->194->123->24->29->156->126->112->4->190->10->177->104->147->184->28->11->166->131->149->65->47->77->105",4
TSPA,RegretCycle,98,20260420,164,32807,26850,32672,5957,outputs\runs\regret_cycle\TSPA\run_098.txt,"28->166->11->184->190->10->177->104->147->54->30->48->160->192->181->103->146->22->20->18->69->108->67->163->36->140->93->117->170->0->68->46->198->139->191->110->142->159->193->41->96->197->59->118->60->109->51->72->151->133->63->94->124->130->12->176->66->141->137->23->76->183->89->83->114->64->15->148->111->167->33->37->9->62->61->144->155->102->49->32->138->21->7->164->58->71->27->107->90->39->165->8->119->40->185->106->3->178->52->55->57->92->78->168->145->179->91->196->169->174->187->81->17->157->31->13->85->188->56->113->171->88->16->25->44->120->82->2->87->125->74->152->97->1->101->150->100->26->19->189->99->121->182->136->53->158->180->173->6->194->127->29->156->126->112->4->24->149->131->47->65->116->105->77",4
TSPA,RegretCycle,99,20260421,159,31878,25507,32540,6371,outputs\runs\regret_cycle\TSPA\run_099.txt,"69->142->41->193->159->22->146->103->181->192->160->48->30->54->147->104->177->10->190->4->112->156->29->126->35->11->184->28->166->77->105->116->65->47->131->149->24->161->194->6->173->180->158->53->136->182->121->99->189->19->26->100->150->101->1->97->152->74->125->87->2->82->120->44->25->78->145->168->16->88->171->113->56->188->85->13->31->157->17->81->187->196->169->174->90->107->27->71->58->164->7->95->39->165->8->119->40->185->106->3->178->52->55->91->179->92->172->167->111->124->94->130->12->148->37->33->9->62->61->102->49->32->138->14->155->144->132->73->64->114->83->89->183->76->23->137->141->66->51->109->60->118->59->115->191->110->139->198->46->68->0->170->117->93->140->36->163->67->108",3
TSPA,RegretCycle,100,20260422,160,32047,26423,32795,5624,outputs\runs\regret_cycle\TSPA\run_100.txt,"192->181->103->146->22->20->18->69->108->67->163->36->140->93->117->170->0->68->46->198->139->191->110->142->159->193->41->96->197->59->118->72->162->161->51->109->60->141->66->176->137->23->76->183->89->83->114->64->73->132->144->155->61->9->62->102->49->178->3->32->138->21->7->164->58->27->107->90->165->8->185->119->40->174->187->81->169->196->17->157->31->13->85->188->56->113->171->88->16->168->91->179->145->78->25->44->120->82->92->57->55->52->167->33->37->148->111->124->12->130->94->189->19->152->74->125->87->1->101->150->26->100->99->121->182->136->53->158->180->173->6->194->123->24->149->131->47->65->116->105->77->166->28->184->11->35->126->29->156->112->4->190->10->177->104->147->54->30->48->160",4
TSPA,LS_Steepest_Edge_Random,1,21260326,128,26565,19931,19931,6634,outputs\runs\ls_steepest_edge_random\TSPA\run_001.txt,"119->40->174->187->81->169->196->17->157->188->56->13->31->168->78->145->91->179->92->82->44->120->2->87->125->74->152->97->1->150->101->26->100->53->158->180->136->182->121->99->189->19->94->124->130->12->176->66->51->109->141->60->118->72->59->116->105->65->47->131->149->24->29->156->126->112->4->190->10->177->104->147->54->30->48->160->28->184->11->166->77->43->192->181->103->146->195->159->193->41->191->139->110->163->69->108->67->36->140->93->117->0->170->143->183->89->76->23->186->114->64->15->61->62->9->33->37->148->111->167->128->49->32->138->39->165->8->185",97
TSPA,LS_Steepest_Edge_Random,2,21260327,140,29642,23404,23404,6238,outputs\runs\ls_steepest_edge_random\TSPA\run_002.txt,"150->120->44->25->78->145->168->31->13->56->188->157->17->196->81->187->174->90->107->27->39->165->8->185->119->40->169->91->179->92->82->2->87->125->74->152->19->189->94->130->12->124->111->167->148->37->33->9->62->61->102->49->178->3->32->138->14->155->144->64->114->186->23->137->141->60->46->68->93->140->36->67->108->69->163->159->195->146->103->160->192->42->5->96->41->193->115->118->59->72->109->51->66->176->80->63->182->136->180->173->194->161->24->149->131->47->65->116->105->77->166->11->28->184->48->30->54->147->104->177->10->190->4->112->126->156->29->127->70->6->154->158->53->121->99->100->26->97->1->101",71
TSPA,LS_Steepest_Edge_Random,3,21260328,146,29447,24753,24753,4694,outputs\runs\ls_steepest_edge_random\TSPA\run_003.txt,"167->128->52->55->129->120->44->82->92->179->91->169->196->168->145->78->16->88->171->113->56->13->31->85->188->157->17->81->187->174->40->119->185->106->178->3->32->138->8->165->39->95->58->164->7->21->132->144->155->49->102->62->9->61->64->114->83->89->183->143->170->0->117->93->140->36->163->67->108->69->18->199->159->193->41->195->146->103->181->192->160->48->30->54->147->104->184->28->166->77->105->116->65->47->149->131->11->84->4->112->126->156->29->127->194->161->162->133->63->182->136->173->6->154->180->158->53->121->99->100->26->101->150->1->97->19->189->94->124->130->12->176->66->51->109->72->59->118->60->141->137->23->186->15->148->111",55
TSPA,LS_Steepest_Edge_Random,4,21260329,141,29591,23005,23005,6586,outputs\runs\ls_steepest_edge_random\TSPA\run_004.txt,"157->188->56->13->31->168->145->78->82->44->120->150->101->1->87->125->74->152->19->189->99->121->94->124->111->167->33->37->148->12->130->63->182->136->53->158->180->173->6->194->127->29->156->126->112->4->84->11->184->104->147->54->30->48->160->192->28->166->77->105->116->65->59->118->72->162->161->45->151->51->66->141->60->46->68->110->139->191->41->193->159->195->103->146->22->20->18->69->108->67->163->36->140->93->117->170->0->153->183->89->76->23->186->114->64->15->61->9->62->144->155->14->138->32->3->178->106->52->55->179->91->185->40->119->8->165->39->95->7->164->58->71->27->107->90->187->81->174->169->196->17",54
TSPA,LS_Steepest_Edge_Random,5,21260330,144,29340,22459,22459,6881,outputs\runs\ls_steepest_edge_random\TSPA\run_005.txt,"195->146->103->181->192->160->48->30->54->147->104->177->10->190->184->28->166->11->84->4->112->126->156->29->127->194->6->173->180->158->53->136->182->121->99->189->19->94->130->12->124->111->167->128->3->178->106->52->55->91->179->92->82->2->87->125->74->152->1->97->26->100->101->150->120->44->25->78->145->168->31->13->56->188->157->17->196->169->81->187->174->119->40->185->8->165->39->138->32->49->102->155->144->61->62->9->33->37->148->15->64->114->186->23->137->176->66->141->51->109->60->118->59->72->162->161->24->149->131->77->105->47->65->116->5->96->115->46->198->139->191->110->68->93->140->36->67->108->69->163->142->41->193->159",56
TSPA,LS_Steepest_Edge_Random,6,21260331,138,29110,22156,22156,6954,outputs\runs\ls_steepest_edge_random\TSPA\run_006.txt,"28->42->5->96->192->160->103->146->195->41->193->159->199->18->69->108->67->163->36->140->93->68->46->198->115->60->118->59->72->109->51->141->66->176->12->130->94->124->111->167->148->37->33->9->62->61->15->114->64->144->155->102->49->32->138->8->165->39->95->7->164->58->71->27->107->90->187->81->174->119->40->185->169->196->17->157->188->85->31->13->56->113->171->88->16->25->44->120->82->2->87->125->74->152->19->189->97->1->150->101->26->100->99->121->182->136->53->158->180->173->6->194->161->24->149->131->47->65->116->105->77->166->11->35->29->156->126->112->4->190->10->177->104->147->54->30->48->184",57
TSPA,LS_Steepest_Edge_Random,7,21260332,125,26728,19992,19992,6736,outputs\runs\ls_steepest_edge_random\TSPA\run_007.txt,"188->56->13->31->168->78->145->91->179->92->82->44->120->150->101->1->97->26->100->121->99->189->19->152->74->125->87->172->55->52->128->167->111->124->12->130->94->63->182->136->53->158->180->173->6->194->161->24->29->156->126->112->4->190->10->177->104->147->54->30->48->160->192->181->103->146->195->159->193->41->96->5->42->166->28->184->11->131->149->77->105->116->65->59->118->72->51->109->60->141->66->176->137->23->186->114->64->15->9->62->61->144->155->102->49->178->3->32->138->8->185->40->119->165->39->27->107->90->174->187->81->169->196->17->157",52
TSPA,LS_Steepest_Edge_Random,8,21260333,129,27033,20980,20980,6053,outputs\runs\ls_steepest_edge_random\TSPA\run_008.txt,"1->150->101->26->100->99->121->182->136->53->158->180->154->6->173->133->151->72->162->161->24->35->11->166->28->184->104->147->54->30->48->160->192->42->5->159->193->41->96->105->77->47->65->116->59->118->109->51->66->141->60->46->68->163->69->108->67->36->140->93->117->170->0->153->183->89->76->23->186->114->64->15->61->144->155->14->32->138->8->165->39->27->107->90->174->119->40->185->169->187->81->196->17->157->188->56->13->31->168->145->78->25->44->120->82->92->179->91->55->52->106->178->3->49->102->62->9->33->37->148->167->111->124->12->130->94->189->19->97",51
TSPA,LS_Steepest_Edge_Random,9,21260334,150,30758,23985,23985,6773,outputs\runs\ls_steepest_edge_random\TSPA\run_009.txt,"124->111->167->148->37->33->9->62->61->144->155->102->49->32->138->8->165->39->27->107->90->187->81->174->40->119->185->169->196->17->157->188->56->113->171->88->16->13->31->168->91->179->145->78->25->44->120->82->2->87->125->74->152->97->1->150->101->26->100->53->158->180->173->6->194->127->29->156->126->112->4->190->10->177->104->147->54->30->48->160->192->28->184->11->166->77->43->42->5->96->115->46->198->139->110->191->41->193->159->195->103->146->22->20->18->69->108->67->163->36->140->93->117->170->0->153->183->89->76->23->137->176->66->51->109->141->60->118->72->59->65->116->105->47->131->149->24->161->162->133->63->136->182->121->99->189->19->94->130->12",58
TSPA,LS_Steepest_Edge_Random,10,21260335,136,28986,22186,22186,6800,outputs\runs\ls_steepest_edge_random\TSPA\run_010.txt,"149->24->35->11->84->4->190->10->177->104->147->54->30->48->160->192->181->103->146->195->159->199->18->69->108->67->163->36->140->93->68->46->60->141->66->137->23->186->114->64->15->61->9->62->144->155->102->49->32->138->8->185->40->119->165->39->95->7->164->58->71->27->107->90->174->187->81->196->169->91->179->145->168->157->188->56->13->31->78->25->44->120->82->129->172->167->111->124->12->130->94->99->189->19->152->74->125->87->1->150->101->97->26->100->121->182->136->53->158->180->154->6->173->133->80->176->51->109->72->59->118->115->193->41->96->5->42->28->184->166->77->105->116->65->47->131",47
TSPA,LS_Steepest_Edge_Random,11,21260336,138,28669,23412,23412,5257,outputs\runs\ls_steepest_edge_random\TSPA\run_011.txt,"60->118->59->65->47->149->131->77->105->116->5->96->41->115->198->46->68->0->153->76->23->89->183->143->170->117->93->140->36->163->67->108->69->142->193->159->195->146->103->181->192->160->48->30->54->147->104->184->28->166->11->84->4->112->126->156->29->127->194->6->154->158->53->100->26->97->101->150->1->152->74->125->87->2->120->44->25->31->13->56->188->157->168->145->78->82->92->179->91->196->169->185->8->165->119->40->174->81->187->90->107->27->71->58->164->7->21->132->144->155->14->138->32->3->178->49->128->167->111->124->12->130->94->19->189->99->121->182->136->180->173->161->162->72->109->51->66->141",45
TSPA,LS_Steepest_Edge_Random,12,21260337,128,26360,20383,20383,5977,outputs\runs\ls_steepest_edge_random\TSPA\run_012.txt,"52->106->178->3->128->167->111->33->37->148->12->130->124->94->19->189->99->121->182->136->53->158->180->173->6->194->161->24->29->156->126->112->4->84->11->166->28->184->104->147->54->30->48->160->192->42->5->96->116->105->77->47->65->59->118->72->109->51->66->141->60->46->198->115->41->193->159->142->191->139->110->68->140->93->117->170->0->153->183->89->76->23->186->114->64->15->9->62->61->144->155->102->49->32->138->8->165->39->27->107->90->119->40->174->187->81->169->196->17->157->168->31->13->85->188->56->113->171->88->16->25->44->120->82->92->179->91->55",49
TSPA,LS_Steepest_Edge_Random,13,21260338,129,27158,19941,19941,7217,outputs\runs\ls_steepest_edge_random\TSPA\run_013.txt,"8->165->119->40->174->187->81->169->196->17->157->188->56->13->31->168->145->78->25->44->120->82->92->179->91->55->52->128->167->111->124->12->130->94->189->19->152->74->125->87->1->150->101->97->26->100->99->121->182->136->53->158->180->173->6->194->161->162->72->118->59->65->116->105->77->166->28->184->11->84->4->190->10->177->104->147->54->30->48->160->192->181->103->146->195->41->193->159->199->18->69->108->67->163->36->140->93->68->110->191->139->198->46->60->141->109->51->66->176->137->23->186->114->64->15->61->9->62->102->49->144->155->14->138->32->3->178->106->185",47
TSPA,LS_Steepest_Edge_Random,14,21260339,138,28569,22725,22725,5844,outputs\runs\ls_steepest_edge_random\TSPA\run_014.txt,"192->181->103->146->195->159->41->193->199->18->69->108->67->163->36->140->93->117->170->0->153->183->89->83->114->64->73->132->21->7->164->58->71->27->107->90->187->81->174->169->196->17->157->188->56->13->31->168->145->78->25->44->120->82->2->87->125->74->152->97->1->150->101->26->100->121->99->189->19->94->130->12->124->111->167->128->178->3->32->138->14->144->155->49->102->62->9->61->15->186->23->137->176->66->141->60->46->198->115->59->118->109->51->72->162->161->173->136->53->158->180->154->6->194->123->24->149->131->47->65->116->105->77->166->28->184->11->84->4->190->10->177->104->147->54->30->48->160",47
TSPA,LS_Steepest_Edge_Random,15,21260340,145,30426,22939,22939,7487,outputs\runs\ls_steepest_edge_random\TSPA\run_015.txt,"162->161->194->6->173->180->158->53->136->182->121->99->100->26->101->150->1->97->19->189->94->130->12->124->111->167->152->74->125->87->2->82->120->44->25->78->145->168->31->13->56->188->157->17->196->169->91->179->55->52->106->178->3->185->40->119->8->165->39->90->107->27->71->58->164->7->21->138->32->49->102->155->144->61->62->9->15->64->114->186->23->76->89->183->153->0->170->117->93->140->68->139->191->110->163->67->108->69->18->199->159->193->41->195->146->103->181->192->160->48->30->54->147->104->177->10->190->4->112->156->29->126->35->11->184->28->166->77->105->47->65->116->5->96->115->198->46->60->141->66->51->109->118->59->72",50
TSPA,LS_Steepest_Edge_Random,16,21260341,113,24368,17847,17847,6521,outputs\runs\ls_steepest_edge_random\TSPA\run_016.txt,"187->174->90->107->27->71->58->164->7->21->138->32->3->178->49->102->155->144->61->62->9->15->64->114->186->23->76->89->183->153->0->170->117->93->140->36->163->67->108->69->18->199->159->193->41->96->5->42->192->160->48->30->54->147->104->184->28->11->166->77->105->116->65->59->118->60->141->66->51->109->72->149->131->24->161->194->6->173->180->158->53->136->182->121->99->189->19->100->26->101->150->1->97->152->74->125->87->2->120->44->82->78->145->168->31->13->56->188->157->17->196->169->81",45
TSPA,LS_Steepest_Edge_Random,17,21260342,148,30664,23243,23243,7421,outputs\runs\ls_steepest_edge_random\TSPA\run_017.txt,"111->167->128->49->178->3->32->138->14->155->144->132->21->7->164->58->71->27->107->90->39->165->8->185->40->119->174->187->81->169->196->17->157->31->13->56->188->50->113->171->88->16->78->168->145->91->179->92->82->44->120->2->87->125->74->152->97->1->150->101->26->100->121->99->189->19->124->12->130->94->63->182->136->53->158->180->173->6->194->127->29->156->126->112->4->84->11->184->104->147->54->30->48->160->192->28->166->77->105->116->65->59->118->72->109->51->66->141->60->46->68->110->139->191->41->193->159->195->103->146->22->20->18->69->108->67->163->36->140->93->117->170->0->153->183->89->76->23->186->114->64->15->61->62->9->33->37->148",52
TSPA,LS_Steepest_Edge_Random,18,21260343,143,29946,23198,23198,6748,outputs\runs\ls_steepest_edge_random\TSPA\run_018.txt,"136->182->121->99->100->26->97->1->101->150->120->44->25->78->145->168->31->13->56->188->157->17->196->169->91->179->92->82->2->87->125->74->152->19->189->94->130->12->124->111->167->128->3->178->106->8->185->40->119->165->39->90->107->27->71->58->164->7->21->138->32->49->102->62->9->61->155->144->132->73->64->114->186->23->137->176->66->141->60->109->51->72->118->59->65->116->105->77->43->42->5->96->115->198->46->68->0->170->117->93->140->36->67->108->69->163->110->139->191->41->193->159->195->146->103->181->192->160->48->30->54->147->104->177->10->190->184->28->166->11->84->4->112->126->156->29->127->194->6->173->180->158->53",49
TSPA,LS_Steepest_Edge_Random,19,21260344,124,25429,20167,20167,5262,outputs\runs\ls_steepest_edge_random\TSPA\run_019.txt,"64->114->186->23->89->183->76->137->176->66->141->51->109->72->59->118->60->46->198->139->110->191->41->193->159->195->146->103->181->192->160->28->184->84->4->112->156->29->126->35->11->166->77->105->116->65->47->131->149->24->123->194->6->154->158->53->180->173->161->162->133->63->136->182->121->99->189->19->100->26->97->1->101->150->120->44->82->78->145->168->31->13->56->188->157->17->196->169->81->187->174->90->107->27->39->165->119->40->185->8->138->32->3->178->106->52->55->91->179->92->172->167->111->124->94->130->12->148->37->33->9->62->61->15",50
TSPA,LS_Steepest_Edge_Random,20,21260345,142,28864,22580,22580,6284,outputs\runs\ls_steepest_edge_random\TSPA\run_020.txt,"133->162->161->194->127->29->156->126->112->4->84->11->184->28->166->131->149->77->105->47->65->116->5->96->115->198->139->110->191->41->193->159->195->103->146->22->20->18->69->108->67->163->36->140->93->68->46->60->118->59->72->109->51->141->66->176->137->23->76->183->89->83->114->64->15->61->144->155->14->138->8->165->39->27->107->90->119->40->174->187->81->169->196->17->157->31->13->85->188->56->113->171->88->16->25->44->120->82->78->168->145->179->91->55->52->106->178->3->32->49->102->62->9->33->37->148->111->167->87->125->74->152->97->1->150->101->26->100->53->158->180->136->182->121->99->189->19->94->124->12->130->63",49
TSPA,LS_Steepest_Edge_Random,21,21260346,134,27065,20999,20999,6066,outputs\runs\ls_steepest_edge_random\TSPA\run_021.txt,"13->31->85->188->157->17->196->81->187->174->169->185->40->119->165->8->138->14->155->144->61->64->114->83->23->186->15->148->37->33->9->62->102->49->32->3->178->106->52->55->128->167->111->124->94->130->12->176->66->141->60->115->198->46->68->93->140->110->139->191->41->193->142->163->67->108->69->18->199->159->181->192->160->48->30->54->147->104->177->10->190->4->112->156->29->126->35->11->184->28->166->77->105->116->65->59->118->109->51->72->162->161->194->6->173->180->158->53->136->182->121->99->189->19->100->26->101->150->1->97->152->74->125->87->2->82->120->44->25->16->88->171->113->56",51
TSPA,LS_Steepest_Edge_Random,22,21260347,135,28832,22304,22304,6528,outputs\runs\ls_steepest_edge_random\TSPA\run_022.txt,"168->145->179->91->196->169->52->106->178->3->32->138->185->40->119->8->165->39->95->58->164->7->21->155->144->61->62->9->15->64->114->186->23->76->89->183->153->0->170->117->93->140->36->163->67->108->69->110->139->191->41->193->159->195->146->103->181->192->42->5->96->115->198->46->60->141->66->51->109->72->118->59->65->116->105->77->166->11->184->28->160->48->30->54->147->104->177->10->190->4->112->126->156->29->24->161->194->6->173->180->158->53->136->182->121->99->100->26->101->150->1->97->19->189->94->130->12->124->111->167->152->74->125->87->2->82->120->44->25->78->31->13->56->188->157",51
TSPA,LS_Steepest_Edge_Random,23,21260348,134,27923,21351,21351,6572,outputs\runs\ls_steepest_edge_random\TSPA\run_023.txt,"29->156->126->112->4->84->11->190->10->177->104->147->54->30->48->160->184->28->166->42->5->41->193->159->199->18->69->108->67->163->36->140->93->68->46->198->115->96->116->65->47->105->77->131->149->24->161->162->72->59->118->60->109->51->141->66->176->137->23->186->114->64->15->61->144->155->49->102->62->9->33->37->148->111->167->128->32->138->3->178->106->185->8->165->119->40->174->187->81->169->196->17->157->188->56->13->31->168->78->145->91->179->92->82->44->120->2->87->125->74->152->97->1->150->101->26->100->19->124->12->130->94->189->99->121->182->136->53->158->180->173->6->194->127",47
TSPA,LS_Steepest_Edge_Random,24,21260349,143,29529,22255,22255,7274,outputs\runs\ls_steepest_edge_random\TSPA\run_024.txt,"190->184->28->166->11->84->4->112->126->156->29->24->149->131->77->105->47->65->116->5->96->115->198->46->60->118->59->72->162->161->194->6->173->180->158->53->136->182->121->99->189->19->100->26->101->150->1->97->152->74->125->87->2->82->120->44->25->16->88->171->113->56->13->31->85->188->157->168->78->145->179->91->169->196->81->187->174->40->119->185->8->165->39->90->107->27->71->58->164->7->21->138->32->14->155->144->61->9->62->102->49->3->178->106->52->55->128->167->111->124->94->130->12->176->66->51->109->141->0->170->117->93->140->36->163->67->108->69->18->199->159->193->41->181->192->160->48->30->54->147->104->177->10",49
TSPA,LS_Steepest_Edge_Random,25,21260350,133,27916,21466,21466,6450,outputs\runs\ls_steepest_edge_random\TSPA\run_025.txt,"48->30->54->147->104->177->10->190->184->28->166->11->84->4->112->126->156->29->127->194->6->173->180->158->53->136->182->121->99->100->26->101->150->120->44->82->78->145->168->31->13->56->188->157->17->196->169->91->179->92->129->87->125->74->152->1->97->19->189->94->130->12->124->111->167->128->3->178->106->185->40->119->174->81->187->90->107->27->39->165->8->138->32->49->102->155->144->62->9->61->15->64->114->186->23->137->176->66->141->60->109->51->72->118->59->116->65->47->149->131->77->105->5->96->41->193->159->142->191->139->110->163->67->108->69->18->20->22->146->103->181->192->160",49
TSPA,LS_Steepest_Edge_Random,26,21260351,138,28091,22941,22941,5150,outputs\runs\ls_steepest_edge_random\TSPA\run_026.txt,"141->51->109->60->118->72->59->65->47->77->105->116->5->96->41->193->191->139->110->163->67->108->69->18->199->159->195->146->103->34->30->54->147->48->160->184->28->166->11->35->24->123->194->6->173->180->158->53->136->182->121->99->189->19->100->26->101->150->1->97->152->74->125->87->2->120->44->25->78->145->168->31->13->56->188->157->17->196->169->185->8->165->119->40->174->81->187->90->107->27->71->58->164->7->21->155->144->64->114->83->89->183->76->23->186->15->61->9->62->102->49->138->32->3->178->106->52->55->91->179->92->82->129->172->167->111->124->12->130->94->63->133->161->162->45->151->176->66",47
TSPA,LS_Steepest_Edge_Random,27,21260352,139,28508,21951,21951,6557,outputs\runs\ls_steepest_edge_random\TSPA\run_027.txt,"19->100->26->101->150->1->97->152->74->125->87->2->82->120->44->25->16->88->171->113->56->13->31->85->188->157->17->81->187->174->169->196->168->78->145->179->91->185->40->119->165->8->138->32->49->102->155->144->61->62->9->33->37->148->167->111->124->94->130->12->176->51->109->141->66->137->23->76->89->183->143->170->0->117->93->140->68->46->198->139->191->110->163->67->108->69->18->199->159->193->41->96->5->42->192->160->48->30->54->147->104->177->10->190->4->84->11->184->28->166->77->105->47->65->116->115->60->118->59->72->149->131->24->112->126->156->29->127->194->6->173->180->158->53->136->182->121->99->189",48
TSPA,LS_Steepest_Edge_Random,28,21260353,151,31248,24857,24857,6391,outputs\runs\ls_steepest_edge_random\TSPA\run_028.txt,"112->4->190->10->177->104->147->54->30->48->184->28->160->192->42->5->96->41->193->159->163->69->108->67->36->140->93->68->110->191->139->198->46->115->116->105->65->47->77->166->11->131->149->59->118->60->141->137->76->183->89->23->186->114->64->15->61->9->62->102->49->155->144->132->21->7->164->58->71->27->107->90->39->165->138->32->3->178->106->8->185->119->40->169->174->187->81->196->91->179->145->78->168->157->188->85->31->13->56->113->171->88->16->25->44->120->82->129->172->167->111->124->12->130->94->189->19->152->74->125->87->1->150->101->97->26->100->99->121->53->158->154->6->173->180->136->182->63->80->176->66->51->109->72->162->161->194->127->29->156->126",50
TSPA,LS_Steepest_Edge_Random,29,21260354,129,27832,20411,20411,7421,outputs\runs\ls_steepest_edge_random\TSPA\run_029.txt,"11->28->184->104->147->54->30->48->160->192->181->103->146->195->159->193->41->96->115->198->46->68->163->69->108->67->36->140->93->117->0->170->143->183->89->76->23->186->114->64->15->9->62->61->144->155->102->49->32->138->21->7->164->58->71->27->107->90->39->165->8->119->40->185->52->55->91->179->145->78->168->196->169->174->187->81->17->157->31->13->56->188->50->113->171->88->16->25->44->120->82->2->87->125->74->152->97->1->150->101->26->100->19->189->99->121->182->136->53->158->180->173->6->194->161->162->72->109->51->66->141->60->118->59->65->116->105->77->166",48
TSPA,LS_Steepest_Edge_Random,30,21260355,113,23999,17893,17893,6106,outputs\runs\ls_steepest_edge_random\TSPA\run_030.txt,"60->141->66->51->109->72->118->59->65->116->105->77->166->28->192->160->48->30->54->147->104->184->11->84->4->112->126->156->29->127->194->6->173->180->158->53->136->182->63->130->12->124->94->19->189->99->121->100->26->101->150->1->97->152->74->125->87->2->120->44->82->78->145->168->31->13->56->188->157->17->81->187->90->27->107->174->169->196->91->179->55->52->106->178->3->32->138->14->155->144->49->102->62->9->61->15->64->114->186->23->76->89->183->153->0->170->117->93->140->68->46->198->115",46
TSPA,LS_Steepest_Edge_Random,31,21260356,130,28389,21846,21846,6543,outputs\runs\ls_steepest_edge_random\TSPA\run_031.txt,"107->90->187->81->174->169->196->91->179->145->168->157->188->56->13->31->78->82->44->120->150->101->1->87->125->74->152->97->26->100->19->189->99->121->182->136->53->158->154->6->173->180->63->80->176->66->141->51->109->60->118->59->72->162->161->24->149->131->47->65->116->105->77->166->11->28->184->190->10->177->104->147->54->30->48->160->192->181->103->146->22->20->18->69->108->67->163->159->193->41->96->115->198->46->68->140->93->117->170->0->153->183->89->76->23->137->12->130->94->124->111->167->128->49->102->62->9->61->144->155->14->32->138->8->185->40->119->165->39->27",48
TSPA,LS_Steepest_Edge_Random,32,21260357,141,28471,21711,21711,6760,outputs\runs\ls_steepest_edge_random\TSPA\run_032.txt,"138->32->3->178->106->52->55->57->92->78->168->145->179->91->185->40->119->8->165->39->27->107->90->174->187->81->169->196->17->157->188->56->31->13->171->88->16->25->44->120->82->2->87->125->74->152->97->1->150->101->26->100->19->189->99->121->53->158->154->6->194->161->24->149->131->166->28->184->11->35->126->29->156->112->4->190->10->177->104->147->54->30->48->160->192->181->103->146->195->159->193->41->96->5->116->105->77->47->65->59->118->60->46->198->139->191->110->68->140->93->117->170->0->141->66->51->109->72->151->133->173->180->136->182->63->94->130->12->124->111->167->148->37->33->9->62->61->144->155->102->49",52
TSPA,LS_Steepest_Edge_Random,33,21260358,128,27148,21954,21954,5194,outputs\runs\ls_steepest_edge_random\TSPA\run_033.txt,"137->23->186->114->64->15->61->144->155->14->138->8->165->39->27->107->90->187->81->174->169->196->17->157->188->56->13->31->168->145->78->25->44->120->82->92->179->91->40->119->185->106->178->3->32->49->102->62->9->33->37->148->167->111->124->94->189->19->97->1->150->101->26->100->99->121->182->136->53->158->180->173->6->194->161->162->72->59->118->115->96->5->42->192->160->28->166->11->35->126->29->156->112->4->84->184->104->147->54->30->48->34->103->146->22->20->18->69->108->67->163->159->193->41->191->139->110->68->46->60->141->66->51->151->133->63->130->12",46
TSPA,LS_Steepest_Edge_Random,34,21260359,129,27319,21251,21251,6068,outputs\runs\ls_steepest_edge_random\TSPA\run_034.txt,"163->67->108->69->18->199->193->41->159->195->146->103->160->192->42->5->96->116->105->77->166->28->184->11->84->4->112->126->156->29->24->149->131->47->65->59->118->72->109->51->66->176->80->63->182->136->180->173->6->154->158->53->121->99->189->19->100->26->101->150->1->97->152->74->125->87->111->167->172->129->82->120->44->25->78->145->168->31->13->56->188->157->17->196->169->81->187->174->40->119->185->8->165->39->90->107->27->71->58->164->7->21->138->32->3->178->49->102->155->144->61->62->9->15->64->114->83->89->183->76->23->137->141->60->46->68->93->140->36",48
TSPA,LS_Steepest_Edge_Random,35,21260360,146,29609,24130,24130,5479,outputs\runs\ls_steepest_edge_random\TSPA\run_035.txt,"179->91->55->52->106->178->3->32->8->165->119->40->185->169->196->81->187->174->90->107->27->71->58->164->7->21->138->49->102->155->144->64->83->89->183->143->170->0->153->76->23->186->114->15->61->62->9->33->37->148->111->167->74->152->19->189->99->182->136->63->133->151->51->109->72->59->118->60->115->198->46->68->93->140->36->67->108->69->163->110->139->191->142->159->193->41->96->5->42->192->160->48->30->54->147->104->184->28->11->166->77->105->116->65->47->131->149->24->4->112->126->156->29->127->194->6->173->180->158->53->121->100->26->97->1->101->150->87->2->82->120->44->25->16->88->171->113->56->13->31->85->188->157->168->78->145",46
TSPA,LS_Steepest_Edge_Random,36,21260361,132,27178,21027,21027,6151,outputs\runs\ls_steepest_edge_random\TSPA\run_036.txt,"116->105->5->96->41->193->115->46->198->139->191->110->68->140->93->117->0->170->143->183->89->76->23->186->114->64->15->61->9->62->144->155->102->49->178->3->32->138->8->165->119->40->185->169->174->107->27->90->187->81->196->17->157->188->85->31->13->56->113->171->88->16->25->44->120->82->2->87->125->74->152->97->1->150->101->26->100->19->189->99->121->53->158->180->136->182->63->94->124->130->12->176->66->141->51->109->60->118->59->72->162->161->194->127->29->156->126->112->4->190->10->177->104->147->54->30->48->34->103->146->181->192->160->28->184->11->166->77->131->149->47->65",46
TSPA,LS_Steepest_Edge_Random,37,21260362,143,29806,23061,23061,6745,outputs\runs\ls_steepest_edge_random\TSPA\run_037.txt,"39->27->107->90->174->187->81->196->169->91->179->145->78->168->157->188->85->31->13->56->113->171->88->16->25->44->120->82->2->87->125->74->152->97->1->150->101->26->100->19->189->99->121->182->136->53->158->180->173->6->194->161->24->149->131->11->84->4->190->10->177->104->147->54->30->48->184->28->166->77->105->47->65->116->5->96->115->198->139->110->191->193->41->181->192->160->103->146->195->159->199->18->69->108->67->163->36->140->93->117->170->0->68->46->60->141->66->51->109->118->59->72->151->133->63->94->130->12->124->111->167->148->37->33->9->62->61->15->114->64->73->132->144->155->102->49->32->138->8->185->40->119->165",48
TSPA,LS_Steepest_Edge_Random,38,21260363,144,30320,23385,23385,6935,outputs\runs\ls_steepest_edge_random\TSPA\run_038.txt,"65->47->131->149->24->161->162->72->59->118->60->109->51->141->66->176->137->23->186->114->64->15->61->9->62->102->49->155->144->132->21->7->164->58->71->27->107->90->39->165->8->138->32->3->178->106->185->40->119->174->187->81->196->169->91->179->145->78->168->157->188->56->13->31->25->44->120->82->2->87->150->101->1->97->152->74->167->111->124->12->130->94->19->189->99->121->182->136->53->158->180->173->6->194->127->29->156->126->112->4->84->11->166->28->184->190->10->177->104->147->54->30->48->160->192->181->159->199->18->69->108->67->163->36->140->93->117->170->0->68->46->198->139->110->191->193->41->96->5->42->43->77->105->116",53
TSPA,LS_Steepest_Edge_Random,39,21260364,138,29515,22385,22385,7130,outputs\runs\ls_steepest_edge_random\TSPA\run_039.txt,"193->41->115->198->139->191->110->163->69->108->67->36->140->93->68->46->60->118->59->72->109->51->141->66->176->137->23->76->183->89->83->114->64->15->61->9->62->144->155->14->138->32->3->178->49->128->167->111->124->12->130->94->63->136->182->121->99->189->19->152->74->125->87->2->82->92->179->91->169->40->119->185->8->165->39->27->107->90->174->187->81->196->17->157->188->56->13->31->168->145->78->25->44->120->150->101->1->97->26->100->53->158->180->173->6->194->127->29->156->126->112->4->190->10->177->104->147->54->30->48->184->28->11->166->77->105->47->65->116->96->5->42->192->160->103->146->195->159",53
TSPA,LS_Steepest_Edge_Random,40,21260365,133,27966,21224,21224,6742,outputs\runs\ls_steepest_edge_random\TSPA\run_040.txt,"18->69->108->67->163->36->140->93->68->46->198->115->59->118->60->141->66->51->109->72->162->161->133->63->136->182->99->189->19->94->130->12->124->111->167->33->37->148->15->114->186->23->76->183->89->83->64->61->9->62->144->155->102->49->178->3->32->138->39->165->8->185->40->119->174->187->81->169->196->17->157->168->31->85->188->56->13->171->88->16->25->44->120->82->2->87->125->74->152->1->150->101->97->26->100->121->53->158->180->173->6->194->127->29->156->126->112->4->190->10->177->104->147->54->30->48->160->192->28->184->11->166->77->105->47->65->116->5->96->41->193->159->199",46
TSPA,LS_Steepest_Edge_Random,41,21260366,140,29496,22708,22708,6788,outputs\runs\ls_steepest_edge_random\TSPA\run_041.txt,"130->124->94->19->189->99->121->100->26->97->1->101->150->120->44->82->78->145->168->31->13->56->188->157->17->196->81->187->174->169->40->119->185->106->178->3->32->138->8->165->39->90->107->27->71->58->164->7->21->132->144->155->61->62->9->37->33->167->111->148->15->64->114->186->23->76->89->183->153->0->170->117->93->140->36->67->108->69->163->110->191->139->198->46->115->116->65->47->105->77->43->42->5->96->41->193->159->195->146->103->181->192->160->48->30->54->147->104->184->28->166->11->84->4->112->126->156->29->127->70->6->154->158->53->136->180->173->194->161->162->72->59->118->60->109->51->141->66->176->12",50
TSPA,LS_Steepest_Edge_Random,42,21260367,130,26966,20124,20124,6842,outputs\runs\ls_steepest_edge_random\TSPA\run_042.txt,"74->152->19->97->1->150->101->26->100->121->99->189->124->12->130->94->63->182->136->53->158->180->173->6->194->161->149->131->24->29->156->126->112->4->84->11->166->28->184->104->147->54->30->48->160->192->181->159->193->41->96->5->42->43->77->105->116->65->59->118->72->109->51->66->141->60->46->68->163->69->108->67->36->140->93->117->170->0->153->183->89->76->23->186->114->64->15->61->9->62->102->49->144->155->14->138->32->3->178->106->52->55->179->91->196->169->185->8->165->119->40->174->187->81->17->157->188->56->13->31->168->145->78->25->44->120->82->2->87->125",50
TSPA,LS_Steepest_Edge_Random,43,21260368,138,28936,22759,22759,6177,outputs\runs\ls_steepest_edge_random\TSPA\run_043.txt,"77->105->47->65->116->5->96->41->193->159->195->103->146->22->20->18->69->108->67->163->36->140->93->68->46->198->115->60->118->59->72->109->51->141->66->176->80->63->99->189->19->152->74->125->87->2->82->129->172->167->111->148->186->23->76->153->0->170->143->183->89->83->114->64->15->9->62->61->144->155->14->138->32->3->178->106->185->40->119->8->165->39->27->107->90->187->81->174->169->196->17->157->188->56->13->31->168->145->78->25->44->120->150->101->1->97->26->100->121->182->136->53->158->180->173->6->194->161->24->29->156->126->112->4->190->10->177->104->147->54->30->48->160->192->28->184->11->166",51
TSPA,LS_Steepest_Edge_Random,44,21260369,138,28126,21824,21824,6302,outputs\runs\ls_steepest_edge_random\TSPA\run_044.txt,"103->146->195->159->193->41->191->139->110->163->69->108->67->36->140->93->117->170->0->153->183->89->76->23->186->114->64->15->61->9->62->102->49->178->3->32->138->14->155->144->132->21->7->164->58->95->39->165->8->185->119->40->169->174->187->81->196->17->157->188->56->113->171->88->16->13->31->168->78->145->91->179->92->82->44->120->2->87->125->74->152->167->111->124->12->130->94->19->189->99->121->182->136->53->158->180->154->6->173->133->151->72->109->51->66->141->60->118->59->116->65->47->105->77->28->166->131->149->24->29->156->126->112->4->84->11->184->190->10->177->104->147->54->30->48->160->192->181",51
TSPA,LS_Steepest_Edge_Random,45,21260370,139,29427,23406,23406,6021,outputs\runs\ls_steepest_edge_random\TSPA\run_045.txt,"99->121->182->136->180->158->53->100->26->97->1->101->150->87->125->74->152->111->167->128->3->178->106->52->55->91->179->145->168->78->16->88->171->113->56->13->31->85->188->157->17->196->169->81->187->174->40->119->185->8->165->90->107->27->39->138->32->49->102->155->144->62->9->61->15->64->114->186->23->76->89->183->153->0->141->66->51->109->72->59->118->60->46->68->93->140->36->163->67->108->69->18->20->22->146->103->160->192->42->5->96->159->193->41->115->116->65->47->105->77->166->11->28->184->48->30->54->147->104->177->10->190->4->112->126->156->29->24->161->194->6->173->63->130->12->124->94->19->189",48
TSPA,LS_Steepest_Edge_Random,46,21260371,142,28593,23068,23068,5525,outputs\runs\ls_steepest_edge_random\TSPA\run_046.txt,"52->106->178->3->32->138->8->185->119->40->169->196->81->187->174->165->39->95->58->164->7->21->155->144->61->15->64->114->186->23->76->89->183->143->170->0->117->93->140->68->46->60->118->72->59->116->65->47->77->105->5->96->41->193->159->181->192->160->48->30->54->147->104->177->10->190->184->28->166->11->84->4->112->126->156->29->127->194->161->162->45->151->51->109->141->66->176->12->130->94->124->148->37->33->9->62->128->167->111->152->74->125->87->1->97->19->189->99->121->182->136->180->173->6->154->158->53->100->26->101->150->2->82->120->44->25->16->88->171->113->56->13->31->85->188->157->168->78->145->179->91->55",46
TSPA,LS_Steepest_Edge_Random,47,21260372,130,26947,20590,20590,6357,outputs\runs\ls_steepest_edge_random\TSPA\run_047.txt,"179->145->168->157->188->56->13->31->78->25->44->120->82->2->87->125->74->152->97->1->150->101->26->100->53->158->180->136->182->121->99->189->19->124->12->130->94->63->133->162->161->24->29->156->126->112->4->190->10->177->104->147->54->30->48->160->192->181->103->146->22->20->18->69->108->67->163->159->193->41->191->110->139->198->115->96->5->42->43->77->47->65->105->116->59->118->72->109->51->66->141->60->46->68->140->93->117->170->0->153->183->89->76->23->186->114->64->15->9->62->61->144->155->14->138->32->3->178->106->185->8->165->119->40->174->187->81->196->169->91",48
TSPA,LS_Steepest_Edge_Random,48,21260373,153,31367,25192,25192,6175,outputs\runs\ls_steepest_edge_random\TSPA\run_048.txt,"147->104->177->10->190->4->112->126->156->29->127->194->6->173->180->158->53->136->182->121->99->189->19->100->26->97->1->101->150->120->44->25->16->88->171->113->56->13->31->85->188->157->168->78->145->179->91->169->196->81->187->174->40->119->185->8->165->39->90->107->27->71->58->164->7->21->155->144->64->83->89->183->76->23->186->114->15->61->9->62->102->49->138->32->3->178->106->52->55->57->92->82->2->87->125->74->152->124->94->130->12->176->66->141->51->109->72->162->161->24->149->131->77->105->47->65->116->59->118->60->115->198->46->68->93->140->36->67->108->69->163->110->139->191->142->159->193->41->96->5->42->166->11->184->28->192->181->146->103->160->48->30->54",49
TSPA,LS_Steepest_Edge_Random,49,21260374,143,29118,23200,23200,5918,outputs\runs\ls_steepest_edge_random\TSPA\run_049.txt,"128->167->111->148->37->33->9->62->61->144->155->102->49->32->138->8->165->39->95->7->164->58->71->27->107->90->187->81->174->169->196->17->157->188->85->31->13->56->113->171->88->16->25->44->120->150->101->1->97->26->100->121->182->136->53->158->180->173->6->194->161->24->35->11->184->28->166->77->105->47->65->116->5->42->192->160->48->147->104->190->10->177->54->30->34->103->146->22->20->18->69->108->67->163->36->140->93->117->170->0->68->139->191->110->142->159->193->41->96->115->198->46->60->118->59->72->109->51->141->66->176->80->63->99->189->19->152->74->125->87->2->82->78->168->145->179->91->40->119->185->106->178->3",51
TSPA,LS_Steepest_Edge_Random,50,21260375,135,27602,21401,21401,6201,outputs\runs\ls_steepest_edge_random\TSPA\run_050.txt,"33->9->62->61->15->64->114->186->23->76->89->183->153->0->60->141->66->51->109->118->59->72->162->161->24->149->131->77->105->47->65->116->5->96->115->198->46->68->110->139->191->41->193->159->163->67->108->69->18->20->22->146->103->181->192->160->48->30->54->147->104->184->28->166->11->84->4->112->126->156->29->127->194->6->173->180->158->53->136->182->121->99->100->26->101->150->1->97->19->189->94->130->12->124->152->74->125->87->2->120->44->82->78->145->168->31->13->56->188->157->17->81->187->174->169->196->91->179->55->52->106->178->3->32->138->14->155->144->102->49->128->167->111->148->37",48
TSPA,LS_Steepest_Edge_Random,51,21260376,128,27176,21266,21266,5910,outputs\runs\ls_steepest_edge_random\TSPA\run_051.txt,"87->125->74->152->97->1->150->101->26->100->121->53->158->154->6->194->161->24->131->149->72->59->118->115->198->139->110->191->193->41->96->5->42->192->160->28->166->11->184->104->147->54->30->48->34->103->146->195->159->163->69->108->67->36->140->93->68->46->60->109->51->141->66->176->80->133->173->180->136->182->99->189->19->94->130->12->124->111->167->148->37->33->9->62->15->114->64->61->144->155->102->49->32->138->8->165->39->27->107->90->174->187->81->196->169->40->119->185->91->179->145->78->168->157->188->85->31->13->56->113->171->88->16->25->44->120->82->2",48
TSPA,LS_Steepest_Edge_Random,52,21260377,125,26946,20170,20170,6776,outputs\runs\ls_steepest_edge_random\TSPA\run_052.txt,"107->27->39->165->119->40->185->8->138->32->3->178->49->128->167->111->148->37->33->9->62->61->155->144->64->114->186->23->137->176->66->141->51->109->60->118->72->59->65->116->105->77->43->42->5->96->115->198->46->68->93->140->36->163->67->108->69->18->20->22->146->103->195->159->193->41->181->192->160->48->30->54->147->104->184->28->166->11->35->24->161->194->6->173->180->158->53->136->182->121->99->100->26->101->150->1->97->189->19->152->74->125->87->2->120->44->82->92->179->91->145->78->168->31->13->56->188->157->17->196->169->81->187->174->90",46
TSPA,LS_Steepest_Edge_Random,53,21260378,127,27021,20902,20902,6119,outputs\runs\ls_steepest_edge_random\TSPA\run_053.txt,"30->54->147->104->184->28->166->11->84->4->112->126->156->29->24->161->162->72->59->118->60->141->109->51->66->176->80->63->182->136->180->158->53->100->26->121->99->189->19->152->74->125->87->1->101->150->120->44->82->92->179->91->145->168->78->16->88->171->113->56->13->31->85->188->157->17->196->169->81->187->174->40->119->90->107->27->71->58->164->7->95->39->165->8->138->32->49->102->155->144->61->62->9->33->37->148->167->111->124->94->130->12->137->23->76->89->183->153->0->46->68->93->140->36->67->108->69->163->159->193->41->96->5->42->192->160->48",46
TSPA,LS_Steepest_Edge_Random,54,21260379,129,27543,21127,21127,6416,outputs\runs\ls_steepest_edge_random\TSPA\run_054.txt,"56->13->31->168->78->145->91->179->92->82->44->120->150->101->1->97->26->100->53->158->154->6->173->180->136->182->121->99->189->19->94->124->130->12->176->66->141->51->109->60->118->59->72->162->161->194->127->29->156->126->112->4->24->149->131->47->65->116->105->77->166->11->28->184->104->147->54->30->48->160->192->181->103->146->195->159->193->41->191->139->110->163->69->108->67->36->140->93->68->46->0->170->143->183->89->76->23->186->114->64->15->148->37->33->9->62->61->144->155->102->49->32->138->21->7->164->58->71->27->107->90->174->187->81->169->196->17->157->188",47
TSPA,LS_Steepest_Edge_Random,55,21260380,124,26107,20859,20859,5248,outputs\runs\ls_steepest_edge_random\TSPA\run_055.txt,"184->48->30->54->147->104->177->10->190->4->112->126->156->29->127->194->6->173->180->158->53->136->182->121->99->100->26->97->1->101->150->120->44->82->92->179->91->169->196->81->187->174->40->119->185->8->165->39->95->58->164->7->21->138->32->14->155->144->61->64->114->83->23->186->15->9->62->102->49->3->178->106->52->55->172->87->125->74->152->19->189->94->124->130->12->176->66->141->51->109->60->46->68->93->140->36->67->108->69->163->110->139->191->41->193->159->195->146->103->181->192->160->28->166->77->105->116->65->59->118->72->149->131->11",43
TSPA,LS_Steepest_Edge_Random,56,21260381,133,27551,21468,21468,6083,outputs\runs\ls_steepest_edge_random\TSPA\run_056.txt,"9->33->37->148->111->167->87->125->74->152->19->97->1->150->101->26->100->53->158->180->136->182->121->99->189->124->12->130->94->63->133->151->72->59->118->115->96->5->105->116->65->47->77->131->149->24->29->156->126->112->4->84->11->166->28->184->104->147->54->30->48->160->192->181->103->146->195->159->193->41->191->139->110->163->69->108->67->36->140->93->68->46->60->109->51->141->66->176->137->23->186->114->64->15->61->144->155->14->138->39->165->119->40->174->187->81->98->188->56->13->31->157->168->145->78->25->44->120->82->92->179->91->196->169->185->8->106->178->3->32->49->102->62",45
TSPA,LS_Steepest_Edge_Random,57,21260382,137,28215,21420,21420,6795,outputs\runs\ls_steepest_edge_random\TSPA\run_057.txt,"133->151->72->59->118->60->109->51->141->66->176->12->130->124->94->189->19->100->26->101->150->1->97->152->74->125->87->2->120->44->82->92->179->91->145->168->78->16->88->171->13->56->188->85->31->157->17->196->169->81->187->174->40->119->185->8->165->39->138->32->3->178->49->102->155->144->61->62->9->33->37->148->15->64->114->186->23->76->89->183->143->170->0->46->68->93->140->36->67->108->69->163->110->139->191->142->159->193->41->96->5->116->65->47->105->77->166->11->184->28->192->160->48->30->54->147->104->177->10->190->4->112->126->156->29->127->194->6->173->180->158->53->121->99->182->136->63",52
TSPA,LS_Steepest_Edge_Random,58,21260383,139,29161,23403,23403,5758,outputs\runs\ls_steepest_edge_random\TSPA\run_058.txt,"158->53->136->182->121->99->189->19->94->124->130->12->176->51->109->72->59->118->60->141->66->137->23->186->15->61->62->9->33->37->148->111->167->74->152->97->26->100->101->150->1->87->129->92->179->91->145->168->78->82->120->44->25->16->88->171->113->56->13->31->85->188->157->17->196->169->185->119->40->174->81->187->90->107->27->39->165->8->138->32->49->102->155->144->64->114->83->89->183->143->170->0->46->198->139->191->110->68->93->140->36->163->67->108->69->18->20->22->146->103->195->159->193->41->96->5->116->65->47->105->77->28->184->160->48->30->54->147->104->11->166->131->149->24->161->194->6->173->180",52
TSPA,LS_Steepest_Edge_Random,59,21260384,128,26761,20126,20126,6635,outputs\runs\ls_steepest_edge_random\TSPA\run_059.txt,"160->48->30->54->147->104->184->28->11->166->77->105->116->65->47->131->149->24->161->194->6->173->180->158->53->136->182->121->100->101->150->1->87->125->74->152->97->26->99->189->19->94->130->12->124->111->167->148->37->33->9->62->61->102->49->32->3->178->106->52->55->91->179->145->78->168->31->13->16->88->171->113->56->188->157->17->196->169->174->81->187->90->107->27->39->165->119->40->185->8->138->14->155->144->64->114->186->23->137->176->66->141->51->109->72->59->118->60->46->68->0->170->117->93->140->36->163->67->108->69->18->199->159->195->146->103->181->192",50
TSPA,LS_Steepest_Edge_Random,60,21260385,136,27881,21562,21562,6319,outputs\runs\ls_steepest_edge_random\TSPA\run_060.txt,"129->87->125->74->152->1->150->101->97->26->100->19->189->99->121->182->136->53->158->180->173->6->194->127->29->156->126->112->4->84->184->104->147->54->30->48->160->192->181->103->146->195->159->193->41->191->110->139->198->46->60->118->59->65->116->105->77->166->28->11->35->24->161->162->72->151->133->63->94->124->130->12->176->66->51->109->141->137->23->186->114->64->15->61->9->62->102->49->155->144->14->138->32->3->178->106->185->40->119->8->165->39->95->7->164->58->71->27->107->90->174->187->81->17->157->188->85->31->13->56->113->171->88->16->25->44->120->82->78->145->168->196->169->91->179->92",46
TSPA,LS_Steepest_Edge_Random,61,21260386,139,28115,22622,22622,5493,outputs\runs\ls_steepest_edge_random\TSPA\run_061.txt,"52->185->40->119->165->8->138->32->3->178->128->167->111->124->94->19->189->99->121->182->136->53->158->180->173->6->194->161->24->29->156->126->112->4->190->10->177->104->147->54->30->48->160->192->28->184->11->166->77->105->47->65->116->5->96->41->193->159->142->191->139->110->163->69->108->67->36->140->93->68->46->0->170->143->183->89->83->64->114->186->23->137->130->12->148->37->33->9->62->61->102->49->155->144->132->21->7->164->58->71->27->107->90->174->187->81->196->169->91->179->145->78->168->157->31->13->85->188->56->113->171->88->16->25->44->120->150->101->1->97->152->74->125->87->2->82->92->57->55",51
TSPA,LS_Steepest_Edge_Random,62,21260387,141,29569,22570,22570,6999,outputs\runs\ls_steepest_edge_random\TSPA\run_062.txt,"111->167->148->37->33->9->62->61->144->155->102->49->32->138->8->185->40->119->165->39->27->107->90->174->187->81->169->196->17->157->188->56->13->31->168->145->78->25->44->120->82->2->87->125->74->152->97->1->150->101->26->100->19->189->99->121->182->136->53->158->180->173->6->194->161->24->29->156->126->112->4->84->11->166->28->184->190->10->177->104->147->54->30->48->160->192->181->103->146->195->159->199->18->69->108->67->163->110->139->191->193->41->96->5->116->105->77->47->65->59->118->60->46->68->140->93->117->0->170->143->183->89->83->64->114->186->23->137->176->66->141->51->109->72->151->133->63->94->130->12->124",52
TSPA,LS_Steepest_Edge_Random,63,21260388,127,27496,19994,19994,7502,outputs\runs\ls_steepest_edge_random\TSPA\run_063.txt,"6->154->158->53->100->26->101->150->1->97->152->74->125->87->2->82->120->44->25->78->31->13->56->188->157->168->145->179->91->169->196->81->187->174->90->107->27->39->165->119->40->185->8->138->32->3->178->49->102->155->144->61->64->114->15->9->62->128->167->111->124->12->130->94->19->189->99->121->182->136->180->173->133->151->72->59->118->109->51->66->141->60->46->68->93->140->36->67->108->69->163->110->139->191->41->193->159->195->146->103->181->192->160->48->30->54->147->104->177->10->190->4->84->11->184->28->166->77->105->116->65->47->131->149->24->161->194",45
TSPA,LS_Steepest_Edge_Random,64,21260389,127,27155,20809,20809,6346,outputs\runs\ls_steepest_edge_random\TSPA\run_064.txt,"31->168->157->17->196->169->185->106->178->3->32->49->102->62->9->33->37->148->167->111->124->12->130->94->19->189->99->97->1->150->101->26->100->121->182->136->53->158->180->173->6->194->161->162->72->109->51->66->141->60->118->59->65->116->105->77->166->28->184->11->84->4->190->10->177->104->147->54->30->48->160->192->103->146->181->42->5->96->41->193->159->199->18->69->108->67->163->36->140->93->68->46->0->153->183->89->76->23->186->114->64->15->61->144->155->14->138->8->39->95->7->164->58->71->27->107->90->165->119->40->174->187->81->98->188->56->13",46
TSPA,LS_Steepest_Edge_Random,65,21260390,127,27533,20072,20072,7461,outputs\runs\ls_steepest_edge_random\TSPA\run_065.txt,"155->102->49->32->138->21->7->164->58->71->27->107->90->39->165->8->185->119->40->174->187->81->169->196->17->157->188->56->113->171->88->16->13->31->168->78->145->91->179->92->82->44->120->150->101->1->87->125->74->152->19->189->99->121->182->136->53->158->180->173->6->194->161->162->72->59->118->109->51->66->141->60->46->198->115->116->65->47->105->77->166->28->184->11->84->4->190->10->177->104->147->54->30->48->160->192->42->5->96->41->193->159->199->18->69->108->67->163->36->140->93->117->170->0->153->183->89->76->23->186->114->64->15->61->9->62->144",45
TSPA,LS_Steepest_Edge_Random,66,21260391,134,27456,22402,22402,5054,outputs\runs\ls_steepest_edge_random\TSPA\run_066.txt,"180->158->53->100->26->101->150->1->97->152->74->125->87->2->120->44->25->16->88->171->113->56->13->31->85->188->157->17->196->81->187->90->27->107->174->169->91->179->145->168->78->82->129->172->167->33->37->9->62->61->155->144->64->114->83->89->183->143->170->0->117->93->140->36->67->108->69->163->68->46->60->118->59->149->131->166->11->184->28->77->47->65->116->105->5->96->41->193->159->195->146->103->181->192->160->48->30->54->147->104->177->10->190->4->112->126->156->29->127->194->161->162->72->109->51->141->66->176->137->23->186->15->148->111->124->12->130->94->19->189->99->121->182->136",45
TSPA,LS_Steepest_Edge_Random,67,21260392,133,28153,20770,20770,7383,outputs\runs\ls_steepest_edge_random\TSPA\run_067.txt,"140->36->67->108->69->163->68->46->198->139->191->110->142->159->193->41->96->5->42->192->160->48->30->54->147->104->184->28->11->166->77->105->116->65->59->118->60->141->66->51->109->72->162->161->194->6->173->180->158->53->136->182->121->99->100->26->97->101->150->1->87->125->74->152->19->189->94->130->12->124->111->167->172->129->82->120->44->25->78->145->168->31->13->56->188->157->17->81->187->174->169->196->91->179->55->52->106->178->3->32->138->8->185->40->119->165->39->90->107->27->71->58->164->7->21->155->144->61->62->9->15->64->114->186->23->76->89->183->153->0->170->117->93",47
TSPA,LS_Steepest_Edge_Random,68,21260393,152,30501,23767,23767,6734,outputs\runs\ls_steepest_edge_random\TSPA\run_068.txt,"22->146->103->195->159->193->41->191->110->139->198->46->115->96->5->42->192->160->48->30->54->147->104->177->10->190->4->112->156->29->126->35->11->184->28->166->77->105->116->65->47->131->149->24->161->194->6->173->180->158->53->136->182->121->99->100->26->101->150->1->97->189->19->152->74->125->87->2->82->120->44->25->16->88->171->113->56->13->31->85->188->157->17->196->81->187->90->107->27->39->165->138->32->8->185->119->40->174->169->91->179->55->52->106->178->3->49->102->155->144->61->62->9->33->37->148->167->111->124->12->130->94->63->133->151->72->59->118->60->109->51->141->66->176->137->23->76->89->183->153->0->170->117->93->140->36->163->67->108->69->18->20",46
TSPA,LS_Steepest_Edge_Random,69,21260394,137,28696,22956,22956,5740,outputs\runs\ls_steepest_edge_random\TSPA\run_069.txt,"185->52->55->91->179->145->78->168->31->13->56->188->157->17->196->169->81->187->174->90->107->27->71->58->164->7->21->155->144->61->15->64->114->186->23->76->89->183->143->170->0->117->93->140->36->163->67->108->69->18->199->159->193->41->96->5->42->160->192->181->146->103->34->48->30->54->147->104->184->28->11->166->77->105->116->65->59->72->118->60->109->51->141->66->176->12->130->124->94->19->189->99->121->182->136->173->161->24->4->112->126->156->29->127->194->6->154->180->158->53->100->26->101->150->1->97->152->74->125->87->167->111->148->37->33->9->62->102->49->178->3->32->138->8->165->119->40",46
TSPA,LS_Steepest_Edge_Random,70,21260395,128,26757,19616,19616,7141,outputs\runs\ls_steepest_edge_random\TSPA\run_070.txt,"55->52->106->178->3->49->128->167->111->124->12->130->94->189->19->97->1->150->101->26->100->99->121->182->136->53->158->180->173->6->194->127->29->156->126->112->4->84->11->166->28->184->104->147->54->30->48->160->192->181->103->146->195->159->193->41->96->5->116->65->47->105->77->131->149->24->161->162->72->59->118->109->51->66->141->60->46->68->140->93->117->170->0->153->183->89->76->23->186->114->64->15->148->37->33->9->62->61->144->155->14->32->138->8->185->40->119->165->39->27->107->90->187->81->174->169->196->17->157->188->56->13->31->168->78->145->179->91",48
TSPA,LS_Steepest_Edge_Random,71,21260396,141,28688,22721,22721,5967,outputs\runs\ls_steepest_edge_random\TSPA\run_071.txt,"10->190->4->112->126->156->29->127->194->6->154->180->158->53->100->26->97->1->101->150->2->82->120->44->25->16->88->171->113->56->13->31->85->188->157->17->196->169->81->187->174->40->119->185->8->165->39->138->14->155->144->61->9->62->102->49->32->3->178->128->167->111->87->125->74->152->124->12->130->94->19->189->99->121->182->136->173->161->162->72->59->118->60->109->51->141->66->176->137->186->114->64->83->23->76->89->183->153->0->170->117->93->140->36->67->108->69->163->110->191->139->198->46->115->41->193->159->195->146->103->181->192->42->5->96->116->105->65->47->77->166->11->184->28->160->48->30->54->147->104->177",48
TSPA,LS_Steepest_Edge_Random,72,21260397,130,28042,20430,20430,7612,outputs\runs\ls_steepest_edge_random\TSPA\run_072.txt,"41->193->191->139->110->163->67->108->69->18->199->159->195->146->103->181->192->160->48->30->54->147->104->184->28->11->166->77->105->116->65->47->131->149->24->161->194->6->173->180->158->53->136->182->121->99->189->19->100->26->101->150->1->97->152->74->125->87->2->82->120->44->25->78->145->179->91->168->31->13->56->188->157->17->196->169->81->187->174->90->107->27->71->58->164->7->95->39->165->119->40->185->8->138->32->49->102->155->144->61->62->9->33->37->148->167->111->124->94->130->12->176->66->141->51->109->72->59->118->60->0->170->117->93->140->68->46->198->115->96",49
TSPA,LS_Steepest_Edge_Random,73,21260398,133,27912,21801,21801,6111,outputs\runs\ls_steepest_edge_random\TSPA\run_073.txt,"159->199->18->69->108->67->163->36->140->93->68->46->198->115->96->5->42->43->77->105->116->65->47->131->149->59->118->60->141->66->51->109->72->162->161->173->180->136->182->121->99->189->19->94->124->130->12->137->23->186->114->64->15->9->62->61->144->155->102->49->32->138->21->7->164->58->71->27->107->90->187->81->174->169->196->17->157->188->56->13->31->168->78->145->179->91->40->119->165->8->185->106->178->3->128->167->111->152->74->125->87->1->150->101->97->26->100->53->158->154->6->194->123->24->166->28->184->11->84->4->190->10->177->104->147->54->30->48->160->192->181->41->193",49
TSPA,LS_Steepest_Edge_Random,74,21260399,149,30566,24570,24570,5996,outputs\runs\ls_steepest_edge_random\TSPA\run_074.txt,"185->40->119->165->8->106->178->3->32->138->21->7->164->58->71->27->107->90->174->187->81->196->17->157->168->31->85->188->56->13->171->88->16->25->44->120->82->2->150->101->1->97->26->100->99->121->53->158->154->6->173->180->136->182->63->80->176->66->51->109->72->118->59->116->105->65->47->77->131->149->24->29->156->126->112->4->190->10->177->104->147->184->11->166->28->192->160->48->54->30->34->103->146->195->5->96->115->198->139->110->191->41->193->159->199->18->69->108->67->163->36->140->93->68->46->60->141->137->23->76->183->89->83->114->64->15->61->62->9->33->37->148->167->111->124->12->130->94->189->19->152->74->125->87->129->92->179->91->169",49
TSPA,LS_Steepest_Edge_Random,75,21260400,121,25838,20201,20201,5637,outputs\runs\ls_steepest_edge_random\TSPA\run_075.txt,"32->14->155->144->61->15->64->114->186->23->137->176->66->141->51->109->72->59->118->60->46->198->139->110->191->41->193->159->163->67->108->69->18->20->22->146->103->34->30->54->147->48->160->192->42->5->96->116->105->65->47->77->166->28->184->11->35->24->161->194->6->173->180->158->53->136->182->121->99->189->19->100->26->97->1->101->150->120->44->82->129->172->167->111->124->94->130->12->148->37->33->9->62->102->49->3->178->106->8->185->169->91->179->145->78->168->31->13->56->188->157->17->196->81->187->174->40->119->165->39->138",44
TSPA,LS_Steepest_Edge_Random,76,21260401,129,27541,20668,20668,6873,outputs\runs\ls_steepest_edge_random\TSPA\run_076.txt,"9->37->33->102->49->32->138->8->185->40->119->165->39->27->107->90->187->81->174->169->196->17->157->188->56->13->31->168->78->145->179->91->55->52->106->178->3->128->167->111->124->12->130->94->189->19->152->74->125->87->1->150->101->97->26->100->99->121->182->136->53->158->180->173->6->194->161->24->29->156->126->112->4->190->10->177->104->147->54->30->48->160->192->28->184->11->166->77->47->65->116->105->5->96->41->193->159->163->69->108->67->36->140->93->117->170->0->68->46->60->118->59->72->109->51->141->66->176->137->23->186->114->64->73->132->144->155->61->62",50
TSPA,LS_Steepest_Edge_Random,77,21260402,137,29042,23280,23280,5762,outputs\runs\ls_steepest_edge_random\TSPA\run_077.txt,"44->120->150->101->1->97->26->100->121->99->189->19->94->124->12->130->63->133->162->161->194->6->70->127->29->156->126->112->4->190->10->177->104->147->54->30->48->160->192->28->184->11->166->42->5->96->41->193->159->195->103->146->22->20->18->69->108->67->163->36->140->93->68->46->198->115->118->59->65->116->105->77->131->149->72->51->109->60->141->66->176->137->23->186->114->64->15->61->144->155->14->138->8->165->39->27->107->90->174->187->81->17->157->188->56->113->171->88->16->13->31->168->78->145->179->91->196->169->40->119->185->106->178->3->32->49->102->62->9->33->37->148->111->167->172->129->82",48
TSPA,LS_Steepest_Edge_Random,78,21260403,144,29675,22477,22477,7198,outputs\runs\ls_steepest_edge_random\TSPA\run_078.txt,"167->111->33->37->148->124->12->130->94->19->189->99->121->182->136->63->80->176->66->141->51->109->72->59->118->60->115->198->46->68->139->191->110->163->67->108->69->18->199->159->193->41->96->5->42->43->105->116->65->47->77->166->11->184->28->192->160->48->30->54->147->104->177->10->190->4->112->126->156->29->127->194->6->173->180->158->53->100->26->101->150->1->97->152->74->125->87->2->82->120->44->25->16->88->171->113->56->13->31->85->188->157->168->78->145->179->91->169->196->81->187->174->40->119->185->106->178->3->32->138->8->165->39->90->107->27->71->58->164->7->21->132->73->64->114->15->9->62->61->144->155->102->49->128",51
TSPA,LS_Steepest_Edge_Random,79,21260404,135,28193,21970,21970,6223,outputs\runs\ls_steepest_edge_random\TSPA\run_079.txt,"5->96->41->193->159->199->18->69->108->67->163->36->140->93->68->46->0->153->183->89->76->23->186->114->64->15->148->37->33->9->62->61->144->155->102->49->3->178->106->185->40->119->165->8->32->138->21->7->164->58->71->27->107->90->187->81->174->169->196->91->179->145->168->157->188->56->113->171->88->16->13->31->78->25->44->120->82->2->87->125->74->152->19->97->1->150->101->26->100->53->158->180->136->182->121->99->189->94->124->130->12->176->66->51->109->141->60->118->72->59->65->47->77->166->11->35->126->29->156->112->4->190->10->177->104->147->54->30->48->160->184->28->43->105->116",47
TSPA,LS_Steepest_Edge_Random,80,21260405,138,28793,22818,22818,5975,outputs\runs\ls_steepest_edge_random\TSPA\run_080.txt,"23->76->89->183->143->170->0->117->93->140->68->46->198->115->96->41->193->159->195->146->103->181->192->160->28->184->11->166->77->105->116->65->47->131->149->24->4->112->126->156->29->127->194->161->162->72->59->118->60->109->51->151->133->63->182->136->180->158->53->121->99->100->26->97->101->150->1->152->74->125->87->2->82->120->44->25->78->145->168->31->13->56->188->157->17->196->169->81->187->174->90->107->27->71->58->164->7->95->39->165->8->119->40->185->91->179->55->52->106->178->3->32->138->49->102->155->144->62->9->61->64->114->15->148->37->33->167->111->124->19->189->94->130->12->176->66->141->137",47
TSPA,LS_Steepest_Edge_Random,81,21260406,140,28218,22097,22097,6121,outputs\runs\ls_steepest_edge_random\TSPA\run_081.txt,"146->195->159->199->18->69->108->67->163->142->193->41->96->5->42->43->77->105->116->65->59->72->51->109->118->60->46->198->139->191->110->68->140->93->117->170->0->153->183->89->76->23->186->114->64->15->9->62->61->144->155->102->49->32->138->8->165->119->40->174->187->81->169->196->17->157->188->56->113->171->88->16->13->31->168->78->145->179->91->185->106->3->178->52->55->57->92->82->44->120->150->101->1->87->125->74->152->97->26->100->53->158->154->6->173->180->136->182->121->99->189->19->94->124->12->130->63->133->162->161->24->29->156->126->112->4->84->11->166->28->184->104->147->54->30->48->160->192->181->103",49
TSPA,LS_Steepest_Edge_Random,82,21260407,129,26198,19901,19901,6297,outputs\runs\ls_steepest_edge_random\TSPA\run_082.txt,"171->88->16->25->44->120->82->2->87->125->74->152->97->1->150->101->26->100->19->189->99->121->182->136->53->158->180->173->6->194->161->162->72->109->51->66->141->60->118->59->116->65->47->105->77->166->11->28->184->104->147->54->30->48->160->192->42->5->96->41->193->195->103->146->22->159->142->191->139->110->163->69->108->67->36->140->93->117->0->170->143->183->89->76->23->186->114->64->15->33->37->148->111->167->128->9->62->61->144->155->102->49->178->3->32->138->21->7->164->58->95->39->165->8->119->40->185->179->91->169->196->17->157->188->85->31->13->56->113",51
TSPA,LS_Steepest_Edge_Random,83,21260408,131,26980,20198,20198,6782,outputs\runs\ls_steepest_edge_random\TSPA\run_083.txt,"99->121->182->136->53->158->180->173->6->194->161->24->149->131->47->65->116->105->77->166->11->28->184->104->147->54->30->48->160->192->181->103->146->195->159->193->41->96->115->198->46->68->140->93->117->170->0->153->183->89->76->23->186->114->64->15->61->9->62->102->49->178->3->32->138->14->155->144->132->21->7->164->58->71->27->107->90->39->165->8->185->119->40->174->187->81->169->196->17->157->188->85->31->13->56->113->171->88->16->44->25->78->168->145->91->179->92->82->120->2->87->125->74->152->111->167->33->37->148->12->130->124->94->189->19->97->1->150->101->26->100",46
TSPA,LS_Steepest_Edge_Random,84,21260409,146,29535,22775,22775,6760,outputs\runs\ls_steepest_edge_random\TSPA\run_084.txt,"125->74->152->97->1->150->101->26->100->53->158->154->6->173->180->136->182->121->99->189->19->94->124->130->12->176->151->45->161->162->72->109->51->66->141->60->118->59->65->116->105->77->131->149->24->29->156->126->112->4->84->11->166->28->184->104->147->54->30->48->160->192->42->5->96->115->198->46->68->110->139->191->41->193->159->195->103->146->22->20->18->69->108->67->163->36->140->93->117->170->0->153->183->89->76->23->186->114->64->15->61->9->62->144->155->14->138->39->165->8->185->119->40->174->187->81->169->196->17->157->188->56->13->31->168->91->179->145->78->25->44->120->82->92->57->55->52->106->178->3->32->49->128->167->111->87",48
TSPA,LS_Steepest_Edge_Random,85,21260410,148,30085,22638,22638,7447,outputs\runs\ls_steepest_edge_random\TSPA\run_085.txt,"48->30->54->147->104->184->11->84->4->112->126->156->29->127->194->6->173->180->158->53->136->182->121->99->100->26->101->150->1->97->19->189->94->130->12->124->111->167->172->129->82->120->44->25->16->88->171->113->56->13->31->85->188->157->17->196->169->174->81->187->90->107->27->71->58->164->7->95->39->165->8->119->40->185->91->179->55->52->106->178->3->32->138->49->102->155->144->61->62->9->33->37->148->15->64->114->186->23->76->89->183->143->170->0->117->93->140->36->67->108->69->163->110->191->139->198->46->60->141->66->51->109->118->59->72->162->161->24->149->131->166->28->77->47->65->116->105->5->96->41->193->159->195->146->103->181->192->160",51
TSPA,LS_Steepest_Edge_Random,86,21260411,144,29837,22659,22659,7178,outputs\runs\ls_steepest_edge_random\TSPA\run_086.txt,"74->125->87->2->120->44->82->92->179->91->145->78->168->31->13->56->188->157->17->196->169->174->81->187->90->107->27->39->165->8->119->40->185->106->178->3->32->138->14->155->144->132->73->64->114->186->23->76->89->183->153->0->170->117->93->140->68->46->198->115->96->41->193->191->139->110->163->67->108->69->18->199->159->195->146->103->181->192->160->48->30->54->147->104->177->10->190->4->112->156->29->126->35->11->184->28->166->77->105->116->65->59->118->72->51->109->60->141->66->176->130->12->148->37->33->9->62->61->102->49->128->167->111->124->94->19->189->99->182->136->180->173->6->154->158->53->121->100->26->101->150->1->97->152",48
TSPA,LS_Steepest_Edge_Random,87,21260412,123,26367,19770,19770,6597,outputs\runs\ls_steepest_edge_random\TSPA\run_087.txt,"1->97->26->100->19->124->12->130->94->189->99->121->182->136->53->158->180->173->6->194->161->162->72->51->109->118->59->65->116->105->77->166->28->184->11->35->126->29->156->112->4->190->10->177->104->147->54->30->48->160->192->42->5->96->41->193->159->199->18->69->108->67->163->36->140->93->117->170->0->68->110->191->139->198->46->60->141->66->176->137->23->186->114->64->15->61->62->9->33->37->148->111->167->128->49->102->144->155->14->32->138->8->185->40->119->165->39->27->107->90->187->81->174->169->196->91->179->92->82->44->120->150->101",45
TSPA,LS_Steepest_Edge_Random,88,21260413,128,26666,20224,20224,6442,outputs\runs\ls_steepest_edge_random\TSPA\run_088.txt,"27->107->90->187->81->174->169->196->17->157->188->85->31->13->56->113->171->88->16->78->168->145->179->91->40->119->185->106->178->3->32->49->102->62->9->33->37->148->111->167->87->125->74->152->1->150->101->97->26->100->19->189->99->121->182->136->53->158->180->173->6->194->161->162->72->118->59->116->65->47->105->77->166->11->28->184->104->147->54->30->48->160->192->42->5->96->41->193->159->199->18->69->108->67->163->36->140->93->117->170->0->68->46->60->109->51->141->66->176->80->94->124->130->12->137->23->186->114->64->15->61->144->155->14->138->8->165->39",46
TSPA,LS_Steepest_Edge_Random,89,21260414,135,28341,21656,21656,6685,outputs\runs\ls_steepest_edge_random\TSPA\run_089.txt,"150->101->1->97->26->100->19->189->99->121->182->136->53->158->180->173->6->194->161->24->149->131->77->166->28->184->11->84->4->190->10->177->104->147->54->30->48->160->192->181->41->193->159->163->69->108->67->36->140->93->68->46->198->115->96->5->116->105->47->65->59->118->72->51->109->60->141->66->176->12->130->94->124->111->148->37->33->9->62->61->144->155->14->138->32->3->178->49->128->167->152->74->125->87->2->82->92->179->91->145->78->168->196->169->174->40->119->185->8->165->39->95->7->164->58->71->27->107->90->187->81->17->157->188->85->31->13->56->113->171->88->16->25->44->120",48
TSPA,LS_Steepest_Edge_Random,90,21260415,138,29225,23362,23362,5863,outputs\runs\ls_steepest_edge_random\TSPA\run_090.txt,"12->130->124->94->19->189->99->97->152->74->167->111->148->37->33->9->62->61->15->114->64->144->155->102->49->32->138->21->7->164->58->71->27->107->90->174->187->81->196->169->40->119->165->8->185->91->179->145->78->168->157->31->85->188->56->13->171->88->16->25->44->120->82->2->87->1->150->101->26->100->121->182->136->53->158->180->173->6->194->161->24->35->11->166->28->184->104->147->54->30->48->160->192->181->103->146->22->20->18->69->108->67->163->36->140->93->68->110->139->191->142->159->193->41->96->5->42->43->77->105->116->65->59->72->118->60->109->51->66->141->0->170->143->183->89->76->23->137",48
TSPA,LS_Steepest_Edge_Random,91,21260416,136,27493,21045,21045,6448,outputs\runs\ls_steepest_edge_random\TSPA\run_091.txt,"180->63->80->176->66->141->51->109->72->59->118->60->46->198->115->96->5->42->43->77->105->116->65->47->131->149->24->29->156->126->112->4->84->11->166->28->184->160->48->147->54->30->34->103->146->195->159->193->41->191->139->110->163->69->108->67->36->140->93->117->170->0->153->183->89->76->23->186->114->64->15->61->144->155->49->102->62->9->33->37->148->167->111->124->12->130->94->189->19->152->74->125->87->129->92->179->91->169->185->8->165->119->40->174->187->81->196->17->157->188->56->13->31->168->145->78->25->44->120->82->2->150->101->1->97->26->100->99->121->182->136->53->158->154->6->173",47
TSPA,LS_Steepest_Edge_Random,92,21260417,143,29240,23870,23870,5370,outputs\runs\ls_steepest_edge_random\TSPA\run_092.txt,"6->194->127->29->156->126->112->4->84->11->166->77->105->116->65->47->131->149->24->161->162->72->109->51->66->141->60->118->59->115->193->41->96->5->42->28->184->190->10->177->104->147->54->30->48->160->192->181->103->146->195->159->199->18->69->108->67->163->36->140->93->117->170->0->153->183->89->76->23->186->114->64->73->132->144->155->102->49->138->39->165->119->40->185->8->32->3->178->106->52->169->174->107->27->90->187->81->196->17->157->91->179->145->78->168->31->13->56->113->171->88->16->25->44->120->82->2->87->125->74->152->167->111->124->12->130->94->19->189->99->26->97->1->150->101->100->121->182->136->53->158->180->173",49
TSPA,LS_Steepest_Edge_Random,93,21260418,132,26914,20768,20768,6146,outputs\runs\ls_steepest_edge_random\TSPA\run_093.txt,"129->82->120->44->25->78->145->168->31->13->56->188->157->17->196->81->187->174->90->107->27->39->165->8->185->119->40->169->91->179->55->52->106->178->3->32->138->14->155->144->61->62->9->33->37->148->15->64->114->186->23->76->89->183->153->0->170->117->93->140->36->163->67->108->69->18->199->159->193->41->181->192->160->48->30->54->147->104->177->10->190->184->28->166->11->84->4->112->126->156->29->24->149->131->77->105->47->65->116->5->96->115->59->72->118->60->141->109->51->66->176->80->133->173->6->154->180->158->53->136->182->121->99->189->19->94->130->12->124->111->167->172",47
TSPA,LS_Steepest_Edge_Random,94,21260419,146,29566,23863,23863,5703,outputs\runs\ls_steepest_edge_random\TSPA\run_094.txt,"155->144->61->62->9->15->64->114->83->89->183->76->23->137->141->109->51->66->176->80->94->124->130->12->148->37->33->111->74->152->19->189->99->182->136->63->133->151->72->59->118->60->46->68->110->191->139->198->115->96->41->193->159->195->146->103->181->192->160->48->30->54->147->104->177->10->190->184->28->166->77->105->116->65->47->131->149->24->35->11->84->4->112->126->156->29->127->194->6->173->180->158->53->121->100->26->97->101->150->1->87->2->82->120->44->25->78->145->168->16->88->171->113->56->13->31->85->188->157->17->196->81->187->174->90->107->27->39->165->8->185->119->40->169->91->179->55->52->167->128->178->3->32->138->49->102",48
TSPA,LS_Steepest_Edge_Random,95,21260420,143,30605,23258,23258,7347,outputs\runs\ls_steepest_edge_random\TSPA\run_095.txt,"76->89->183->143->170->0->117->93->140->36->163->67->108->69->18->20->22->146->103->195->159->193->41->191->110->139->198->46->115->96->5->105->77->166->11->184->28->192->160->48->30->54->147->104->177->10->190->4->112->126->156->29->24->149->131->47->65->116->59->118->60->141->66->51->109->72->162->161->194->6->173->180->158->53->136->182->121->99->189->19->100->26->97->1->101->150->120->44->82->92->179->91->145->78->168->31->13->56->188->157->17->196->169->81->187->174->40->119->185->8->165->39->90->107->27->71->58->164->7->21->138->32->49->102->155->144->61->62->9->37->33->167->111->124->94->130->12->148->15->64->114->186->23",52
TSPA,LS_Steepest_Edge_Random,96,21260421,137,29000,21684,21684,7316,outputs\runs\ls_steepest_edge_random\TSPA\run_096.txt,"108->67->36->140->93->117->170->0->153->183->89->76->23->186->114->64->15->61->9->62->102->49->144->155->14->138->32->3->178->106->185->40->119->8->165->39->27->107->90->174->187->81->169->196->17->157->188->56->31->13->171->88->16->78->168->145->91->179->92->82->129->172->167->111->124->12->130->94->63->173->180->136->182->121->99->189->19->97->1->150->101->26->100->53->158->154->6->194->161->162->72->109->51->66->141->60->118->59->116->65->47->105->77->131->149->24->29->156->126->112->4->84->11->166->28->184->104->147->54->30->48->160->192->181->103->146->195->159->193->41->96->115->198->46->68->163->69",52
TSPA,LS_Steepest_Edge_Random,97,21260422,124,26320,19645,19645,6675,outputs\runs\ls_steepest_edge_random\TSPA\run_097.txt,"31->13->56->188->157->17->196->169->174->81->187->90->107->27->39->165->119->40->185->8->138->32->49->102->155->144->62->9->61->64->114->15->148->37->33->167->111->124->94->130->12->176->66->141->60->46->198->115->96->41->193->159->195->146->103->181->192->160->28->43->105->116->65->47->77->166->184->48->30->54->147->104->177->10->190->11->84->4->112->126->156->29->24->131->149->59->118->109->51->72->151->133->173->6->154->180->158->53->136->182->121->99->189->19->100->26->101->150->1->97->152->74->125->87->2->82->120->44->25->78->145->179->91->168",40
TSPA,LS_Steepest_Edge_Random,98,21260423,134,28480,21488,21488,6992,outputs\runs\ls_steepest_edge_random\TSPA\run_098.txt,"1->97->152->74->125->87->2->82->120->44->25->78->145->168->31->13->56->188->157->17->196->169->81->187->174->40->119->165->90->107->27->39->8->185->91->179->55->52->106->178->3->32->138->14->155->144->64->114->15->61->62->9->33->37->148->167->111->124->94->130->12->176->66->141->60->109->51->72->118->59->65->116->115->198->46->68->0->170->117->93->140->36->163->67->108->69->18->199->159->193->41->96->5->42->43->105->77->166->11->184->28->192->160->48->30->54->147->104->177->10->190->4->112->126->156->29->24->161->194->6->173->180->158->53->136->182->121->99->189->19->100->26->101->150",49
TSPA,LS_Steepest_Edge_Random,99,21260424,129,27004,20812,20812,6192,outputs\runs\ls_steepest_edge_random\TSPA\run_099.txt,"185->8->165->39->90->107->27->71->58->164->7->21->132->144->155->49->102->62->9->61->15->64->114->186->23->76->89->183->153->0->170->117->93->140->36->67->108->69->163->110->139->191->41->193->159->181->192->160->48->30->54->147->104->177->10->190->4->84->11->184->28->166->42->5->96->116->105->77->47->65->59->118->60->141->66->51->109->72->162->161->133->63->130->12->124->94->182->136->180->158->53->121->99->189->19->152->74->125->87->1->101->150->120->44->82->92->179->91->145->168->78->16->88->171->113->56->13->31->85->188->157->17->196->169->81->187->174->119->40",49
TSPA,LS_Steepest_Edge_Random,100,21260425,125,26302,20865,20865,5437,outputs\runs\ls_steepest_edge_random\TSPA\run_100.txt,"118->115->198->139->191->110->69->108->67->163->36->140->93->68->46->60->141->66->176->137->23->76->183->89->83->114->64->15->61->144->155->49->102->62->9->33->37->148->167->111->124->12->130->94->189->19->152->74->125->87->172->55->52->185->40->119->8->165->39->27->107->90->174->187->81->169->196->17->157->188->56->13->31->168->78->145->91->179->92->82->44->120->150->101->1->97->26->100->99->121->182->136->53->158->180->173->6->194->161->24->149->131->166->11->104->147->54->30->48->160->184->28->77->43->42->5->96->116->105->47->65->59->72->51->109",46
TSPA,LS_Steepest_Edge_Random_Candidate,1,22260329,140,28897,22218,22218,6679,outputs\runs\ls_steepest_edge_random_candidate\TSPA\run_001.txt,"165->8->185->119->40->169->91->179->52->55->57->92->82->120->44->25->78->145->168->16->88->171->113->56->13->31->85->188->157->17->196->81->187->174->90->107->27->71->58->164->7->21->132->73->64->114->186->23->76->89->183->153->0->170->117->93->140->68->46->60->141->66->51->109->72->118->59->65->47->77->105->116->115->198->139->191->110->142->159->193->41->96->5->42->192->160->48->30->54->147->104->184->28->166->11->84->4->112->126->156->29->24->161->194->6->173->180->158->53->136->182->121->99->100->26->101->150->1->97->19->189->94->130->12->124->111->167->148->37->33->9->62->61->144->155->102->49->32->138->39",32
TSPA,LS_Steepest_Edge_Random_Candidate,2,22260330,133,27155,21298,21298,5857,outputs\runs\ls_steepest_edge_random_candidate\TSPA\run_002.txt,"19->189->99->121->182->136->53->158->180->154->6->173->133->80->176->66->141->51->109->60->118->59->72->162->161->194->127->29->156->126->112->4->84->11->184->104->147->54->30->48->160->192->28->166->131->149->77->105->47->65->116->5->96->41->193->159->199->18->69->108->67->163->36->140->93->68->46->0->170->143->183->89->76->23->186->114->64->15->61->144->155->49->102->62->9->33->37->148->111->167->128->55->52->106->178->3->32->138->8->165->119->40->185->91->179->145->168->157->17->196->169->174->187->81->98->188->56->113->171->88->16->13->31->78->82->44->120->150->101->1->97->26->100",25
TSPA,LS_Steepest_Edge_Random_Candidate,3,22260331,148,30289,23084,23084,7205,outputs\runs\ls_steepest_edge_random_candidate\TSPA\run_003.txt,"36->163->67->108->69->18->20->22->146->103->195->159->193->41->96->5->42->192->160->48->30->54->147->104->177->10->190->184->28->166->11->84->4->112->126->156->29->24->149->131->77->105->47->65->116->59->118->60->141->66->51->109->72->162->161->194->6->173->180->158->53->136->182->121->99->189->19->100->26->101->150->1->97->152->74->125->87->2->120->44->82->129->172->111->167->128->3->178->106->52->55->91->179->145->78->168->31->13->16->88->171->113->56->188->157->17->196->81->187->174->169->40->119->185->8->165->39->90->107->27->71->58->164->7->21->138->32->49->102->155->144->61->62->9->15->64->114->186->23->76->89->183->143->170->0->117->93->140",28
TSPA,LS_Steepest_Edge_Random_Candidate,4,22260332,129,27864,21193,21193,6671,outputs\runs\ls_steepest_edge_random_candidate\TSPA\run_004.txt,"164->7->21->138->32->3->178->49->102->155->144->62->9->61->15->64->114->186->23->137->176->66->141->60->109->51->72->118->59->65->47->77->105->116->5->96->41->193->191->139->110->142->159->199->163->67->108->69->18->20->22->146->103->181->192->160->48->30->54->147->104->184->28->166->11->84->4->112->126->156->29->24->161->194->6->173->180->158->53->136->182->121->99->100->26->19->189->94->130->12->124->111->167->87->125->74->152->97->1->101->150->120->44->82->78->145->168->31->13->56->188->157->17->196->169->81->187->174->40->119->185->8->165->39->90->107->27->71->58",89
TSPA,LS_Steepest_Edge_Random_Candidate,5,22260333,136,28362,21294,21294,7068,outputs\runs\ls_steepest_edge_random_candidate\TSPA\run_005.txt,"189->19->94->124->130->12->176->66->51->109->141->60->118->72->59->115->46->198->139->110->191->193->41->96->5->116->65->47->105->77->166->28->184->11->35->126->29->156->112->4->190->10->177->104->147->54->30->48->160->192->181->159->142->163->69->108->67->36->140->93->117->170->0->153->183->89->76->23->186->114->64->15->148->37->33->9->62->61->144->155->102->49->32->138->21->7->164->58->71->27->107->90->39->165->8->185->119->40->174->187->81->169->196->17->157->188->56->13->31->168->91->179->145->78->25->44->120->82->2->87->125->74->152->97->1->150->101->26->100->53->158->180->136->182->121->99",21
TSPA,LS_Steepest_Edge_Random_Candidate,6,22260334,129,26883,20783,20783,6100,outputs\runs\ls_steepest_edge_random_candidate\TSPA\run_006.txt,"113->50->188->56->13->31->157->17->196->169->81->187->174->40->119->165->8->138->32->49->102->155->144->62->9->61->15->64->114->186->23->76->89->183->153->0->46->68->93->140->36->163->67->108->69->18->199->159->195->146->103->34->30->54->147->48->160->192->181->41->193->191->110->139->198->115->96->5->116->65->47->105->77->28->184->11->166->131->149->72->59->118->60->141->66->51->151->45->162->161->194->6->173->180->158->53->136->182->121->99->100->26->101->150->1->97->19->189->94->130->12->124->152->74->125->87->2->120->44->82->92->179->91->145->168->78->16->88->171",7
TSPA,LS_Steepest_Edge_Random_Candidate,7,22260335,131,27699,21919,21919,5780,outputs\runs\ls_steepest_edge_random_candidate\TSPA\run_007.txt,"138->8->185->40->119->165->39->27->107->90->187->81->174->169->196->17->157->188->56->13->31->168->78->145->91->179->92->82->44->120->150->101->1->97->26->100->99->121->182->136->53->158->180->173->6->194->161->24->35->11->166->28->184->104->147->54->30->48->160->103->146->181->192->43->77->105->47->65->116->59->72->118->60->115->96->41->193->159->199->18->69->108->67->163->110->191->139->198->46->68->140->93->117->170->0->153->183->89->76->23->137->141->109->51->66->176->12->130->124->94->189->19->152->74->125->87->172->55->52->106->178->3->32->49->102->62->9->61->144->155->14",6
TSPA,LS_Steepest_Edge_Random_Candidate,8,22260336,139,28470,23997,23997,4473,outputs\runs\ls_steepest_edge_random_candidate\TSPA\run_008.txt,"48->30->54->147->104->184->28->11->166->77->105->116->65->59->118->109->51->72->162->161->24->4->112->126->156->29->127->194->6->173->180->158->53->136->182->121->99->100->26->97->1->101->150->120->44->82->2->87->125->74->152->19->189->94->124->130->12->176->66->141->60->46->68->0->153->76->23->186->114->15->148->37->33->9->62->102->49->138->32->3->178->106->185->169->196->17->157->168->31->13->16->88->171->113->56->188->98->81->187->174->40->119->8->165->39->95->58->164->7->21->155->144->61->64->83->89->183->143->170->117->93->140->36->67->108->69->163->110->191->139->198->115->193->41->96->5->42->192->160",7
TSPA,LS_Steepest_Edge_Random_Candidate,9,22260337,147,29998,23181,23181,6817,outputs\runs\ls_steepest_edge_random_candidate\TSPA\run_009.txt,"74->152->97->26->100->19->189->99->121->53->158->180->136->182->63->80->176->66->141->51->109->72->162->161->24->29->156->126->112->4->84->11->184->104->147->54->30->48->160->192->28->166->77->105->116->65->59->118->60->46->198->115->96->41->193->159->195->103->146->22->20->18->69->108->67->163->36->140->93->117->170->0->153->183->89->76->23->186->114->64->15->61->62->9->33->37->148->111->167->128->49->102->144->155->14->138->32->3->178->106->185->40->119->8->165->39->95->7->164->58->71->27->107->90->174->187->81->169->196->17->157->188->56->113->171->88->16->13->31->168->78->145->179->91->52->55->57->92->82->44->120->75->150->101->1->87->125",6
TSPA,LS_Steepest_Edge_Random_Candidate,10,22260338,143,30378,24337,24337,6041,outputs\runs\ls_steepest_edge_random_candidate\TSPA\run_010.txt,"197->115->41->193->159->163->69->108->67->36->140->93->68->46->60->141->153->0->170->143->183->89->76->23->186->114->64->15->9->62->61->144->155->102->49->32->138->21->7->164->58->71->27->107->90->39->165->8->185->119->40->174->187->81->169->196->17->157->188->56->113->171->88->16->13->31->168->78->145->91->179->92->82->44->120->150->101->1->97->26->100->53->158->136->182->121->99->189->19->94->124->167->111->12->130->176->66->51->109->118->59->72->162->161->194->173->180->154->6->70->127->123->24->149->131->77->166->28->184->11->35->126->29->156->112->4->190->10->177->104->147->54->30->48->160->192->42->5->96->116->105->47->65",6
TSPA,LS_Steepest_Edge_Random_Candidate,11,22260339,145,30149,22911,22911,7238,outputs\runs\ls_steepest_edge_random_candidate\TSPA\run_011.txt,"23->186->114->64->15->9->62->61->144->155->21->7->164->58->71->27->107->90->39->165->8->185->119->40->174->187->81->169->196->17->157->188->56->13->31->168->78->145->179->91->55->52->106->178->3->32->138->49->128->167->111->124->12->130->94->189->19->152->74->125->87->150->101->1->97->26->100->99->121->182->136->53->158->180->154->6->173->133->80->176->66->141->51->109->72->162->161->194->127->29->156->126->112->4->190->10->177->104->147->54->30->48->160->192->181->103->146->195->159->193->41->96->5->116->65->47->105->77->166->28->184->11->35->24->131->149->59->118->60->46->68->163->69->108->67->36->140->93->117->0->170->143->183->89->76",7
TSPA,LS_Steepest_Edge_Random_Candidate,12,22260340,137,27639,22669,22669,4970,outputs\runs\ls_steepest_edge_random_candidate\TSPA\run_012.txt,"150->120->44->25->16->88->171->113->50->188->56->13->31->157->17->196->169->81->187->174->90->107->27->71->58->164->7->95->39->165->8->119->40->185->106->178->3->32->138->14->155->144->62->9->61->64->114->83->89->183->143->170->0->46->198->139->191->110->68->93->140->36->163->67->108->69->18->199->159->193->41->96->5->116->65->47->105->77->166->28->184->11->35->24->161->162->72->59->118->60->141->109->51->151->133->63->182->136->180->158->53->121->99->189->19->94->124->130->12->176->66->137->23->186->15->33->37->148->111->167->128->52->55->91->179->145->168->78->82->2->87->125->74->152->97->1->101",6
TSPA,LS_Steepest_Edge_Random_Candidate,13,22260341,126,26481,21004,21004,5477,outputs\runs\ls_steepest_edge_random_candidate\TSPA\run_013.txt,"141->51->109->60->46->68->93->140->36->163->67->108->69->18->199->159->193->41->195->146->103->181->192->160->48->30->54->147->104->184->28->166->11->84->4->112->126->156->29->24->149->131->77->105->116->65->59->118->72->162->161->194->6->173->180->158->53->121->100->26->101->150->1->97->19->189->99->182->136->63->94->130->12->124->111->167->152->74->125->87->2->120->44->82->92->179->55->52->106->178->3->32->8->185->119->40->169->91->145->78->168->31->13->56->188->157->17->196->81->187->174->165->39->138->14->155->144->132->73->64->114->186->23->137->176->66",7
TSPA,LS_Steepest_Edge_Random_Candidate,14,22260342,114,24028,18428,18428,5600,outputs\runs\ls_steepest_edge_random_candidate\TSPA\run_014.txt,"99->100->26->101->150->1->97->19->189->94->124->152->74->125->87->2->82->120->44->25->16->88->171->13->31->56->188->157->17->196->81->187->174->169->91->179->168->78->145->92->172->167->111->37->33->102->49->178->3->32->138->14->155->144->61->62->9->148->12->130->176->66->51->109->141->60->46->68->93->140->36->67->108->69->163->110->139->191->41->193->159->195->146->103->181->192->160->48->30->54->147->104->184->28->11->166->77->105->116->65->59->118->72->162->161->194->6->173->180->158->53->136->182->121",6
TSPA,LS_Steepest_Edge_Random_Candidate,15,22260343,161,32171,26122,26122,6049,outputs\runs\ls_steepest_edge_random_candidate\TSPA\run_015.txt,"167->111->152->74->125->87->129->92->179->91->55->52->106->178->3->32->49->102->144->155->14->138->39->95->7->164->58->71->27->107->90->165->8->185->119->40->174->187->81->169->196->17->157->188->56->113->171->88->16->13->31->168->145->78->82->44->120->75->150->101->1->97->26->100->19->189->99->121->182->136->53->158->180->173->6->194->127->29->156->126->112->4->190->10->177->104->147->54->30->48->160->184->28->166->11->35->24->149->131->47->65->116->105->77->43->42->5->96->41->193->159->199->18->69->108->67->163->110->191->139->198->46->68->140->93->117->170->0->153->183->89->76->23->137->176->66->141->51->109->60->118->59->72->162->161->133->63->94->124->130->12->148->37->33->15->114->64->61->62->9->128",7
TSPA,LS_Steepest_Edge_Random_Candidate,16,22260344,138,29178,22352,22352,6826,outputs\runs\ls_steepest_edge_random_candidate\TSPA\run_016.txt,"53->158->180->173->6->194->161->24->29->156->126->112->4->84->11->184->104->147->54->30->48->160->192->103->146->181->28->166->77->105->47->65->116->59->72->51->109->118->60->46->198->115->96->41->193->159->199->18->69->108->67->163->36->140->93->117->0->170->143->183->89->76->23->137->141->66->176->80->63->136->182->99->189->19->94->130->12->124->111->167->148->37->33->9->62->61->144->155->102->49->178->3->32->138->8->185->40->119->165->39->95->7->164->58->71->27->107->90->187->81->174->169->196->17->157->188->56->13->31->168->145->78->25->44->120->82->2->87->125->74->152->97->1->150->101->26->100->121",7
TSPA,LS_Steepest_Edge_Random_Candidate,17,22260345,124,27284,20037,20037,7247,outputs\runs\ls_steepest_edge_random_candidate\TSPA\run_017.txt,"78->25->44->120->82->129->172->167->111->124->12->130->94->189->19->97->1->150->101->26->100->99->121->182->136->53->158->180->173->6->194->161->162->72->109->51->66->141->60->118->59->65->116->105->77->166->11->35->126->29->156->112->4->84->184->28->160->192->181->159->193->41->96->115->198->46->68->163->69->108->67->36->140->93->117->170->0->153->183->89->76->23->186->114->64->15->9->62->61->144->155->102->49->32->138->8->185->40->119->165->39->95->7->164->58->71->27->107->90->174->187->81->169->196->17->157->188->56->13->31->168->91->179->145",6
TSPA,LS_Steepest_Edge_Random_Candidate,18,22260346,136,28133,21709,21709,6424,outputs\runs\ls_steepest_edge_random_candidate\TSPA\run_018.txt,"87->125->74->152->97->1->150->101->26->100->121->53->158->180->173->6->194->161->24->29->156->126->112->4->84->11->184->104->147->54->30->48->160->192->28->166->77->105->47->65->116->5->96->41->193->159->142->191->139->110->163->69->108->67->36->140->93->117->170->143->183->89->23->76->153->0->68->46->60->118->59->72->109->51->141->66->176->80->63->136->182->99->189->19->94->130->12->124->111->167->148->37->33->9->62->61->144->155->102->49->138->32->3->178->106->185->40->119->8->165->39->27->107->90->187->81->174->169->196->17->157->188->56->13->31->168->145->78->25->44->120->82->179->91->92->129",7
TSPA,LS_Steepest_Edge_Random_Candidate,19,22260347,130,27056,21121,21121,5935,outputs\runs\ls_steepest_edge_random_candidate\TSPA\run_019.txt,"27->71->58->164->7->95->39->8->138->32->14->155->144->61->15->64->114->186->23->76->89->183->153->0->170->117->93->140->36->67->108->69->163->142->159->193->41->96->5->42->181->146->103->192->160->48->30->54->147->104->184->28->11->166->77->105->116->65->59->72->51->109->118->60->141->66->176->80->12->130->124->94->19->189->99->121->182->136->63->133->173->6->154->180->158->53->100->26->101->150->1->97->152->74->125->87->167->111->148->37->33->9->62->102->49->3->178->106->185->169->196->91->179->145->78->168->31->13->56->188->157->17->81->187->174->40->119->165->90->107",7
TSPA,LS_Steepest_Edge_Random_Candidate,20,22260348,146,30203,23739,23739,6464,outputs\runs\ls_steepest_edge_random_candidate\TSPA\run_020.txt,"155->102->49->32->138->39->27->107->90->165->8->185->119->40->174->187->81->169->196->17->157->188->56->113->171->88->16->13->31->168->91->179->145->78->25->44->120->82->2->87->125->74->152->1->150->101->97->26->100->19->189->99->121->182->136->53->158->180->154->6->173->63->94->130->12->124->111->167->148->37->33->9->62->61->15->186->23->137->176->66->141->51->109->60->118->72->59->116->65->47->149->131->11->35->126->29->156->112->4->190->10->177->104->147->54->30->48->160->184->28->166->77->105->5->96->41->193->159->195->103->146->22->20->18->69->108->67->163->110->191->139->198->46->68->140->93->117->0->170->143->183->89->83->114->64->144",7
TSPA,LS_Steepest_Edge_Random_Candidate,21,22260349,144,29383,23971,23971,5412,outputs\runs\ls_steepest_edge_random_candidate\TSPA\run_021.txt,"180->173->161->162->72->51->109->60->118->59->116->5->96->41->193->115->46->198->139->191->110->163->67->108->69->18->199->159->195->146->103->181->192->160->48->30->54->147->104->184->28->11->166->77->105->65->47->131->149->24->4->112->126->156->29->127->194->6->154->158->53->136->182->121->99->100->26->101->150->1->97->19->189->94->130->12->124->152->74->125->87->129->92->179->91->145->168->78->82->120->44->25->16->88->171->113->56->13->31->85->188->157->17->196->169->81->187->174->40->119->185->8->165->39->95->58->164->7->21->132->144->155->14->138->32->49->102->62->9->61->15->64->114->186->23->89->183->76->137->141->66->176->80->63",6
TSPA,LS_Steepest_Edge_Random_Candidate,22,22260350,133,27670,21748,21748,5922,outputs\runs\ls_steepest_edge_random_candidate\TSPA\run_022.txt,"104->147->54->30->48->160->192->181->103->146->22->20->18->108->67->163->69->199->159->193->41->96->115->198->139->191->110->68->46->60->109->51->141->66->176->137->23->186->12->130->124->94->189->19->152->74->125->87->172->55->52->106->178->3->49->102->62->9->61->15->114->64->144->155->14->32->138->39->165->8->185->119->40->174->187->81->169->196->17->157->188->56->13->31->168->145->78->25->44->120->82->2->150->101->1->97->26->100->99->121->182->136->53->158->180->173->6->194->161->162->72->118->59->65->116->105->77->131->149->24->29->156->126->112->4->84->11->166->28->184->190->10->177",5
TSPA,LS_Steepest_Edge_Random_Candidate,23,22260351,126,25977,20158,20158,5819,outputs\runs\ls_steepest_edge_random_candidate\TSPA\run_023.txt,"87->172->55->52->91->179->145->78->168->31->13->16->88->171->113->56->188->157->17->196->169->81->187->174->40->119->165->8->185->106->178->3->32->138->14->155->144->62->9->61->15->64->114->186->23->137->176->66->141->51->109->60->118->72->59->115->41->193->191->110->139->198->46->68->93->140->36->163->67->108->69->18->199->159->195->146->103->34->30->54->147->48->160->192->42->5->96->116->65->47->105->77->166->28->184->11->131->149->24->4->112->126->156->29->127->194->6->173->180->158->53->136->182->121->99->189->19->100->26->101->150->1->97->152->74->125",6
TSPA,LS_Steepest_Edge_Random_Candidate,24,22260352,142,28976,23975,23975,5001,outputs\runs\ls_steepest_edge_random_candidate\TSPA\run_024.txt,"146->103->181->192->160->28->184->84->4->112->156->29->126->35->11->166->77->105->116->65->59->72->151->133->173->6->154->180->158->53->100->26->97->1->101->150->120->44->25->78->145->168->31->13->56->188->157->17->196->169->91->179->185->40->119->8->165->39->90->107->27->71->58->164->7->21->132->144->61->9->62->102->49->155->14->138->32->3->178->106->52->55->57->92->82->2->87->125->74->152->167->111->124->12->130->94->19->189->99->121->182->136->63->80->176->66->51->109->141->137->23->186->114->64->83->89->183->153->0->170->117->93->140->68->46->60->118->115->198->139->191->110->163->67->108->69->18->199->193->41->159->195",7
TSPA,LS_Steepest_Edge_Random_Candidate,25,22260353,140,29262,23068,23068,6194,outputs\runs\ls_steepest_edge_random_candidate\TSPA\run_025.txt,"159->142->110->191->139->68->93->140->36->163->67->108->69->18->20->22->146->103->181->192->160->48->30->54->147->104->184->28->166->11->84->4->112->126->156->29->127->70->6->194->161->162->72->59->118->60->141->66->51->151->133->63->130->12->124->94->19->189->99->121->182->136->180->158->53->100->26->101->150->1->97->152->74->125->87->2->120->44->82->78->145->168->31->13->56->188->157->17->81->187->174->90->107->27->39->165->8->185->119->40->169->196->91->179->55->52->106->178->3->32->138->49->102->155->144->61->62->9->37->33->167->111->148->15->64->114->186->23->76->89->183->143->170->0->46->198->115->96->41->193",6
TSPA,LS_Steepest_Edge_Random_Candidate,26,22260354,138,28800,22595,22595,6205,outputs\runs\ls_steepest_edge_random_candidate\TSPA\run_026.txt,"186->114->64->15->61->62->9->33->37->148->167->111->124->12->130->94->189->19->152->74->125->87->172->55->52->106->178->3->32->138->21->7->164->58->71->27->107->90->39->165->8->185->119->40->174->187->81->169->196->17->157->188->56->13->31->168->78->145->91->179->92->82->44->120->75->150->101->1->97->26->100->99->121->53->158->154->6->173->180->136->182->63->133->162->161->24->149->131->11->166->28->184->104->147->54->30->48->160->192->103->146->181->42->43->77->105->116->65->59->118->72->109->51->66->141->60->46->198->115->96->41->193->159->163->69->108->67->36->140->93->117->170->0->153->183->89->76->23",7
TSPA,LS_Steepest_Edge_Random_Candidate,27,22260355,134,28447,21387,21387,7060,outputs\runs\ls_steepest_edge_random_candidate\TSPA\run_027.txt,"108->67->163->36->140->93->117->170->0->68->46->60->118->59->72->109->51->141->66->176->137->23->76->183->89->83->114->64->15->61->62->9->33->37->148->111->167->128->49->102->144->155->14->32->138->8->185->40->119->165->39->27->107->90->174->187->81->169->196->17->157->188->56->13->31->168->78->145->91->179->92->82->44->120->2->87->125->74->152->19->189->99->97->1->150->101->26->100->121->182->136->53->158->180->173->6->194->127->29->156->126->112->4->84->11->190->10->177->104->147->54->30->48->160->184->28->166->77->105->47->65->116->5->96->41->193->159->195->103->146->22->20->18->69",7
TSPA,LS_Steepest_Edge_Random_Candidate,28,22260356,134,28443,21622,21622,6821,outputs\runs\ls_steepest_edge_random_candidate\TSPA\run_028.txt,"36->140->93->68->46->60->141->137->23->186->114->64->15->9->62->61->144->155->14->138->32->49->111->167->128->3->178->106->185->40->119->8->165->39->27->107->90->174->187->81->196->169->91->179->145->168->157->188->56->13->31->78->25->44->120->82->2->87->125->74->152->97->1->150->101->26->100->53->158->180->136->182->121->99->189->19->94->124->130->12->176->66->51->109->118->59->72->162->161->24->29->156->126->112->4->84->11->166->77->47->65->116->105->43->28->184->104->147->54->30->48->160->192->42->5->96->115->198->139->110->191->41->193->159->195->103->146->22->20->18->69->108->67->163",6
TSPA,LS_Steepest_Edge_Random_Candidate,29,22260357,139,29253,22960,22960,6293,outputs\runs\ls_steepest_edge_random_candidate\TSPA\run_029.txt,"138->32->3->178->106->185->40->119->27->107->90->174->187->81->169->196->17->157->168->31->13->85->188->56->113->171->88->16->25->44->120->82->2->87->125->74->152->97->1->150->101->26->100->19->189->99->121->182->136->53->158->180->173->6->194->161->24->29->156->126->112->4->190->10->177->104->147->54->30->48->184->11->166->28->160->192->181->103->146->195->159->193->41->96->5->42->43->77->105->116->65->59->118->72->109->51->80->12->130->124->94->176->66->141->60->46->68->163->69->108->67->36->140->93->117->170->0->153->183->89->76->23->186->114->64->15->9->62->61->144->155->21->7->164->58->95->39->165->8",6
TSPA,LS_Steepest_Edge_Random_Candidate,30,22260358,145,29471,23840,23840,5631,outputs\runs\ls_steepest_edge_random_candidate\TSPA\run_030.txt,"185->8->106->178->3->32->138->21->7->164->58->95->39->165->119->40->174->187->81->169->196->17->157->188->56->13->31->168->145->78->25->44->120->82->2->87->125->74->152->97->1->150->101->26->100->19->189->99->121->53->158->180->154->6->173->136->182->63->80->176->66->51->109->141->60->118->59->116->105->77->47->65->72->162->161->194->127->29->156->126->112->4->190->10->177->104->147->54->30->48->184->11->166->28->160->192->181->103->146->22->20->18->108->67->163->69->199->159->193->41->191->139->110->68->140->93->117->170->0->153->183->89->76->23->186->114->64->15->61->62->9->33->37->148->12->130->94->124->111->167->128->52->55->179->91",7
TSPA,LS_Steepest_Edge_Random_Candidate,31,22260359,138,29138,22118,22118,7020,outputs\runs\ls_steepest_edge_random_candidate\TSPA\run_031.txt,"10->190->4->84->11->184->28->166->77->105->116->65->47->131->149->24->123->194->6->154->158->53->100->26->97->1->101->150->120->44->82->92->179->91->145->168->78->16->88->171->113->56->13->31->85->188->157->17->196->169->81->187->174->40->119->185->8->165->39->90->107->27->71->58->164->7->21->132->144->155->14->138->32->3->178->49->102->62->9->61->15->64->114->83->89->183->76->23->137->12->130->124->94->19->189->99->121->182->136->180->173->161->162->72->59->118->109->51->66->141->60->46->68->93->140->36->67->108->69->163->110->139->191->41->193->159->195->146->103->181->192->160->48->30->54->147->104->177",7
TSPA,LS_Steepest_Edge_Random_Candidate,32,22260360,142,29529,23091,23091,6438,outputs\runs\ls_steepest_edge_random_candidate\TSPA\run_032.txt,"138->14->155->144->64->114->186->23->76->89->183->153->0->170->117->93->140->36->67->108->69->163->68->46->198->139->191->110->142->159->193->41->96->5->42->28->184->160->48->30->54->147->104->177->10->190->4->84->11->166->77->105->116->65->59->72->118->60->141->109->51->66->176->12->130->94->124->111->167->148->37->33->9->62->61->102->49->32->3->178->106->52->55->172->87->125->74->152->19->189->99->121->182->136->63->133->162->161->194->6->173->180->158->53->100->26->97->1->101->150->120->44->82->78->31->13->56->188->157->168->145->179->91->169->196->81->187->174->90->107->27->71->58->164->7->95->39->165->119->40->185->8",7
TSPA,LS_Steepest_Edge_Random_Candidate,33,22260361,131,27758,21761,21761,5997,outputs\runs\ls_steepest_edge_random_candidate\TSPA\run_033.txt,"164->7->21->138->32->49->102->155->144->61->62->9->15->64->114->186->23->76->89->183->153->0->170->117->93->140->36->67->108->69->163->110->139->191->142->159->193->41->96->5->116->65->47->105->77->166->28->184->160->48->30->54->147->104->177->10->190->4->84->11->131->149->72->59->118->60->109->51->141->66->176->130->12->111->167->124->94->63->133->162->161->194->6->173->180->158->53->136->182->121->99->189->19->152->74->125->87->1->101->150->120->44->82->92->179->91->145->78->168->31->16->88->171->13->56->188->157->17->196->169->81->187->174->40->119->185->8->165->39->95->58",6
TSPA,LS_Steepest_Edge_Random_Candidate,34,22260362,146,30001,24430,24430,5571,outputs\runs\ls_steepest_edge_random_candidate\TSPA\run_034.txt,"87->125->74->152->19->189->99->94->124->130->12->176->66->141->51->109->60->118->72->59->65->47->77->105->116->115->198->46->68->93->140->36->163->67->108->69->18->20->22->146->103->195->159->193->41->96->5->42->28->184->166->11->84->4->112->126->156->29->24->161->194->6->173->180->158->53->136->182->121->100->26->97->1->101->150->2->82->120->44->25->78->145->168->31->13->56->188->157->17->196->169->81->187->174->40->119->185->8->165->39->90->107->27->71->58->164->7->21->132->144->155->49->102->62->9->61->64->83->89->183->143->170->0->153->76->23->186->114->15->33->37->148->111->167->128->32->138->3->178->106->52->55->91->179->92->129",7
TSPA,LS_Steepest_Edge_Random_Candidate,35,22260363,148,30169,23518,23518,6651,outputs\runs\ls_steepest_edge_random_candidate\TSPA\run_035.txt,"168->78->145->179->91->169->196->81->187->174->40->119->185->8->106->178->3->128->167->111->148->37->33->9->62->61->144->155->102->49->32->138->165->39->90->107->27->71->58->164->7->21->132->73->64->114->186->23->137->141->60->46->198->139->191->110->68->93->140->36->163->67->108->69->18->20->22->146->103->195->159->193->41->96->5->42->192->160->48->30->54->147->104->184->28->43->105->116->65->47->77->166->11->84->4->112->126->156->29->127->70->6->194->161->162->72->59->118->109->51->66->176->80->63->182->136->180->158->53->121->99->189->19->100->26->101->150->1->97->152->74->125->87->2->82->120->44->25->16->88->171->113->56->13->31->85->188->157",7
TSPA,LS_Steepest_Edge_Random_Candidate,36,22260364,136,28110,22887,22887,5223,outputs\runs\ls_steepest_edge_random_candidate\TSPA\run_036.txt,"40->119->185->8->165->39->95->58->164->7->21->132->73->64->114->83->23->186->15->61->9->62->144->155->102->49->128->167->111->124->94->130->12->176->66->141->51->109->72->59->118->60->46->198->139->191->110->68->93->140->36->163->67->108->69->18->199->159->195->146->103->34->48->30->54->147->160->192->42->5->96->116->65->47->105->77->28->184->11->166->131->149->162->161->24->4->112->126->156->29->127->194->6->173->180->158->53->136->182->121->99->189->19->100->26->101->150->1->97->152->74->125->87->2->82->120->44->25->78->145->179->55->52->91->168->31->13->56->188->157->17->196->169->81->187->174",8
TSPA,LS_Steepest_Edge_Random_Candidate,37,22260365,135,28475,22022,22022,6453,outputs\runs\ls_steepest_edge_random_candidate\TSPA\run_037.txt,"118->72->59->116->65->47->105->5->96->41->193->159->142->163->67->108->69->18->20->22->146->103->181->192->160->28->184->48->30->54->147->104->177->10->190->4->112->156->29->126->35->11->166->77->131->149->24->161->194->6->173->180->158->53->136->182->121->99->100->26->101->150->1->97->19->189->94->124->111->167->128->52->55->91->179->145->168->78->82->120->44->25->16->88->171->13->31->56->188->157->17->196->169->174->81->187->90->107->27->71->58->164->7->95->39->165->8->119->40->185->106->178->3->32->138->14->155->144->61->62->9->33->37->148->12->130->176->66->51->109->141->60->46->198->115",6
TSPA,LS_Steepest_Edge_Random_Candidate,38,22260366,143,29396,22807,22807,6589,outputs\runs\ls_steepest_edge_random_candidate\TSPA\run_038.txt,"87->2->82->44->120->75->150->101->1->97->26->100->99->121->53->158->180->136->182->63->133->162->161->24->29->156->126->112->4->84->11->184->28->166->77->105->116->65->59->118->72->109->51->66->141->60->115->198->46->68->110->139->191->41->193->159->195->103->146->22->20->18->69->108->67->163->36->140->93->117->170->0->153->183->89->76->23->186->114->64->15->61->144->155->14->138->8->165->39->95->7->164->58->71->27->107->90->187->81->174->169->196->17->157->188->85->31->13->56->113->171->88->16->78->168->145->179->91->40->119->185->106->178->3->32->49->102->62->9->33->37->148->167->111->124->12->130->94->189->19->152->74->125",6
TSPA,LS_Steepest_Edge_Random_Candidate,39,22260367,148,28961,22677,22677,6284,outputs\runs\ls_steepest_edge_random_candidate\TSPA\run_039.txt,"15->64->114->186->23->76->89->183->143->170->0->117->93->140->68->46->60->118->59->65->116->105->47->149->131->77->43->42->5->96->115->198->139->110->191->41->193->159->195->146->103->181->192->160->48->30->54->147->104->184->28->166->11->84->4->112->126->156->29->127->70->6->154->158->53->180->173->194->161->162->72->109->51->141->66->176->80->63->136->182->94->130->12->124->19->189->99->121->100->26->101->150->1->97->152->74->125->87->2->82->120->44->25->16->88->171->113->56->13->31->85->188->98->81->187->174->40->119->165->8->185->169->196->17->157->168->78->145->179->91->55->52->106->178->3->32->138->14->155->144->61->62->9->37->33->167->111->148",8
TSPA,LS_Steepest_Edge_Random_Candidate,40,22260368,145,30022,22831,22831,7191,outputs\runs\ls_steepest_edge_random_candidate\TSPA\run_040.txt,"125->87->2->82->92->57->55->52->106->178->3->32->138->39->95->7->164->58->71->27->107->90->165->8->185->40->119->174->187->81->196->169->91->179->145->168->157->188->56->13->31->78->25->44->120->150->101->1->97->26->100->99->121->182->136->53->158->180->173->6->194->127->29->156->126->112->4->190->10->177->104->147->54->30->48->160->184->28->166->11->35->24->149->131->77->105->47->65->116->5->96->115->198->139->110->191->41->193->159->195->103->146->22->20->18->69->108->67->163->36->140->93->68->46->60->118->59->72->109->51->141->66->176->137->23->186->114->64->15->61->62->9->33->37->148->167->111->124->12->130->94->189->19->152->74",6
TSPA,LS_Steepest_Edge_Random_Candidate,41,22260369,153,30886,24553,24553,6333,outputs\runs\ls_steepest_edge_random_candidate\TSPA\run_041.txt,"133->63->182->136->180->158->53->121->99->189->94->130->12->124->19->100->26->101->150->1->97->152->74->125->87->2->120->44->82->129->172->111->148->37->33->167->128->3->178->106->52->55->91->179->145->168->78->16->88->171->113->56->13->31->85->188->157->17->196->169->81->187->174->40->119->185->8->165->90->107->27->39->138->32->49->102->155->144->61->62->9->15->64->114->186->23->76->89->183->153->0->170->117->93->140->68->46->198->139->191->110->163->67->108->69->18->20->22->146->103->195->159->193->41->96->5->42->166->11->184->28->192->160->48->30->54->147->104->177->10->190->4->112->126->156->29->24->149->131->77->105->116->65->59->118->60->141->66->51->109->72->162->161",7
TSPA,LS_Steepest_Edge_Random_Candidate,42,22260370,141,29269,22117,22117,7152,outputs\runs\ls_steepest_edge_random_candidate\TSPA\run_042.txt,"74->125->87->167->111->148->37->33->9->62->102->49->32->3->178->106->52->55->91->179->145->168->78->82->120->44->25->16->88->171->113->56->188->85->13->31->157->17->196->169->185->119->40->174->81->187->90->107->27->39->165->8->138->14->155->144->61->15->64->114->186->23->137->176->66->141->51->109->60->46->68->93->140->36->163->67->108->69->18->199->159->193->41->96->5->116->105->77->166->11->184->28->192->160->48->30->54->147->104->177->10->190->4->112->126->156->29->24->149->131->47->65->59->118->72->162->161->194->6->173->180->158->53->136->182->63->130->12->124->94->19->189->99->121->100->26->101->150->1->97->152",7
TSPA,LS_Steepest_Edge_Random_Candidate,43,22260371,134,27809,21201,21201,6608,outputs\runs\ls_steepest_edge_random_candidate\TSPA\run_043.txt,"99->121->182->136->53->158->180->173->6->194->127->29->156->126->112->4->84->11->166->131->149->24->161->162->72->59->118->109->51->66->141->60->46->198->115->96->5->116->65->47->105->77->28->184->104->147->54->30->48->160->192->181->103->146->22->20->18->108->67->163->69->199->159->193->41->191->139->110->68->140->93->117->170->0->153->183->89->76->23->186->114->64->15->61->62->9->33->37->148->111->167->128->49->178->3->32->138->8->165->119->40->174->187->81->169->196->17->157->188->56->13->31->168->78->145->91->179->92->82->44->120->2->87->125->74->152->1->150->101->97->26->100->19->189",6
TSPA,LS_Steepest_Edge_Random_Candidate,44,22260372,138,28419,21822,21822,6597,outputs\runs\ls_steepest_edge_random_candidate\TSPA\run_044.txt,"27->107->90->187->81->174->169->196->17->157->188->85->31->13->56->113->171->88->16->168->91->179->145->78->25->44->120->82->2->87->125->74->152->97->1->150->101->26->100->19->189->99->121->53->158->154->173->180->136->182->63->80->176->66->141->60->118->59->109->51->72->162->161->194->6->70->127->29->156->126->112->4->190->10->177->104->147->54->30->48->160->192->28->184->11->166->77->47->65->116->105->5->96->41->193->159->142->110->191->139->198->46->68->163->69->108->67->36->140->93->117->0->170->143->183->89->76->23->186->114->64->15->9->62->61->144->155->102->49->178->3->32->138->21->7->164->58->71",7
TSPA,LS_Steepest_Edge_Random_Candidate,45,22260373,134,27370,21793,21793,5577,outputs\runs\ls_steepest_edge_random_candidate\TSPA\run_045.txt,"53->100->26->101->150->1->97->152->74->125->87->172->55->52->91->179->92->82->120->44->25->16->88->171->113->56->13->31->85->188->157->17->196->169->81->187->174->119->40->185->8->165->90->107->27->39->138->32->49->128->167->111->124->12->130->94->19->189->99->121->182->136->180->173->161->162->72->51->109->59->118->60->141->66->176->137->23->76->89->183->153->0->46->68->93->140->36->67->108->69->163->110->191->139->198->115->116->65->47->105->77->43->42->5->96->41->193->159->195->146->103->181->192->160->48->30->54->147->104->184->28->166->11->84->4->112->126->156->29->127->194->6->154->158",7
TSPA,LS_Steepest_Edge_Random_Candidate,46,22260374,123,26327,20296,20296,6031,outputs\runs\ls_steepest_edge_random_candidate\TSPA\run_046.txt,"155->144->61->64->114->15->62->9->33->37->148->167->111->124->94->130->12->176->66->51->109->141->60->46->68->0->170->117->93->140->36->163->67->108->69->18->199->193->41->159->195->146->103->160->48->30->54->147->104->177->10->190->4->84->11->166->28->184->192->42->5->96->116->105->77->47->65->59->118->72->162->161->194->6->173->180->158->53->136->182->121->99->189->19->100->26->101->150->1->97->152->74->125->87->2->120->44->82->78->145->168->31->13->56->188->157->17->196->169->91->179->55->52->185->40->119->8->165->39->138->32->49->102",6
TSPA,LS_Steepest_Edge_Random_Candidate,47,22260375,130,27487,21245,21245,6242,outputs\runs\ls_steepest_edge_random_candidate\TSPA\run_047.txt,"2->87->125->74->152->1->97->99->189->19->94->130->12->124->111->167->128->52->55->91->179->145->78->168->31->13->56->188->157->17->196->169->81->187->174->90->107->27->71->58->164->7->95->39->165->8->119->40->185->106->178->3->32->138->49->102->155->144->62->9->61->15->64->114->186->23->137->176->66->141->51->109->60->118->59->115->198->139->191->110->68->46->0->170->117->93->140->36->163->67->108->69->18->199->159->193->41->96->5->116->105->77->28->184->11->166->131->149->47->65->72->162->161->194->6->173->180->158->53->136->182->121->100->26->101->150->75->120->44->82",6
TSPA,LS_Steepest_Edge_Random_Candidate,48,22260376,134,27502,21501,21501,6001,outputs\runs\ls_steepest_edge_random_candidate\TSPA\run_048.txt,"2->82->44->120->150->101->1->97->26->100->121->99->189->19->124->12->130->94->63->182->136->53->158->180->154->6->173->133->151->51->109->72->162->161->24->149->131->11->166->28->184->104->147->54->30->48->160->192->181->159->193->41->96->5->42->43->77->105->116->65->59->118->60->46->198->139->191->110->163->69->108->67->36->140->93->117->170->0->153->183->89->76->23->186->114->64->15->61->9->62->102->49->155->144->14->138->165->39->27->107->90->187->81->174->169->196->17->157->188->56->13->31->168->78->145->179->91->185->40->119->8->32->3->178->106->52->55->128->167->111->152->74->125->87",6
TSPA,LS_Steepest_Edge_Random_Candidate,49,22260377,129,26398,21588,21588,4810,outputs\runs\ls_steepest_edge_random_candidate\TSPA\run_049.txt,"155->49->102->61->62->9->33->37->148->167->111->124->94->130->12->137->23->76->89->183->143->170->0->46->68->93->140->36->67->163->110->139->191->41->193->159->199->69->108->18->20->22->146->103->181->192->160->28->166->184->48->30->54->147->104->177->10->190->4->84->11->35->24->161->194->6->173->180->158->53->136->182->121->99->189->19->152->74->125->87->1->97->26->100->101->150->120->44->82->92->57->55->52->106->178->3->32->138->8->165->119->40->185->91->179->145->78->168->31->13->56->188->157->17->196->169->174->81->187->90->107->27->71->58->164->7->21->132->144",7
TSPA,LS_Steepest_Edge_Random_Candidate,50,22260378,137,27717,22497,22497,5220,outputs\runs\ls_steepest_edge_random_candidate\TSPA\run_050.txt,"120->150->101->1->97->152->74->125->87->2->82->92->179->91->196->169->40->119->185->8->106->178->3->32->49->102->62->9->33->37->148->167->111->124->12->130->94->189->19->26->100->99->121->182->136->53->158->154->6->173->180->63->133->162->161->24->35->11->184->104->147->54->30->48->34->103->146->181->192->160->28->166->77->105->116->65->59->118->72->109->51->66->141->60->46->198->115->96->41->193->159->142->191->139->110->69->108->67->163->36->140->93->117->170->0->153->183->89->76->23->186->114->64->15->61->144->155->14->138->39->165->174->187->81->17->157->188->85->31->13->56->113->171->88->16->25->44",7
TSPA,LS_Steepest_Edge_Random_Candidate,51,22260379,133,28441,22530,22530,5911,outputs\runs\ls_steepest_edge_random_candidate\TSPA\run_051.txt,"72->109->51->66->141->60->46->0->170->143->183->89->83->114->64->144->155->21->7->164->58->71->27->107->90->174->187->81->169->196->17->157->188->56->13->31->168->145->78->25->44->120->82->92->179->91->185->40->119->8->165->39->138->32->49->128->167->111->148->37->33->9->62->61->15->186->23->137->12->130->124->94->189->19->152->74->125->87->1->150->101->97->26->100->99->121->182->136->53->158->180->173->6->194->161->24->149->131->166->11->184->28->77->105->47->65->116->5->96->41->193->159->195->103->146->22->20->18->69->108->67->163->36->140->93->68->110->191->139->198->115->118->59",6
TSPA,LS_Steepest_Edge_Random_Candidate,52,22260380,128,27837,21050,21050,6787,outputs\runs\ls_steepest_edge_random_candidate\TSPA\run_052.txt,"32->138->8->185->40->119->165->39->27->107->90->174->187->81->169->196->17->157->188->56->13->31->168->145->78->82->44->120->2->87->125->74->152->1->150->101->97->26->100->19->124->12->130->94->189->99->121->182->136->53->158->180->173->6->194->161->24->149->131->166->28->184->11->84->4->190->10->177->104->147->54->30->48->160->192->43->77->105->116->65->59->72->118->115->198->139->110->191->41->193->159->195->103->146->22->20->18->69->108->67->163->36->140->93->117->170->0->68->46->60->141->109->51->66->176->137->23->186->114->64->15->61->9->62->144->155->102->49",6
TSPA,LS_Steepest_Edge_Random_Candidate,53,22260381,144,29586,22746,22746,6840,outputs\runs\ls_steepest_edge_random_candidate\TSPA\run_053.txt,"138->14->155->144->102->49->32->3->178->106->52->55->57->92->82->2->87->125->74->152->124->94->130->12->111->167->148->37->33->9->62->61->15->64->114->186->23->137->176->66->51->109->141->0->170->117->93->140->36->67->108->69->163->68->46->60->118->72->59->116->65->47->77->105->5->96->41->193->159->195->146->103->181->192->160->48->30->54->147->104->177->10->190->184->28->166->11->84->4->112->126->156->29->127->194->6->173->180->158->53->136->182->121->99->189->19->100->26->97->1->101->150->120->44->25->16->88->171->113->56->13->31->85->188->157->168->78->145->179->91->169->196->81->187->174->90->107->27->39->165->119->40->185->8",6
TSPA,LS_Steepest_Edge_Random_Candidate,54,22260382,125,26508,19704,19704,6804,outputs\runs\ls_steepest_edge_random_candidate\TSPA\run_054.txt,"195->159->193->41->96->5->42->192->160->48->30->54->147->104->184->28->43->105->116->65->47->77->166->11->84->4->112->126->156->29->24->161->194->6->173->180->158->53->136->182->121->99->189->19->100->26->101->150->1->97->152->74->125->87->2->120->44->82->92->179->91->145->78->168->31->13->56->188->157->17->196->169->81->187->174->40->119->165->8->138->32->49->102->155->144->61->62->9->33->37->148->15->64->114->186->23->76->89->183->143->170->0->141->60->118->109->51->72->59->115->198->46->68->93->140->36->163->67->108->69->18->20->22->146->103",6
TSPA,LS_Steepest_Edge_Random_Candidate,55,22260383,141,28634,22235,22235,6399,outputs\runs\ls_steepest_edge_random_candidate\TSPA\run_055.txt,"6->154->158->53->100->26->97->1->101->150->120->44->82->2->87->125->74->152->124->130->12->111->167->128->3->178->106->52->55->91->179->145->168->78->16->88->171->113->56->13->31->85->188->157->17->196->169->81->187->174->119->40->185->8->165->39->138->32->49->102->155->144->62->9->61->15->64->114->186->23->76->89->183->153->0->170->117->93->140->36->163->67->108->69->18->199->159->193->41->96->5->42->192->160->48->30->54->147->104->184->28->166->11->84->4->112->126->156->29->24->161->162->72->118->59->149->131->77->105->47->65->116->115->198->46->60->109->51->141->66->176->80->94->19->189->99->121->182->136->180->173",7
TSPA,LS_Steepest_Edge_Random_Candidate,56,22260384,130,27632,21021,21021,6611,outputs\runs\ls_steepest_edge_random_candidate\TSPA\run_056.txt,"80->12->130->94->124->111->167->33->37->148->15->186->23->83->114->64->61->9->62->144->155->102->49->32->138->8->165->39->95->7->164->58->71->27->107->90->187->81->174->119->40->185->169->196->17->157->188->56->13->31->168->145->78->25->44->120->82->2->87->125->74->152->19->189->97->1->150->101->26->100->99->121->182->136->53->158->180->173->6->194->161->24->35->11->28->166->77->105->47->65->116->96->5->42->192->160->184->104->147->54->30->48->34->103->146->195->159->193->41->191->139->110->163->69->108->67->36->140->93->68->46->60->118->59->72->109->51->141->66->176",7
TSPA,LS_Steepest_Edge_Random_Candidate,57,22260385,137,28685,21639,21639,7046,outputs\runs\ls_steepest_edge_random_candidate\TSPA\run_057.txt,"177->104->147->54->30->48->160->192->181->103->146->195->159->193->41->96->115->198->139->191->110->163->69->108->67->36->140->93->68->46->60->118->59->72->109->51->141->66->176->130->12->148->37->33->9->62->61->15->114->186->23->83->64->144->155->14->138->8->185->40->119->165->39->27->107->90->187->81->174->169->196->17->157->188->56->113->171->88->16->13->31->168->78->145->179->91->55->52->106->178->3->32->49->128->167->111->124->94->19->189->99->97->1->150->101->26->100->121->182->136->53->158->180->173->6->194->161->24->149->131->47->65->116->105->77->166->28->184->11->35->126->29->156->112->4->190->10",7
TSPA,LS_Steepest_Edge_Random_Candidate,58,22260386,141,29188,23008,23008,6180,outputs\runs\ls_steepest_edge_random_candidate\TSPA\run_058.txt,"100->26->101->150->1->97->152->74->125->87->2->82->120->44->25->78->145->168->16->88->171->113->56->188->85->13->31->157->17->196->169->91->179->185->40->119->8->165->39->90->107->27->71->58->164->7->21->132->144->155->14->138->32->3->178->49->102->61->62->9->33->37->148->167->111->124->12->130->94->63->133->151->72->59->118->60->109->51->141->66->176->137->23->76->89->183->153->0->46->68->93->140->36->163->67->108->69->18->20->22->146->103->195->159->193->41->96->5->116->105->43->192->160->48->30->54->147->104->184->28->11->166->77->47->65->131->149->24->161->194->6->173->180->158->53->136->182->121->99->189->19",7
TSPA,LS_Steepest_Edge_Random_Candidate,59,22260387,142,29540,22824,22824,6716,outputs\runs\ls_steepest_edge_random_candidate\TSPA\run_059.txt,"126->112->4->190->10->177->104->147->54->30->48->160->192->28->184->11->166->77->47->65->116->105->5->96->41->193->159->195->103->146->22->20->18->69->108->67->163->110->191->139->198->68->140->93->117->170->0->46->60->118->59->72->109->51->141->66->176->137->23->76->183->89->83->114->64->15->61->144->155->14->32->138->8->185->40->119->165->39->27->107->90->174->187->81->98->188->56->13->31->168->157->17->196->169->91->179->92->82->129->55->52->106->178->3->49->102->62->9->33->37->148->167->111->124->12->130->94->189->19->152->74->125->87->150->101->1->97->26->100->99->121->182->136->53->158->180->173->6->194->127->29->156",6
TSPA,LS_Steepest_Edge_Random_Candidate,60,22260388,142,29301,22314,22314,6987,outputs\runs\ls_steepest_edge_random_candidate\TSPA\run_060.txt,"54->147->104->177->10->190->4->84->11->184->28->166->77->105->47->65->116->59->118->109->51->72->162->161->194->6->173->180->158->53->136->182->121->99->189->19->100->26->101->150->1->97->152->74->125->87->2->82->120->44->25->16->88->171->113->56->13->31->85->188->157->17->196->168->78->145->179->91->169->81->187->174->40->119->185->8->165->39->90->107->27->71->58->164->7->21->132->144->155->102->49->138->32->3->178->106->128->167->111->148->37->33->9->62->61->15->64->114->186->23->137->176->66->141->60->115->198->46->68->110->139->191->41->193->142->163->36->140->67->108->69->18->199->159->195->146->103->181->192->160->48->30",7
TSPA,LS_Steepest_Edge_Random_Candidate,61,22260389,137,28698,21766,21766,6932,outputs\runs\ls_steepest_edge_random_candidate\TSPA\run_061.txt,"180->173->6->194->161->24->29->156->126->112->4->190->10->177->104->147->54->30->48->160->192->181->103->146->195->159->142->110->139->191->193->41->96->5->42->28->184->11->166->131->149->77->105->116->65->59->118->72->109->51->66->141->60->46->68->140->93->117->0->170->143->183->89->76->23->186->114->64->15->61->144->155->102->62->9->33->37->148->111->167->128->49->138->32->3->178->106->185->40->119->8->165->39->27->107->90->174->187->81->196->169->91->179->145->168->157->188->56->13->31->78->82->44->120->2->87->125->74->152->97->1->150->101->26->100->19->124->12->130->94->189->99->121->182->136->53->158",7
TSPA,LS_Steepest_Edge_Random_Candidate,62,22260390,132,27476,21956,21956,5520,outputs\runs\ls_steepest_edge_random_candidate\TSPA\run_062.txt,"3->178->49->102->155->144->61->62->9->33->37->148->167->111->124->94->130->12->176->66->141->51->109->60->118->59->72->151->133->173->180->136->182->99->189->19->97->1->150->101->26->100->121->53->158->154->6->194->161->24->149->131->47->65->116->105->77->166->11->184->28->42->5->96->41->193->159->195->103->146->22->20->18->69->108->67->163->36->140->93->68->110->191->139->198->46->0->170->143->183->89->76->23->186->114->64->73->132->21->7->164->58->95->39->165->119->40->174->187->81->17->157->188->56->31->13->171->88->16->25->44->120->82->92->179->91->196->169->185->8->138->32",7
TSPA,LS_Steepest_Edge_Random_Candidate,63,22260391,133,27661,20374,20374,7287,outputs\runs\ls_steepest_edge_random_candidate\TSPA\run_063.txt,"28->184->104->147->54->30->48->160->192->181->103->146->195->159->193->41->191->139->110->163->69->108->67->36->140->93->117->170->0->153->183->89->83->64->114->186->23->137->141->60->118->59->72->109->51->66->176->12->130->94->124->111->167->148->37->33->9->62->61->144->155->14->138->32->3->178->106->185->40->119->8->165->39->27->107->90->187->81->174->169->196->17->157->91->179->145->78->168->31->13->56->113->171->88->16->25->44->120->82->2->87->125->74->152->97->1->150->101->26->100->19->189->99->121->182->136->53->158->180->173->6->194->161->24->149->131->47->65->116->105->77->166->11",6
TSPA,LS_Steepest_Edge_Random_Candidate,64,22260392,139,29943,22569,22569,7374,outputs\runs\ls_steepest_edge_random_candidate\TSPA\run_064.txt,"156->126->112->4->190->10->177->104->147->54->30->48->160->192->181->103->146->195->5->96->41->193->159->199->18->69->108->67->163->36->140->93->68->46->0->153->183->89->76->23->186->114->64->15->148->37->33->9->62->61->144->155->102->49->178->3->32->138->8->185->40->119->165->39->95->7->164->58->71->27->107->90->187->81->174->169->196->91->179->145->168->157->188->56->13->31->78->82->44->120->150->101->1->97->26->100->121->99->189->19->152->74->125->87->167->111->124->12->130->94->63->182->136->53->158->180->173->6->194->161->162->72->109->51->66->141->60->118->59->65->116->105->77->166->28->184->11->35->29",6
TSPA,LS_Steepest_Edge_Random_Candidate,65,22260393,122,26047,19145,19145,6902,outputs\runs\ls_steepest_edge_random_candidate\TSPA\run_065.txt,"195->103->146->22->20->18->69->108->67->163->36->140->93->68->46->60->118->59->149->131->24->161->162->72->109->51->141->66->176->137->23->186->114->64->15->9->62->61->144->155->102->49->32->138->8->165->119->40->174->187->81->196->169->91->179->145->78->168->157->188->85->31->13->56->113->171->88->16->25->44->120->82->2->87->125->74->152->97->1->150->101->26->100->19->189->99->121->182->136->53->158->180->173->6->194->127->29->156->126->112->4->84->11->104->147->54->30->48->160->184->28->166->77->47->65->116->105->5->96->41->193->159",6
TSPA,LS_Steepest_Edge_Random_Candidate,66,22260394,150,30586,23336,23336,7250,outputs\runs\ls_steepest_edge_random_candidate\TSPA\run_066.txt,"105->116->65->59->118->72->109->51->66->141->60->46->198->139->110->191->193->41->96->5->42->28->184->190->10->177->104->147->54->30->48->160->192->181->103->146->195->159->199->18->69->108->67->163->36->140->93->117->170->0->153->183->89->76->23->186->114->64->15->61->9->62->102->155->144->132->21->7->164->58->95->39->165->8->185->40->119->174->187->81->169->196->17->157->188->85->31->13->56->113->171->88->16->25->44->120->82->78->168->145->179->91->55->52->106->178->3->32->138->49->128->167->111->124->12->130->94->189->19->152->74->125->87->1->150->101->97->26->100->99->121->182->136->53->158->180->173->6->194->161->24->29->156->126->112->4->84->11->166->77",6
TSPA,LS_Steepest_Edge_Random_Candidate,67,22260395,136,29302,22507,22507,6795,outputs\runs\ls_steepest_edge_random_candidate\TSPA\run_067.txt,"130->12->176->66->141->51->109->72->59->118->60->46->68->93->140->36->163->67->108->69->18->199->159->22->146->103->195->193->41->191->110->139->198->115->96->5->105->116->65->47->77->166->11->184->28->192->160->48->30->54->147->104->177->10->190->4->112->126->156->29->24->161->194->6->173->180->158->53->136->182->121->99->100->26->101->150->120->44->82->78->145->168->31->13->56->188->157->17->196->169->91->179->55->52->106->178->3->32->138->8->185->40->119->165->39->90->107->27->71->58->164->7->21->155->144->64->114->15->61->62->9->33->37->148->111->167->87->125->74->152->1->97->19->189->94->124",7
TSPA,LS_Steepest_Edge_Random_Candidate,68,22260396,140,29080,22754,22754,6326,outputs\runs\ls_steepest_edge_random_candidate\TSPA\run_068.txt,"58->71->27->107->90->174->187->81->169->196->17->157->168->145->78->31->13->56->113->171->88->16->25->44->120->82->2->150->101->100->26->97->1->87->125->74->152->124->12->130->94->19->189->99->121->53->158->180->136->182->63->133->151->72->51->109->118->59->65->116->105->77->166->11->28->184->104->147->54->30->48->160->192->181->103->146->195->159->199->18->69->108->67->163->36->140->93->68->46->198->139->110->191->193->41->96->115->60->141->0->170->143->183->89->76->23->186->114->64->15->148->111->167->33->37->9->62->61->144->155->102->49->138->32->3->178->106->52->55->179->91->185->40->119->8->165->39->95->7->164",7
TSPA,LS_Steepest_Edge_Random_Candidate,69,22260397,144,29368,22631,22631,6737,outputs\runs\ls_steepest_edge_random_candidate\TSPA\run_069.txt,"84->11->184->28->166->77->105->47->65->116->5->96->115->198->139->191->110->68->46->60->141->66->51->109->118->59->72->151->133->63->182->136->180->173->6->154->158->53->121->99->100->26->97->1->101->150->120->44->82->92->179->91->145->168->78->16->88->171->113->56->13->31->85->188->157->17->196->169->174->81->187->90->107->27->39->165->119->40->185->8->106->178->3->32->138->14->155->144->102->49->87->125->74->152->19->189->94->130->12->124->111->167->148->37->33->9->62->61->15->64->114->186->23->76->89->183->153->0->170->117->93->140->36->163->67->108->69->18->199->159->193->41->181->192->160->48->30->54->147->104->177->10->190->4",6
TSPA,LS_Steepest_Edge_Random_Candidate,70,22260398,138,27965,21583,21583,6382,outputs\runs\ls_steepest_edge_random_candidate\TSPA\run_070.txt,"3->32->49->102->62->9->33->37->148->167->111->124->12->130->94->189->19->152->74->125->87->150->101->1->97->26->100->99->121->182->136->53->158->180->173->6->194->127->29->156->126->112->4->190->10->177->104->147->54->30->48->160->184->28->166->11->35->24->161->162->72->51->109->59->118->60->46->198->139->110->191->41->193->159->195->103->146->22->20->18->69->108->67->163->36->140->93->117->170->0->153->183->89->76->23->186->114->64->15->61->144->155->14->138->8->165->119->40->185->169->196->174->187->81->98->188->56->113->171->88->16->13->31->157->168->145->78->25->44->120->82->92->179->91->55->52->106->178",7
TSPA,LS_Steepest_Edge_Random_Candidate,71,22260399,131,27519,20342,20342,7177,outputs\runs\ls_steepest_edge_random_candidate\TSPA\run_071.txt,"32->138->8->165->119->40->174->187->81->169->196->17->157->188->85->31->13->56->113->171->88->16->25->44->120->82->92->179->91->55->52->106->178->3->128->167->111->124->12->130->94->189->19->152->74->125->87->150->101->1->97->26->100->99->121->182->136->53->158->180->173->6->194->161->24->29->156->126->112->4->84->11->166->28->184->104->147->54->30->48->160->192->181->103->146->195->41->193->159->199->18->69->108->67->163->36->140->93->68->46->198->115->96->5->116->105->77->47->65->59->72->118->60->109->51->141->66->176->137->23->186->114->64->15->9->62->61->144->155->102->49",7
TSPA,LS_Steepest_Edge_Random_Candidate,72,22260400,139,28514,22008,22008,6506,outputs\runs\ls_steepest_edge_random_candidate\TSPA\run_072.txt,"46->198->115->96->5->116->65->47->105->77->166->11->35->29->156->126->112->4->190->10->177->104->147->54->30->48->184->28->160->192->181->159->193->41->191->139->110->68->140->93->117->170->0->153->183->89->76->23->186->114->64->15->148->37->33->9->62->61->102->49->178->3->32->138->14->155->144->132->21->7->164->58->71->27->107->90->39->165->8->185->119->40->169->196->174->187->81->98->188->56->13->31->157->168->145->78->25->44->120->82->2->87->125->74->152->19->189->94->124->12->130->63->136->182->121->99->100->26->97->1->101->150->86->53->158->180->173->6->194->161->162->72->59->118->109->51->66->141->60",7
TSPA,LS_Steepest_Edge_Random_Candidate,73,22260401,129,27208,21706,21706,5502,outputs\runs\ls_steepest_edge_random_candidate\TSPA\run_073.txt,"196->169->81->187->174->40->119->185->8->165->39->90->107->27->71->58->164->7->21->138->32->49->128->167->111->148->37->33->9->62->61->15->64->114->186->23->137->66->176->151->72->59->118->109->51->141->60->46->198->139->191->110->163->67->108->69->18->199->159->195->146->103->34->48->30->54->147->104->184->11->166->28->160->192->181->193->41->96->5->105->116->65->47->77->131->149->24->161->194->6->173->180->158->53->136->182->121->99->189->19->152->74->97->1->101->150->87->172->55->52->91->179->92->82->120->44->25->78->145->168->31->16->88->171->13->56->188->157->17",6
TSPA,LS_Steepest_Edge_Random_Candidate,74,22260402,131,27156,21367,21367,5789,outputs\runs\ls_steepest_edge_random_candidate\TSPA\run_074.txt,"92->129->87->125->74->152->19->189->94->124->130->12->176->51->109->72->59->118->60->141->66->137->23->76->89->183->153->0->170->117->93->140->36->163->67->108->69->18->199->159->193->41->191->110->139->198->46->115->96->5->116->65->47->105->77->166->28->184->160->48->30->54->147->104->11->35->24->161->194->6->173->180->158->53->136->182->121->99->100->26->97->1->101->150->2->82->120->44->25->78->145->168->31->13->16->88->171->113->56->188->157->17->196->169->174->81->187->90->107->27->39->138->14->155->144->61->9->62->102->49->32->3->178->106->8->165->119->40->185->91->179",6
TSPA,LS_Steepest_Edge_Random_Candidate,75,22260403,128,27464,20707,20707,6757,outputs\runs\ls_steepest_edge_random_candidate\TSPA\run_075.txt,"118->59->65->116->105->77->166->11->184->28->192->160->48->147->104->190->10->177->54->30->34->103->146->22->20->18->69->108->67->163->159->193->41->96->115->198->46->68->140->93->117->170->0->153->183->89->83->64->114->186->23->137->12->130->94->124->111->167->148->37->33->9->62->61->144->155->14->138->32->3->178->106->185->8->165->119->40->174->187->81->169->196->17->157->188->56->13->31->168->91->179->145->78->25->44->120->82->2->87->125->74->152->97->1->150->101->26->100->19->189->99->121->182->136->53->158->180->173->6->194->161->162->72->109->51->66->141->60",6
TSPA,LS_Steepest_Edge_Random_Candidate,76,22260404,138,28926,22245,22245,6681,outputs\runs\ls_steepest_edge_random_candidate\TSPA\run_076.txt,"72->51->66->176->80->94->124->130->12->148->37->33->111->167->87->125->74->152->19->189->99->121->100->26->97->1->101->150->120->44->82->92->179->91->145->78->168->31->13->56->188->157->17->196->169->174->81->187->90->107->27->39->165->119->40->185->8->138->32->49->102->155->144->62->9->61->15->64->114->186->23->76->89->183->153->0->170->117->93->140->36->163->67->108->69->110->191->139->198->46->60->141->109->118->59->65->116->105->77->43->42->5->96->41->193->159->195->146->103->181->192->160->48->30->54->147->104->184->28->166->11->84->4->112->126->156->29->127->194->6->154->158->53->136->180->173->161->162",6
TSPA,LS_Steepest_Edge_Random_Candidate,77,22260405,124,26813,19400,19400,7413,outputs\runs\ls_steepest_edge_random_candidate\TSPA\run_077.txt,"194->127->29->156->126->112->4->190->10->177->104->147->54->30->48->160->192->28->184->11->166->77->105->116->65->59->72->51->109->118->60->46->198->115->96->41->193->159->199->18->69->108->67->163->36->140->93->117->170->0->153->183->89->76->23->186->114->64->15->148->37->33->9->62->61->144->155->102->49->32->138->21->7->164->58->71->27->107->90->39->165->8->185->119->40->174->187->81->169->196->17->157->188->56->13->31->168->145->78->82->44->120->2->87->125->74->152->97->1->150->101->26->100->19->189->99->121->182->136->53->158->180->173->6",5
TSPA,LS_Steepest_Edge_Random_Candidate,78,22260406,131,26656,19950,19950,6706,outputs\runs\ls_steepest_edge_random_candidate\TSPA\run_078.txt,"194->161->24->149->131->47->65->116->105->77->43->96->5->42->166->28->184->11->84->4->190->10->177->104->147->54->30->48->160->192->181->103->146->195->159->193->41->142->69->108->67->163->36->140->93->68->110->191->139->198->46->60->118->59->72->109->51->141->66->176->80->94->124->130->12->148->37->33->111->167->128->9->62->61->102->49->144->155->14->138->32->3->178->106->8->165->119->40->185->169->174->187->81->196->17->157->188->56->13->31->168->78->145->91->179->92->82->44->120->2->87->125->74->152->97->1->150->101->26->100->19->189->99->121->182->136->53->158->180->173->6",6
TSPA,LS_Steepest_Edge_Random_Candidate,79,22260407,142,29167,22953,22953,6214,outputs\runs\ls_steepest_edge_random_candidate\TSPA\run_079.txt,"19->189->94->130->12->124->152->74->125->87->129->92->185->8->165->119->40->169->91->179->145->78->82->120->44->25->16->88->171->13->56->188->85->31->168->157->17->196->81->187->174->90->107->27->71->58->164->7->21->138->32->3->178->106->52->55->128->167->111->148->37->33->9->62->61->15->64->114->186->23->137->176->66->141->51->109->72->59->118->60->46->68->93->140->36->163->67->108->69->18->199->159->195->146->103->181->192->160->48->30->54->147->104->177->10->190->184->28->166->11->84->4->112->126->156->29->24->149->131->77->105->116->65->47->162->161->194->6->173->180->158->53->136->182->121->99->100->26->101->150->1->97",6
TSPA,LS_Steepest_Edge_Random_Candidate,80,22260408,140,28321,21163,21163,7158,outputs\runs\ls_steepest_edge_random_candidate\TSPA\run_080.txt,"147->104->184->28->166->77->105->116->65->47->149->131->11->84->4->112->126->156->29->24->161->194->6->173->180->158->53->136->182->121->99->189->94->130->12->124->19->100->26->101->150->1->97->152->74->125->87->2->82->120->44->25->16->88->171->113->56->13->31->85->188->157->17->196->169->81->187->174->40->119->165->8->185->91->179->55->52->106->178->3->32->138->14->144->155->49->102->62->9->61->15->64->114->186->23->76->89->183->153->0->170->117->93->140->36->163->67->108->69->18->20->22->146->103->195->159->193->41->191->110->139->198->46->60->141->66->51->109->72->59->118->115->96->5->42->192->160->48->30->54",7
TSPA,LS_Steepest_Edge_Random_Candidate,81,22260409,135,27972,22329,22329,5643,outputs\runs\ls_steepest_edge_random_candidate\TSPA\run_081.txt,"173->180->136->182->121->99->189->19->152->74->125->87->124->111->167->33->37->148->12->130->94->63->133->161->162->47->65->116->105->77->131->149->24->29->156->126->112->4->84->11->166->28->184->190->10->177->104->147->54->30->48->160->192->42->5->96->41->193->159->142->191->139->110->163->69->108->67->36->140->93->68->46->60->118->59->72->109->51->141->66->176->137->23->76->183->89->83->114->64->73->132->21->7->164->58->71->27->107->90->39->165->8->185->119->40->174->187->81->169->196->17->157->188->56->13->31->168->78->145->91->179->92->82->44->120->150->101->1->97->26->100->53->158->154->6",6
TSPA,LS_Steepest_Edge_Random_Candidate,82,22260410,140,28603,22517,22517,6086,outputs\runs\ls_steepest_edge_random_candidate\TSPA\run_082.txt,"149->24->112->126->156->29->127->194->6->173->180->158->53->136->182->121->99->189->19->100->26->97->101->150->1->152->74->125->87->172->55->52->106->178->3->32->138->8->165->119->40->185->91->179->145->78->168->31->16->88->171->13->56->188->157->17->196->169->174->81->187->90->107->27->71->58->164->7->21->132->73->64->114->15->61->62->9->33->37->148->167->111->124->12->130->94->63->133->161->162->72->51->109->59->118->60->46->68->93->140->36->67->108->69->163->110->139->191->41->193->159->195->146->103->34->48->30->54->147->104->177->10->190->4->84->11->166->28->184->160->192->42->5->96->116->65->47->105->77->131",7
TSPA,LS_Steepest_Edge_Random_Candidate,83,22260411,139,28947,22729,22729,6218,outputs\runs\ls_steepest_edge_random_candidate\TSPA\run_083.txt,"121->53->158->180->136->182->63->80->176->66->51->109->141->60->118->59->72->162->161->194->6->70->127->29->156->126->112->4->24->149->131->47->65->116->105->77->166->11->28->184->104->147->54->30->48->160->192->42->5->96->41->193->159->199->18->69->108->67->163->36->140->93->68->110->191->139->198->46->0->170->143->183->89->76->23->137->12->130->94->124->111->167->148->37->33->9->62->61->144->155->102->49->178->3->32->138->21->7->164->58->95->39->165->8->185->40->119->174->187->81->196->169->91->179->145->168->157->188->56->13->31->78->82->44->120->2->87->125->74->152->97->1->150->101->26->100->19->189->99",7
TSPA,LS_Steepest_Edge_Random_Candidate,84,22260412,141,29111,22599,22599,6512,outputs\runs\ls_steepest_edge_random_candidate\TSPA\run_084.txt,"49->102->144->155->14->138->32->3->178->106->8->185->40->119->165->39->27->107->90->174->187->81->169->196->17->157->188->56->13->31->168->78->145->91->179->92->82->44->120->2->87->125->74->152->97->1->150->101->26->100->99->121->182->136->53->158->180->173->6->194->127->29->156->126->112->4->190->10->177->104->147->54->30->48->160->192->28->184->11->166->77->105->116->5->96->41->193->159->142->110->191->139->198->46->68->163->69->108->67->36->140->93->117->170->0->153->183->89->83->64->114->186->23->137->176->66->141->60->109->51->72->118->59->65->47->131->149->24->161->162->133->63->189->19->94->130->12->124->111->167->128",6
TSPA,LS_Steepest_Edge_Random_Candidate,85,22260413,150,30130,24650,24650,5480,outputs\runs\ls_steepest_edge_random_candidate\TSPA\run_085.txt,"1->97->152->74->125->172->55->52->106->178->3->128->167->111->33->37->148->12->130->124->94->19->189->99->121->26->100->53->158->180->136->182->63->133->173->6->194->127->29->156->126->112->4->84->11->35->24->161->162->45->151->176->66->141->60->109->51->72->118->59->65->116->105->77->166->28->184->104->147->54->30->48->160->192->181->159->193->41->191->139->110->163->69->108->67->36->140->93->117->0->170->143->183->89->76->23->186->114->64->15->9->62->61->144->155->102->49->32->138->8->185->40->119->165->39->95->7->164->58->71->27->107->90->174->187->81->98->188->56->13->171->88->16->31->168->157->17->196->169->91->179->145->78->82->44->120->2->87->150->101",7
TSPA,LS_Steepest_Edge_Random_Candidate,86,22260414,137,28059,21408,21408,6651,outputs\runs\ls_steepest_edge_random_candidate\TSPA\run_086.txt,"198->46->68->93->140->36->163->67->108->69->18->20->22->146->103->34->30->54->147->48->160->192->43->77->166->28->184->11->35->24->123->194->6->173->180->158->53->136->182->121->99->189->19->100->26->101->150->1->97->152->74->125->87->2->82->120->44->25->16->88->171->113->56->13->31->85->188->157->168->78->145->179->91->196->169->174->81->187->90->107->27->71->58->164->7->95->39->165->8->119->40->185->106->178->3->32->138->14->155->144->61->62->9->33->37->148->167->111->124->94->130->12->176->151->45->161->162->72->109->51->66->141->60->118->59->65->116->105->5->96->41->193->159->142->110->191->139",7
TSPA,LS_Steepest_Edge_Random_Candidate,87,22260415,134,28373,21925,21925,6448,outputs\runs\ls_steepest_edge_random_candidate\TSPA\run_087.txt,"161->24->29->156->126->112->4->84->11->184->104->147->54->30->48->160->192->28->166->77->47->65->131->149->72->118->59->116->105->5->96->41->193->159->199->18->69->108->67->163->36->140->93->68->46->60->141->109->51->66->176->137->23->186->114->64->15->61->9->62->102->49->155->144->132->21->7->164->58->71->27->107->90->187->81->174->169->196->17->157->188->56->13->31->168->78->145->179->91->185->40->119->165->8->138->32->3->178->106->52->55->57->92->82->44->120->2->87->125->74->152->19->189->94->124->12->130->63->136->182->121->99->97->1->150->101->26->100->53->158->180->173->6->194",6
TSPA,LS_Steepest_Edge_Random_Candidate,88,22260416,137,28346,22269,22269,6077,outputs\runs\ls_steepest_edge_random_candidate\TSPA\run_088.txt,"169->81->187->174->40->119->165->39->95->58->164->7->8->185->106->178->3->32->138->49->102->155->144->62->9->61->15->64->114->186->23->76->89->183->143->170->0->117->93->140->36->163->67->108->69->18->20->22->146->103->195->159->193->41->191->110->139->198->46->115->96->5->116->105->77->166->28->192->160->48->30->54->147->104->184->11->84->4->112->126->156->29->127->194->161->24->149->131->47->65->59->72->118->60->109->51->141->66->176->80->63->182->136->180->158->53->121->99->189->19->100->26->101->150->1->97->152->74->125->87->2->120->44->82->92->179->91->145->78->168->31->13->56->188->157->17->196",6
TSPA,LS_Steepest_Edge_Random_Candidate,89,22260417,139,29388,22052,22052,7336,outputs\runs\ls_steepest_edge_random_candidate\TSPA\run_089.txt,"41->193->159->195->146->103->181->192->160->48->30->54->147->104->177->10->190->184->28->77->105->116->65->47->166->11->84->4->112->126->156->29->24->161->194->6->173->180->158->53->136->182->121->99->189->19->100->26->101->150->1->97->152->74->125->87->2->82->120->44->25->16->88->171->113->56->13->31->85->188->157->168->78->145->179->91->169->196->81->187->174->119->40->185->106->178->3->32->138->8->165->39->90->107->27->71->58->164->7->21->155->144->61->62->9->33->37->148->167->111->124->94->130->12->176->66->51->109->72->59->118->60->141->137->23->76->89->183->153->0->170->117->93->140->68->46->198->115->96",7
TSPA,LS_Steepest_Edge_Random_Candidate,90,22260418,137,28559,21623,21623,6936,outputs\runs\ls_steepest_edge_random_candidate\TSPA\run_090.txt,"118->72->51->109->60->141->66->176->80->133->173->6->154->180->158->53->136->182->121->100->26->99->189->19->94->130->12->124->111->167->87->125->74->152->97->1->101->150->120->44->82->78->145->168->31->13->56->188->157->17->196->169->81->187->174->40->119->90->107->27->39->165->8->185->106->178->3->32->138->14->155->144->49->102->62->9->61->15->64->114->186->23->76->89->183->153->0->170->117->93->140->36->67->108->69->163->110->191->139->198->46->115->96->41->193->159->195->146->103->181->192->160->48->30->54->147->104->184->28->43->105->116->65->47->77->166->11->84->4->112->126->156->29->24->131->149->59",6
TSPA,LS_Steepest_Edge_Random_Candidate,91,22260419,136,28902,22488,22488,6414,outputs\runs\ls_steepest_edge_random_candidate\TSPA\run_091.txt,"117->93->140->36->67->108->69->163->110->139->191->41->193->159->195->146->103->34->30->54->147->48->160->192->42->5->96->116->65->47->105->77->166->28->184->11->84->4->112->126->156->29->127->194->6->173->180->158->53->121->100->26->97->152->74->125->87->1->101->150->120->44->82->92->185->8->165->119->40->91->179->145->78->168->31->13->56->188->157->17->196->169->174->81->187->90->107->27->71->58->164->7->21->138->32->3->178->49->102->155->144->62->9->61->64->114->15->148->37->33->167->111->124->12->130->94->19->189->99->182->136->63->80->176->66->141->51->109->72->59->118->60->46->68->0->170",7
TSPA,LS_Steepest_Edge_Random_Candidate,92,22260420,128,27779,20504,20504,7275,outputs\runs\ls_steepest_edge_random_candidate\TSPA\run_092.txt,"39->165->119->40->185->8->138->32->49->102->155->144->62->9->61->15->64->114->186->23->137->176->66->141->51->109->60->0->170->117->93->140->68->110->191->139->198->46->115->41->193->159->96->5->42->192->160->48->30->54->147->104->177->10->190->4->84->11->184->28->166->77->105->116->65->59->118->72->162->161->194->6->173->180->158->53->136->182->121->99->100->26->97->101->150->1->87->125->74->152->19->189->94->130->12->124->111->167->172->129->82->120->44->25->78->145->179->91->168->31->13->56->188->157->17->196->169->81->187->174->90->107->27->71->58->164->7->95",7
TSPA,LS_Steepest_Edge_Random_Candidate,93,22260421,129,26922,20244,20244,6678,outputs\runs\ls_steepest_edge_random_candidate\TSPA\run_093.txt,"189->99->121->182->136->180->158->53->100->26->101->150->1->97->152->74->125->87->2->120->44->82->92->179->91->145->78->168->31->13->56->188->157->17->196->169->81->187->174->40->119->185->8->165->39->138->32->3->178->49->102->155->144->62->9->61->15->64->114->186->23->76->89->183->143->170->0->46->68->93->140->36->163->67->108->69->142->41->193->159->195->146->103->181->192->160->48->30->54->147->104->177->10->190->4->112->156->29->126->35->11->184->28->166->77->105->116->65->47->131->149->72->59->118->60->141->66->51->151->45->162->161->133->63->94->130->12->124->19",5
TSPA,LS_Steepest_Edge_Random_Candidate,94,22260422,143,29300,23126,23126,6174,outputs\runs\ls_steepest_edge_random_candidate\TSPA\run_094.txt,"18->69->108->67->163->110->191->139->198->46->115->96->5->116->59->118->60->109->51->141->66->176->12->130->94->124->111->167->148->37->33->9->62->61->144->155->102->49->32->138->21->7->164->58->71->27->107->90->187->81->174->40->119->165->8->185->3->178->106->52->55->179->91->169->196->17->157->188->56->113->171->88->16->13->31->168->145->78->25->44->120->82->2->87->125->74->152->1->150->101->97->26->100->19->189->99->121->182->136->53->158->180->173->6->194->127->29->156->126->112->4->190->10->177->104->147->54->30->48->184->28->166->11->35->24->161->162->72->65->47->105->77->43->160->192->181->103->146->195->41->193->159->199",6
TSPA,LS_Steepest_Edge_Random_Candidate,95,22260423,131,27216,21948,21948,5268,outputs\runs\ls_steepest_edge_random_candidate\TSPA\run_095.txt,"139->110->191->41->193->159->195->103->146->22->20->18->69->108->67->163->36->140->93->117->170->0->153->183->89->83->114->64->144->155->14->138->32->3->178->106->185->40->119->8->165->39->95->7->164->58->71->27->107->90->174->187->81->169->196->17->157->188->56->13->31->168->78->145->179->91->55->52->49->102->62->9->61->15->186->23->137->141->60->109->51->66->176->12->130->124->94->189->19->152->74->125->87->1->150->101->97->26->100->99->121->182->136->53->158->180->173->6->194->123->24->166->11->184->28->77->131->149->161->162->72->118->59->65->116->105->5->96->115->46->198",6
TSPA,LS_Steepest_Edge_Random_Candidate,96,22260424,150,31084,24270,24270,6814,outputs\runs\ls_steepest_edge_random_candidate\TSPA\run_096.txt,"173->6->194->161->162->72->59->116->65->47->105->77->166->28->184->11->35->126->29->156->112->4->190->10->177->104->147->54->30->48->160->192->181->103->146->195->159->163->69->108->67->36->140->93->68->46->198->139->110->191->193->41->96->115->60->118->109->51->141->66->176->12->130->137->23->76->183->89->83->114->64->73->132->144->155->14->138->8->185->40->119->165->39->95->7->164->58->71->27->107->90->187->81->174->169->196->17->157->188->56->13->31->168->145->78->25->44->120->82->92->179->91->55->52->106->178->3->32->49->102->61->62->9->33->37->148->167->111->124->94->63->136->182->99->189->19->152->74->125->87->1->150->101->97->26->100->121->53->158->180",7
TSPA,LS_Steepest_Edge_Random_Candidate,97,22260425,145,29353,22374,22374,6979,outputs\runs\ls_steepest_edge_random_candidate\TSPA\run_097.txt,"199->159->193->41->96->5->42->192->160->48->30->54->147->104->184->28->166->11->84->4->112->126->156->29->24->149->131->77->105->116->65->47->161->162->72->59->118->60->109->51->141->66->176->80->63->180->173->6->154->158->53->136->182->121->99->100->26->97->101->150->1->87->125->74->152->19->189->94->130->12->124->111->167->148->37->33->9->62->61->144->155->102->49->138->32->3->178->106->52->55->91->179->92->82->120->44->25->78->145->168->31->13->56->188->157->17->196->169->185->8->165->119->40->174->81->187->90->107->27->71->58->164->7->21->132->73->64->114->186->23->76->89->183->153->0->170->117->93->140->36->163->67->108->69->18",7
TSPA,LS_Steepest_Edge_Random_Candidate,98,22260426,121,25604,20248,20248,5356,outputs\runs\ls_steepest_edge_random_candidate\TSPA\run_098.txt,"130->12->148->37->33->9->61->62->128->167->111->124->94->189->19->152->74->125->87->172->55->52->106->178->3->32->138->39->27->107->90->174->187->81->17->157->188->56->13->31->168->196->169->40->119->165->8->185->91->179->92->82->44->120->75->150->101->1->97->26->100->99->121->182->136->53->158->180->173->6->194->161->162->72->65->116->105->77->166->28->184->11->84->4->190->10->177->104->147->54->30->48->160->192->181->103->146->195->159->199->18->69->108->67->163->36->140->93->68->46->198->115->59->118->60->141->66->51->151->133->63",5
TSPA,LS_Steepest_Edge_Random_Candidate,99,22260427,141,29911,23266,23266,6645,outputs\runs\ls_steepest_edge_random_candidate\TSPA\run_099.txt,"167->148->37->33->9->62->15->114->64->61->144->155->102->49->178->3->32->138->8->185->40->119->165->39->95->7->164->58->71->27->107->90->174->187->81->169->196->17->157->188->56->13->31->168->78->145->91->179->92->82->44->120->150->101->1->87->125->74->152->19->189->99->121->182->136->53->158->180->173->6->194->127->29->156->126->112->4->190->10->177->104->147->54->30->48->184->11->166->28->160->192->42->5->41->193->159->199->18->69->108->67->163->36->140->93->68->110->191->139->198->46->115->96->116->65->47->105->77->131->149->24->161->162->45->151->51->109->72->59->118->60->141->66->176->137->23->12->130->94->124->111",6
TSPA,LS_Steepest_Edge_Random_Candidate,100,22260428,140,28820,22130,22130,6690,outputs\runs\ls_steepest_edge_random_candidate\TSPA\run_100.txt,"76->153->0->170->143->183->89->83->114->64->15->61->62->9->33->37->148->167->111->124->12->130->94->189->19->152->74->125->87->2->82->92->179->91->55->52->106->178->3->32->138->39->95->7->164->58->71->27->107->90->165->8->185->119->40->174->187->81->169->196->17->157->188->56->13->31->168->145->78->25->44->120->75->150->101->1->97->26->100->99->121->182->136->53->158->180->173->6->194->127->29->156->126->112->4->84->11->166->28->184->104->147->54->30->48->160->192->43->77->105->47->65->116->5->96->41->193->159->199->18->69->108->67->163->36->140->93->68->46->60->118->59->72->109->51->141->66->176->137->23",6
TSPA,LS_Steepest_Edge_Random_LM,1,23260332,153,31043,24536,24536,6507,outputs\runs\ls_steepest_edge_random_lm\TSPA\run_001.txt,"129->92->179->91->145->168->78->82->120->44->25->16->88->171->113->56->13->31->85->188->157->17->196->169->81->187->174->40->119->185->8->165->39->95->58->164->7->21->138->14->155->144->102->49->32->3->178->128->167->111->148->37->33->9->62->61->15->64->114->186->23->76->89->183->153->0->170->117->93->140->68->46->60->141->66->51->109->118->115->96->41->193->191->139->110->163->67->108->69->18->199->159->195->146->103->181->192->160->28->184->48->30->54->147->104->177->10->190->4->112->156->29->126->35->11->166->131->149->77->105->116->65->59->72->162->161->194->6->173->180->158->53->136->182->63->94->130->12->124->19->189->99->121->100->26->101->150->1->97->152->74->125->87",24
TSPA,LS_Steepest_Edge_Random_LM,2,23260333,146,30866,24673,24673,6193,outputs\runs\ls_steepest_edge_random_lm\TSPA\run_002.txt,"81->98->188->56->13->31->168->157->17->196->169->91->179->92->82->44->120->150->101->1->87->125->74->152->97->26->100->121->53->158->180->154->6->173->136->182->99->189->19->94->130->12->124->111->167->128->62->9->15->186->23->137->176->66->141->51->109->60->118->72->59->65->47->131->149->24->29->156->126->112->4->190->10->177->104->147->54->30->48->184->28->11->166->77->105->116->96->5->42->192->160->103->146->195->159->199->18->69->108->67->163->110->139->191->193->41->115->198->46->68->140->93->117->0->170->143->183->89->83->114->64->61->144->155->102->49->178->3->32->138->8->185->40->119->165->39->95->7->164->58->71->27->107->90->174->187",6
TSPA,LS_Steepest_Edge_Random_LM,3,23260334,148,30435,23915,23915,6520,outputs\runs\ls_steepest_edge_random_lm\TSPA\run_003.txt,"4->112->126->156->29->24->131->149->161->194->6->173->180->158->53->136->182->121->100->26->97->1->101->150->120->44->82->78->145->168->31->13->56->188->157->17->196->169->174->81->187->90->107->27->71->58->164->7->95->39->165->8->119->40->185->91->179->55->52->106->178->3->32->138->49->102->155->144->61->64->114->83->23->186->15->62->9->33->37->148->111->167->87->125->74->152->19->189->99->63->133->151->72->109->51->66->141->60->118->59->65->116->105->77->43->42->5->96->41->193->191->110->139->198->46->68->0->170->117->93->140->36->163->67->108->69->18->199->159->195->146->103->181->192->160->48->30->54->147->104->177->10->190->184->28->166->11->84",10
TSPA,LS_Steepest_Edge_Random_LM,4,23260335,147,30390,23586,23586,6804,outputs\runs\ls_steepest_edge_random_lm\TSPA\run_004.txt,"30->48->160->192->42->5->96->41->193->159->195->103->146->22->20->18->69->108->67->163->110->191->139->198->46->115->118->60->141->66->176->137->23->186->114->64->15->61->9->62->102->49->144->155->14->32->138->8->165->39->95->7->164->58->71->27->107->90->174->187->81->196->169->40->119->185->91->179->92->82->78->145->168->157->31->85->188->56->13->171->88->16->25->44->120->150->101->100->26->97->1->87->125->74->152->111->167->33->37->148->124->12->130->94->19->189->99->121->182->136->53->158->180->173->6->194->161->162->45->151->51->109->72->59->149->131->47->65->116->105->77->166->28->184->11->35->126->29->156->112->4->190->10->177->104->147->54",6
TSPA,LS_Steepest_Edge_Random_LM,5,23260336,127,26503,20728,20728,5775,outputs\runs\ls_steepest_edge_random_lm\TSPA\run_005.txt,"140->93->117->170->0->68->46->198->139->110->191->193->41->96->5->116->105->77->47->65->59->72->118->60->109->51->141->66->176->12->130->94->124->152->74->125->87->129->92->179->91->185->8->138->32->3->178->49->102->62->9->61->144->155->21->7->164->58->95->39->165->119->40->174->187->81->169->196->17->157->188->85->31->13->56->113->171->88->16->25->44->120->82->2->150->101->1->97->26->100->19->189->99->121->182->136->53->158->180->173->6->194->161->24->149->131->11->166->28->184->104->147->54->30->48->160->192->181->103->146->195->159->163->69->108->67->36",6
TSPA,LS_Steepest_Edge_Random_LM,6,23260337,144,30672,23056,23056,7616,outputs\runs\ls_steepest_edge_random_lm\TSPA\run_006.txt,"149->131->77->105->47->65->116->115->198->46->60->118->59->72->109->51->141->66->176->12->130->94->124->111->167->74->152->19->189->99->121->182->136->173->6->154->180->158->53->100->26->97->101->150->1->87->2->120->44->82->92->179->91->145->78->168->31->13->56->188->157->17->196->169->81->187->174->40->119->185->8->165->39->90->107->27->71->58->164->7->21->138->32->3->178->49->102->155->144->61->62->9->15->64->114->186->23->76->89->183->143->170->0->117->93->140->36->163->67->108->69->18->20->22->146->103->195->159->193->41->96->5->42->192->160->48->30->54->147->104->177->10->190->184->28->166->11->84->4->112->126->156->29->24",6
TSPA,LS_Steepest_Edge_Random_LM,7,23260338,156,31722,26156,26156,5566,outputs\runs\ls_steepest_edge_random_lm\TSPA\run_007.txt,"89->76->23->186->114->64->15->61->62->9->33->37->148->111->167->172->129->82->92->57->55->52->106->178->3->32->138->49->102->155->144->132->21->7->164->58->71->27->107->90->39->165->8->185->40->119->174->187->81->196->169->91->179->145->168->157->188->56->113->171->88->16->13->31->78->25->44->120->150->101->1->97->26->100->19->189->99->121->182->136->53->158->180->173->6->194->161->162->72->151->133->63->94->124->130->12->176->66->141->51->109->60->118->59->115->96->5->105->116->65->47->77->149->131->166->11->35->29->156->126->112->4->190->10->177->104->147->54->30->48->184->28->160->192->181->103->146->22->20->18->108->67->163->69->199->159->193->41->191->139->110->68->46->0->153->183",6
TSPA,LS_Steepest_Edge_Random_LM,8,23260339,133,27630,21276,21276,6354,outputs\runs\ls_steepest_edge_random_lm\TSPA\run_008.txt,"68->46->60->109->51->141->66->176->137->23->186->114->64->15->61->62->9->33->37->148->111->167->128->49->102->144->155->14->138->32->3->178->106->8->39->27->107->90->165->119->40->185->169->174->187->81->196->17->157->188->56->13->31->168->78->145->91->179->92->82->44->120->2->87->125->74->152->97->1->150->101->26->100->99->189->19->124->12->130->94->63->136->182->121->53->158->180->173->6->194->161->162->72->118->59->65->116->105->77->131->149->24->29->156->126->112->4->84->11->184->28->166->42->5->96->41->193->195->103->146->22->159->142->191->139->110->163->69->108->67->36->140->93",7
TSPA,LS_Steepest_Edge_Random_LM,9,23260340,144,29350,23274,23274,6076,outputs\runs\ls_steepest_edge_random_lm\TSPA\run_009.txt,"55->172->87->125->74->152->97->1->150->101->26->100->19->189->99->121->182->136->53->158->180->173->6->194->161->24->35->11->84->4->190->10->177->104->147->54->30->48->160->184->28->166->77->105->47->65->116->5->96->41->193->159->199->18->69->108->67->163->36->140->93->117->170->0->153->183->89->83->64->114->186->23->137->176->66->141->51->109->60->118->59->72->151->133->63->94->130->12->124->111->167->148->37->33->9->62->61->102->49->144->155->14->32->138->21->7->164->58->71->27->107->90->174->187->81->17->157->188->85->31->13->56->113->171->88->16->168->145->78->25->44->120->82->92->179->91->196->169->40->119->165->8->185->52",6
TSPA,LS_Steepest_Edge_Random_LM,10,23260341,151,31727,25908,25908,5819,outputs\runs\ls_steepest_edge_random_lm\TSPA\run_010.txt,"67->163->36->140->93->117->170->0->68->46->60->141->109->51->66->176->137->23->186->114->64->15->9->62->61->144->155->102->49->178->3->32->138->21->7->164->58->95->39->165->8->185->40->119->27->107->90->174->187->81->196->169->91->179->145->78->168->157->188->85->31->13->56->113->171->88->16->25->44->120->82->2->87->167->111->124->12->130->94->74->152->97->1->150->101->26->100->19->189->99->121->182->136->63->133->151->72->118->59->162->161->173->180->53->158->154->6->194->127->29->156->126->112->4->190->10->177->104->147->54->30->48->184->28->11->166->77->47->65->116->105->5->96->115->198->139->110->191->193->41->181->192->160->103->146->195->159->199->18->69->108",6
TSPA,LS_Steepest_Edge_Random_LM,11,23260342,137,28776,21884,21884,6892,outputs\runs\ls_steepest_edge_random_lm\TSPA\run_011.txt,"159->195->146->103->181->192->160->43->77->105->116->65->59->118->60->141->66->51->109->72->149->131->166->28->184->11->84->4->112->126->156->29->127->194->6->173->180->158->53->136->182->121->99->189->19->100->26->97->101->150->1->152->74->125->87->2->120->44->82->92->179->91->145->78->168->31->13->56->188->157->17->196->169->174->81->187->90->107->27->71->58->164->7->95->39->165->119->40->185->8->138->32->3->178->49->128->167->111->124->94->130->12->148->37->33->9->62->61->15->64->114->186->23->76->89->183->143->170->0->117->93->140->36->163->67->108->69->110->191->139->68->46->198->115->96->41->193",6
TSPA,LS_Steepest_Edge_Random_LM,12,23260343,156,31096,25577,25577,5519,outputs\runs\ls_steepest_edge_random_lm\TSPA\run_012.txt,"17->157->31->85->188->56->13->171->88->16->168->145->78->82->44->120->2->87->125->74->152->1->150->101->97->26->100->53->158->154->6->173->180->136->182->121->99->189->19->94->124->130->12->176->151->45->161->162->72->59->65->116->105->47->131->149->24->35->11->84->4->190->10->177->104->147->54->30->48->160->184->28->166->77->43->42->5->96->41->193->195->103->146->22->159->142->110->191->139->198->115->118->109->51->66->141->60->46->68->163->69->108->67->36->140->93->117->170->0->153->183->89->76->23->186->114->64->15->61->62->9->33->37->148->111->167->128->49->32->138->21->7->164->58->71->27->107->90->39->165->8->119->40->174->187->81->169->185->106->3->178->52->55->179->91->196",6
TSPA,LS_Steepest_Edge_Random_LM,13,23260344,145,29205,23415,23415,5790,outputs\runs\ls_steepest_edge_random_lm\TSPA\run_013.txt,"102->49->33->37->9->62->61->15->64->114->186->23->76->89->183->153->0->170->117->93->140->36->67->108->69->163->110->139->191->41->193->159->195->146->103->181->192->42->5->96->116->105->47->65->59->118->60->141->66->51->109->72->162->161->24->149->131->77->166->11->184->28->160->48->30->54->147->104->177->10->190->4->112->126->156->29->127->194->6->173->180->158->53->136->182->121->99->100->26->97->1->101->150->120->44->25->78->31->13->56->188->98->81->187->174->169->196->17->157->168->145->91->179->92->82->2->87->125->74->152->19->189->94->130->12->124->111->167->128->55->52->185->40->119->8->165->39->95->58->164->7->21->132->144->155",6
TSPA,LS_Steepest_Edge_Random_LM,14,23260345,150,29935,23813,23813,6122,outputs\runs\ls_steepest_edge_random_lm\TSPA\run_014.txt,"46->0->153->183->89->76->23->186->114->64->15->148->37->33->9->62->61->155->144->132->21->7->164->58->71->27->107->90->174->187->81->98->188->56->13->31->157->17->196->169->185->40->119->165->8->138->32->3->178->106->52->55->91->179->145->168->78->25->44->120->82->129->172->167->111->124->12->130->94->189->19->152->74->125->87->1->150->101->97->26->100->99->121->182->136->53->158->180->154->6->173->133->80->176->66->141->60->109->51->151->45->161->162->72->118->59->65->116->105->77->149->131->166->28->11->35->126->29->156->112->4->84->184->104->147->54->30->48->160->192->181->103->146->195->159->193->41->142->163->69->108->67->36->140->93->68->110->191->139->198",8
TSPA,LS_Steepest_Edge_Random_LM,15,23260346,154,30688,23792,23792,6896,outputs\runs\ls_steepest_edge_random_lm\TSPA\run_015.txt,"184->104->147->54->30->48->160->192->181->103->146->22->20->18->69->108->67->163->36->140->93->117->170->0->153->183->89->76->23->186->114->64->15->61->62->9->33->37->148->167->111->124->12->130->94->63->136->182->121->99->189->19->152->74->125->87->2->82->92->179->91->55->52->106->178->3->32->138->14->155->144->132->21->7->164->58->95->39->165->8->185->40->119->174->187->81->169->196->17->157->188->56->113->171->88->16->13->31->168->145->78->25->44->120->150->101->1->97->26->100->53->158->180->173->6->194->161->162->72->59->118->109->51->66->141->60->46->198->139->191->110->142->159->193->41->96->5->116->65->47->105->77->131->149->24->29->156->126->112->4->84->11->166->28",6
TSPA,LS_Steepest_Edge_Random_LM,16,23260347,153,30613,23716,23716,6897,outputs\runs\ls_steepest_edge_random_lm\TSPA\run_016.txt,"119->40->185->106->178->3->32->138->14->144->155->49->102->61->62->9->33->37->148->15->64->114->186->23->76->89->183->153->0->170->117->93->140->36->163->67->108->69->18->20->22->146->103->195->159->142->110->139->191->193->41->96->5->116->65->47->105->77->166->28->184->160->48->30->54->147->104->177->10->190->4->84->11->35->112->126->156->29->24->131->149->72->59->118->60->141->109->51->66->176->80->133->162->161->194->6->173->180->158->53->136->182->63->130->12->124->94->19->189->99->121->100->26->97->101->150->1->152->74->125->87->2->120->44->82->92->179->91->145->78->168->31->13->56->188->157->17->196->169->81->187->174->90->107->27->71->58->164->7->95->39->165->8",6
TSPA,LS_Steepest_Edge_Random_LM,17,23260348,145,30237,22624,22624,7613,outputs\runs\ls_steepest_edge_random_lm\TSPA\run_017.txt,"47->65->116->5->96->41->193->115->59->118->60->141->66->51->109->72->162->161->194->6->173->180->158->53->136->182->121->99->189->94->130->12->124->19->100->26->101->150->1->97->152->74->125->87->2->120->44->82->92->179->91->145->168->78->16->88->171->113->56->13->31->85->188->157->17->196->169->174->81->187->90->107->27->71->58->164->7->95->39->165->8->119->40->185->106->178->3->32->138->14->155->144->49->102->62->9->61->15->64->114->186->23->76->89->183->143->170->0->46->68->93->140->36->163->67->108->69->18->20->22->146->103->181->192->160->48->30->54->147->104->177->10->190->4->112->156->29->126->35->11->184->28->166->77->105",6
TSPA,LS_Steepest_Edge_Random_LM,18,23260349,142,30415,23391,23391,7024,outputs\runs\ls_steepest_edge_random_lm\TSPA\run_018.txt,"72->149->131->47->65->116->105->77->166->11->184->28->192->160->48->30->54->147->104->177->10->190->4->112->126->156->29->127->194->6->173->180->158->53->136->182->121->99->189->19->94->130->12->124->111->167->74->152->97->26->100->101->150->1->87->2->82->120->44->25->78->145->168->31->16->88->171->13->56->188->157->17->196->169->185->106->178->3->32->138->8->165->119->40->174->81->187->90->107->27->71->58->164->7->21->155->144->61->62->9->15->64->114->186->23->76->89->183->153->0->170->117->93->140->68->46->198->139->191->110->163->67->108->69->18->20->22->146->103->195->159->193->41->96->115->59->118->60->141->66->51->109",5
TSPA,LS_Steepest_Edge_Random_LM,19,23260350,135,27941,22764,22764,5177,outputs\runs\ls_steepest_edge_random_lm\TSPA\run_019.txt,"196->169->174->119->40->185->8->165->39->27->107->90->187->81->98->188->85->31->13->56->113->171->88->16->25->44->120->150->101->100->26->97->1->87->125->74->152->19->124->12->130->94->189->99->121->182->136->53->158->180->173->6->194->161->24->149->131->166->11->184->190->10->177->104->147->54->30->48->34->103->146->195->159->193->41->181->192->160->28->77->105->47->65->116->5->96->115->198->46->68->163->69->108->67->36->140->93->117->170->0->153->183->89->76->141->60->118->59->72->109->51->66->176->137->23->186->114->64->15->61->62->9->33->37->148->111->167->172->129->82->78->145->168->157->17",6
TSPA,LS_Steepest_Edge_Random_LM,20,23260351,146,29423,23426,23426,5997,outputs\runs\ls_steepest_edge_random_lm\TSPA\run_020.txt,"32->3->178->106->185->8->165->39->27->107->90->119->40->169->174->187->81->196->17->157->188->56->113->171->88->16->13->31->168->145->78->25->44->120->82->2->87->125->74->152->97->1->150->101->26->100->19->189->99->121->53->158->154->6->173->180->136->182->63->133->161->162->72->118->59->149->131->77->166->28->184->11->35->126->29->156->112->4->190->10->177->104->147->54->30->48->160->192->181->103->146->195->159->193->41->96->5->116->105->47->65->115->198->139->191->110->68->140->93->117->170->143->183->89->83->64->114->186->23->76->153->0->46->60->141->109->51->66->176->12->130->94->124->111->167->148->37->33->9->62->61->144->155->102->49->138",4
TSPA,LS_Steepest_Edge_Random_LM,21,23260352,150,30235,23971,23971,6264,outputs\runs\ls_steepest_edge_random_lm\TSPA\run_021.txt,"166->11->84->4->112->126->156->29->127->194->161->24->149->131->77->105->116->65->59->118->72->51->109->60->141->66->176->80->63->182->136->180->173->6->154->158->53->121->100->26->101->150->1->97->152->74->125->87->2->82->120->44->25->16->88->171->113->56->13->31->85->188->157->17->196->169->174->81->187->90->107->27->71->58->164->7->21->132->144->155->14->138->8->165->119->40->185->91->179->55->52->106->178->3->32->49->102->61->62->9->33->37->148->167->111->124->19->189->99->94->130->12->137->23->76->89->183->143->170->0->117->93->140->36->163->67->108->69->110->68->46->198->139->191->41->193->159->195->146->103->181->192->160->48->30->54->147->104->184->28",4
TSPA,LS_Steepest_Edge_Random_LM,22,23260353,150,30794,23868,23868,6926,outputs\runs\ls_steepest_edge_random_lm\TSPA\run_022.txt,"192->160->103->146->22->20->18->69->108->67->163->36->140->93->117->170->0->153->183->89->76->23->186->114->64->15->61->144->155->14->138->8->165->39->95->7->164->58->71->27->107->90->119->40->174->187->81->196->169->91->179->145->168->157->188->56->13->31->78->25->44->120->82->92->57->55->52->106->178->3->32->49->102->62->9->33->37->148->167->111->124->12->130->94->152->74->125->87->150->101->1->97->26->100->19->189->99->121->182->136->53->158->180->173->6->194->127->29->156->126->112->4->190->10->177->104->147->54->30->48->184->28->166->11->131->149->77->105->116->65->59->72->51->109->118->60->115->198->46->68->139->191->110->142->159->193->41->96->5->42",6
TSPA,LS_Steepest_Edge_Random_LM,23,23260354,147,30150,24312,24312,5838,outputs\runs\ls_steepest_edge_random_lm\TSPA\run_023.txt,"193->41->96->5->42->43->105->116->65->47->77->166->11->184->28->192->160->48->30->54->147->104->177->10->190->4->112->126->156->29->131->149->24->123->194->6->173->180->158->53->136->182->121->99->100->26->97->1->101->150->120->44->82->78->31->13->56->188->157->168->145->179->91->169->196->81->187->174->40->119->90->107->27->71->58->164->7->95->39->165->8->138->14->155->144->64->114->15->61->9->62->102->49->32->3->178->106->52->55->172->87->125->74->152->19->189->124->12->130->94->63->133->161->162->45->151->51->66->141->109->72->59->118->60->46->198->139->191->110->68->0->170->117->93->140->36->163->67->108->69->18->199->159->22->146->103->195",6
TSPA,LS_Steepest_Edge_Random_LM,24,23260355,146,30393,23482,23482,6911,outputs\runs\ls_steepest_edge_random_lm\TSPA\run_024.txt,"141->66->176->137->23->186->114->64->15->148->37->33->9->62->61->144->155->102->49->32->138->21->7->164->58->71->27->107->90->187->81->174->40->119->165->8->185->169->196->17->157->188->56->13->31->168->145->78->25->44->120->82->92->179->91->55->52->106->178->3->128->167->111->124->12->130->94->152->74->125->87->150->101->1->97->26->100->19->189->99->121->182->136->53->158->180->173->6->194->127->29->156->126->112->4->190->10->177->104->147->54->30->48->160->192->28->184->11->166->77->105->5->96->41->193->159->199->18->69->108->67->163->36->140->93->68->110->191->139->198->46->115->116->65->47->131->149->24->161->162->72->51->109->59->118->60",6
TSPA,LS_Steepest_Edge_Random_LM,25,23260356,141,29692,23203,23203,6489,outputs\runs\ls_steepest_edge_random_lm\TSPA\run_025.txt,"69->108->67->163->36->140->93->68->46->198->139->110->191->193->41->96->5->116->105->77->131->149->47->65->59->72->118->60->109->51->141->66->176->137->23->76->153->0->170->143->183->89->83->114->64->15->61->9->62->144->155->102->49->32->138->21->7->164->58->71->27->107->90->39->165->8->185->119->40->174->187->81->169->196->17->157->188->56->13->31->168->145->78->82->44->120->2->87->125->74->152->1->150->101->97->26->100->53->136->182->121->99->189->19->94->124->12->130->63->180->158->154->173->6->194->161->24->29->156->126->112->4->84->11->166->28->184->104->147->54->30->48->160->192->181->103->146->195->159->199->18",6
TSPA,LS_Steepest_Edge_Random_LM,26,23260357,149,30143,24641,24641,5502,outputs\runs\ls_steepest_edge_random_lm\TSPA\run_026.txt,"74->125->87->167->111->124->12->130->94->63->182->136->180->173->133->80->176->66->51->109->60->141->137->23->186->15->61->9->62->102->49->144->155->14->138->32->3->178->106->52->55->91->179->145->168->78->16->88->171->113->50->188->56->13->31->157->17->196->169->81->187->174->40->119->185->8->165->39->90->107->27->71->58->164->7->21->132->73->64->114->83->89->183->153->0->170->117->93->140->68->46->198->115->41->193->159->195->146->103->181->96->5->42->192->160->48->30->54->147->104->177->10->190->184->28->77->105->116->65->59->118->72->149->131->166->11->84->4->112->126->156->29->127->194->6->154->158->53->121->99->189->19->100->26->101->150->1->97->152",4
TSPA,LS_Steepest_Edge_Random_LM,27,23260358,152,31404,24948,24948,6456,outputs\runs\ls_steepest_edge_random_lm\TSPA\run_027.txt,"108->67->36->140->93->68->46->0->170->143->183->89->76->23->186->114->64->15->61->62->9->33->37->148->111->167->128->49->102->144->155->14->32->3->178->138->21->7->164->58->71->27->107->90->39->165->8->185->40->119->174->187->81->196->169->91->179->145->168->157->188->56->113->171->88->16->13->31->78->25->44->120->82->2->87->125->74->152->124->12->130->94->189->19->97->1->150->101->26->100->99->121->182->136->53->158->180->173->6->194->161->162->133->80->176->66->51->109->141->60->118->59->72->149->131->166->11->84->4->190->10->177->104->147->54->30->48->160->103->146->195->159->193->41->181->192->184->28->77->105->47->65->116->5->96->115->198->139->191->110->163->69",6
TSPA,LS_Steepest_Edge_Random_LM,28,23260359,144,29952,23156,23156,6796,outputs\runs\ls_steepest_edge_random_lm\TSPA\run_028.txt,"105->116->96->5->42->28->184->104->147->54->30->48->160->192->181->103->146->195->159->193->41->191->139->110->163->69->108->67->36->140->93->68->198->115->118->59->72->109->51->66->141->60->46->0->170->143->183->89->76->23->186->114->64->15->61->62->9->33->37->148->12->130->94->124->111->167->128->49->102->144->155->14->32->3->178->138->8->165->39->27->107->90->119->40->174->187->81->169->196->17->157->188->56->113->171->88->16->13->31->168->78->145->91->179->92->82->44->120->2->87->125->74->152->19->189->97->1->150->101->26->100->99->121->182->136->53->158->180->173->6->194->161->24->29->156->126->112->4->84->11->166->77->47->65",7
TSPA,LS_Steepest_Edge_Random_LM,29,23260360,157,31715,25427,25427,6288,outputs\runs\ls_steepest_edge_random_lm\TSPA\run_029.txt,"171->88->16->25->44->120->82->92->57->55->52->106->178->3->32->49->128->167->111->124->189->19->152->74->125->87->150->101->1->97->26->100->99->121->53->158->154->6->70->127->29->156->126->112->4->84->11->166->28->184->104->147->54->30->48->160->192->181->103->146->22->20->18->69->108->67->163->36->140->93->117->0->170->143->183->89->83->64->114->186->23->137->176->66->141->51->109->60->46->198->115->41->193->159->96->5->116->105->77->47->65->59->118->72->162->161->194->173->180->136->182->63->94->130->12->148->37->33->9->62->61->144->155->14->138->8->185->40->119->165->39->95->7->164->58->71->27->107->90->174->187->81->169->196->17->157->91->179->145->78->168->31->13->85->188->56->113",5
TSPA,LS_Steepest_Edge_Random_LM,30,23260361,135,28697,21790,21790,6907,outputs\runs\ls_steepest_edge_random_lm\TSPA\run_030.txt,"196->17->157->188->56->13->31->168->145->78->25->44->120->82->2->87->125->74->152->97->1->150->101->26->100->121->99->189->19->94->124->12->130->63->182->136->53->158->180->173->6->194->161->24->149->131->47->65->116->105->77->166->11->28->184->104->147->54->30->48->160->192->181->103->146->195->159->199->18->69->108->67->163->36->140->93->68->46->198->139->110->191->193->41->96->115->60->118->59->72->109->51->141->66->176->137->23->186->114->64->144->155->61->62->9->33->37->148->111->167->128->49->178->3->32->138->21->7->164->58->71->27->107->90->39->165->8->119->40->185->52->55->179->91->169",5
TSPA,LS_Steepest_Edge_Random_LM,31,23260362,140,28022,22496,22496,5526,outputs\runs\ls_steepest_edge_random_lm\TSPA\run_031.txt,"120->44->25->16->88->171->113->56->13->31->85->188->157->17->196->169->81->187->174->40->119->90->107->27->39->165->8->138->32->3->178->106->52->55->128->167->111->148->37->33->9->62->61->102->49->155->144->64->114->186->23->76->89->183->143->170->0->141->66->51->109->72->59->118->60->46->198->139->191->110->68->93->140->36->163->67->108->69->18->20->22->146->103->195->159->193->41->96->5->42->192->160->28->166->77->105->116->65->47->149->131->11->184->48->30->54->147->104->177->10->190->4->112->126->156->29->24->161->162->133->63->182->136->180->158->53->121->99->189->19->94->130->12->124->152->74->125->87->2->82",4
TSPA,LS_Steepest_Edge_Random_LM,32,23260363,151,30616,24297,24297,6319,outputs\runs\ls_steepest_edge_random_lm\TSPA\run_032.txt,"145->179->91->55->52->106->178->3->32->138->8->185->40->119->165->39->90->107->27->71->58->164->7->21->132->144->155->61->9->62->102->49->128->167->111->148->37->33->15->64->114->186->23->137->12->130->124->94->63->133->161->162->45->151->51->66->141->60->118->72->59->116->65->47->77->105->5->96->41->193->159->142->110->191->139->198->46->68->93->140->36->163->67->108->69->18->20->22->146->103->181->192->160->48->30->54->147->104->184->28->166->11->84->4->112->126->156->29->24->123->194->6->173->180->158->53->136->182->121->99->189->19->100->26->101->150->1->97->152->74->125->87->2->82->120->44->25->78->31->13->56->188->98->81->187->174->169->196->17->157->168",4
TSPA,LS_Steepest_Edge_Random_LM,33,23260364,134,28383,21882,21882,6501,outputs\runs\ls_steepest_edge_random_lm\TSPA\run_033.txt,"155->14->138->32->3->178->49->128->167->111->172->92->179->91->169->40->119->185->8->165->39->95->7->164->58->71->27->107->90->174->187->81->196->17->157->188->56->13->31->168->145->78->25->44->120->82->2->87->125->74->152->1->150->101->97->26->100->19->189->99->121->182->136->53->158->180->154->6->173->133->80->176->66->51->109->118->59->72->162->161->47->65->116->105->77->131->149->24->29->156->126->112->4->84->11->166->28->184->104->147->54->30->48->160->192->181->103->146->22->20->18->69->108->67->163->159->193->41->96->115->198->46->60->141->137->23->186->114->64->15->61->9->62->144",3
TSPA,LS_Steepest_Edge_Random_LM,34,23260365,143,28890,23651,23651,5239,outputs\runs\ls_steepest_edge_random_lm\TSPA\run_034.txt,"99->182->136->63->133->162->161->24->35->11->28->166->77->47->65->105->116->115->46->198->139->191->110->68->93->140->36->163->67->108->69->18->199->159->193->41->96->5->195->146->103->181->192->160->48->30->54->147->104->184->84->4->112->126->156->29->127->194->6->173->180->158->53->121->100->26->97->1->101->150->120->44->25->78->145->179->91->168->31->13->56->188->157->17->196->169->81->187->174->90->107->27->71->58->164->7->95->39->165->8->119->40->185->52->55->57->92->82->2->87->125->74->152->111->167->128->178->3->32->138->14->144->155->49->102->62->9->61->15->64->114->186->23->89->183->76->137->12->130->124->94->19->189",4
TSPA,LS_Steepest_Edge_Random_LM,35,23260366,154,31355,25529,25529,5826,outputs\runs\ls_steepest_edge_random_lm\TSPA\run_035.txt,"22->146->103->195->159->193->41->96->5->42->43->77->105->47->65->116->59->72->118->60->109->51->66->141->76->23->137->12->130->63->182->136->180->173->194->161->24->149->131->11->166->28->184->160->48->30->54->147->104->177->10->190->4->112->126->156->29->127->70->6->154->158->53->121->100->26->97->101->150->1->87->125->74->152->19->189->99->94->124->148->37->33->111->167->128->52->55->91->179->92->82->120->44->25->78->145->168->31->13->56->188->157->17->196->169->81->187->174->90->107->27->39->165->8->119->40->185->106->178->3->32->138->14->144->155->49->102->62->9->61->15->64->114->83->89->183->143->170->0->117->93->140->68->46->198->139->191->110->163->67->108->69->18->20",3
TSPA,LS_Steepest_Edge_Random_LM,36,23260367,148,30883,23865,23865,7018,outputs\runs\ls_steepest_edge_random_lm\TSPA\run_036.txt,"48->160->28->184->11->166->77->47->65->116->105->43->192->181->103->146->195->159->199->18->69->108->67->163->36->140->93->117->170->0->153->183->89->76->23->186->114->64->15->61->62->9->33->37->148->111->167->128->49->178->3->32->138->8->185->40->119->165->39->95->7->164->58->71->27->107->90->187->81->174->169->196->17->157->188->56->13->31->168->78->145->91->179->92->82->44->120->2->87->125->74->152->97->1->150->101->26->100->121->99->189->19->94->124->130->12->176->66->51->109->141->60->46->198->139->110->191->193->41->96->115->118->59->72->151->133->173->180->136->53->158->154->6->194->161->24->29->156->126->112->4->190->10->177->104->147->54->30",3
TSPA,LS_Steepest_Edge_Random_LM,37,23260368,145,29232,22908,22908,6324,outputs\runs\ls_steepest_edge_random_lm\TSPA\run_037.txt,"158->180->173->6->194->161->162->133->80->176->66->141->51->109->60->118->72->59->65->116->105->77->131->149->24->29->156->126->112->4->84->11->184->190->10->177->104->147->54->30->48->160->192->28->166->43->42->5->96->41->195->103->146->22->159->193->191->139->110->68->140->93->117->0->170->143->183->89->76->23->186->114->64->15->61->9->62->144->155->102->49->32->138->8->185->40->119->165->39->95->7->164->58->71->27->107->90->187->81->174->169->196->17->157->31->85->188->56->13->171->88->16->78->168->145->179->91->106->3->178->52->55->57->92->82->44->120->2->87->125->74->152->1->150->101->97->26->100->19->189->99->121->182->136->53",3
TSPA,LS_Steepest_Edge_Random_LM,38,23260369,133,28136,21820,21820,6316,outputs\runs\ls_steepest_edge_random_lm\TSPA\run_038.txt,"183->89->76->23->186->114->64->15->148->37->33->9->62->61->155->144->132->21->7->164->58->71->27->107->90->40->119->165->8->138->32->3->178->106->52->55->91->179->145->168->196->169->174->187->81->17->157->188->56->13->31->78->82->44->120->150->101->100->26->97->1->87->125->74->152->124->12->130->94->19->189->99->121->182->136->53->158->180->173->6->194->161->162->72->51->109->118->59->65->116->105->77->166->28->184->11->84->4->190->10->177->104->147->54->30->48->160->192->42->5->96->41->193->159->142->191->139->110->163->69->108->67->36->140->93->68->46->198->115->60->141->0->153",3
TSPA,LS_Steepest_Edge_Random_LM,39,23260370,137,29364,23197,23197,6167,outputs\runs\ls_steepest_edge_random_lm\TSPA\run_039.txt,"40->119->8->165->39->174->81->187->90->107->27->71->58->164->7->21->132->73->64->114->15->61->9->62->144->155->102->49->138->32->3->178->128->167->111->124->94->130->12->137->23->76->89->183->153->0->46->68->93->140->36->163->67->108->69->18->20->22->146->103->195->159->193->41->96->115->60->141->66->51->109->72->118->59->116->65->47->105->77->166->28->184->11->84->4->112->126->156->29->24->161->194->6->173->180->158->53->136->182->121->99->189->19->100->26->101->150->1->97->152->74->125->87->2->82->120->44->25->16->88->171->113->56->13->31->85->188->157->17->196->169->91->168->78->145->179->185",3
TSPA,LS_Steepest_Edge_Random_LM,40,23260371,136,28414,22994,22994,5420,outputs\runs\ls_steepest_edge_random_lm\TSPA\run_040.txt,"132->144->155->102->49->178->3->32->138->39->165->8->119->40->185->91->179->92->172->167->128->9->62->61->33->37->148->111->124->94->130->12->137->23->76->89->183->153->0->170->117->93->140->36->67->108->69->163->68->46->60->141->66->51->109->72->118->59->65->116->105->77->166->11->184->28->192->160->48->30->54->147->104->177->10->190->4->112->126->156->29->24->123->194->6->154->158->53->180->173->161->162->133->63->136->182->121->99->100->26->101->150->1->97->189->19->152->74->125->87->2->120->44->82->78->145->168->31->13->56->188->157->17->196->169->81->187->174->90->107->27->71->58->164->7->21",3
TSPA,LS_Steepest_Edge_Random_LM,41,23260372,150,30893,24549,24549,6344,outputs\runs\ls_steepest_edge_random_lm\TSPA\run_041.txt,"68->46->198->115->96->5->105->77->47->65->116->59->118->72->51->109->60->141->66->176->137->23->186->114->64->144->155->102->49->32->138->21->7->164->58->71->27->107->90->39->165->8->185->40->119->174->187->81->169->196->17->157->188->85->31->13->56->113->171->88->16->78->168->145->179->91->55->52->106->178->3->128->167->111->37->33->9->62->61->148->12->130->124->94->19->189->99->97->1->152->74->125->87->2->82->44->120->150->101->26->100->121->182->136->53->158->180->173->6->194->127->29->156->126->112->4->84->11->166->28->184->190->10->177->104->147->54->30->48->160->192->181->103->146->195->41->139->110->191->193->159->199->18->69->108->67->163->36->140->93",3
TSPA,LS_Steepest_Edge_Random_LM,42,23260373,142,28956,22620,22620,6336,outputs\runs\ls_steepest_edge_random_lm\TSPA\run_042.txt,"168->31->13->56->188->157->17->196->169->174->81->187->90->107->27->71->58->164->7->21->138->32->3->178->106->8->165->119->40->185->91->179->92->172->167->111->148->37->33->9->62->102->49->155->144->61->15->64->114->186->23->76->89->183->153->0->170->117->93->140->36->67->108->69->163->110->191->139->198->46->115->96->41->193->159->195->146->103->34->48->30->54->147->104->184->11->166->28->160->192->42->5->116->65->47->105->77->131->149->24->161->162->72->59->118->60->141->109->51->66->176->80->133->173->6->154->180->158->53->136->182->121->99->189->19->100->26->101->150->1->97->152->74->125->87->2->82->120->44->25->78->145",3
TSPA,LS_Steepest_Edge_Random_LM,43,23260374,127,26642,19766,19766,6876,outputs\runs\ls_steepest_edge_random_lm\TSPA\run_043.txt,"9->33->37->61->15->64->114->186->23->76->89->183->153->0->170->117->93->140->36->67->108->69->163->110->139->191->41->193->159->181->192->160->48->30->54->147->104->177->10->190->4->112->156->29->126->35->11->184->28->166->77->105->116->65->59->118->60->141->66->51->109->72->162->161->194->6->173->180->158->53->121->100->26->101->150->1->97->19->189->99->182->136->63->94->130->12->124->111->167->172->129->82->92->179->91->145->78->168->31->13->56->188->157->17->196->169->81->187->174->90->107->27->39->165->119->40->185->8->106->178->3->32->138->14->155->144->62",3
TSPA,LS_Steepest_Edge_Random_LM,44,23260375,141,28691,22965,22965,5726,outputs\runs\ls_steepest_edge_random_lm\TSPA\run_044.txt,"147->54->30->48->160->184->28->43->96->5->42->192->181->103->146->195->159->193->41->191->139->110->163->69->108->67->36->140->93->68->46->0->170->143->183->89->76->23->186->114->64->15->61->62->9->33->37->148->111->167->128->49->102->144->155->14->32->138->21->7->164->58->95->39->165->8->185->52->55->179->91->196->169->40->119->174->187->81->98->188->56->113->171->88->16->13->31->157->168->145->78->25->44->120->82->2->150->101->100->26->97->1->87->125->74->152->19->189->99->121->182->136->53->158->180->173->6->194->161->162->72->109->51->66->141->60->118->59->116->105->65->47->77->166->11->84->4->190->10->177->104",3
TSPA,LS_Steepest_Edge_Random_LM,45,23260376,145,29428,24174,24174,5254,outputs\runs\ls_steepest_edge_random_lm\TSPA\run_045.txt,"162->161->24->149->131->11->35->126->29->156->112->4->190->10->177->104->147->54->30->34->103->146->195->159->199->18->69->108->67->163->36->140->93->68->46->198->115->96->41->193->181->192->160->48->184->28->166->77->105->116->65->59->118->60->0->170->143->183->89->76->23->186->114->64->15->61->62->9->33->37->148->111->167->172->129->82->92->179->91->55->52->106->178->3->32->138->14->155->144->132->21->7->164->58->71->27->107->90->187->81->174->169->196->17->157->188->56->13->31->168->145->78->25->44->120->150->101->1->87->125->74->152->97->26->100->19->189->99->121->182->136->53->158->180->173->6->194->133->80->176->66->141->51->109->72",3
TSPA,LS_Steepest_Edge_Random_LM,46,23260377,144,29120,22962,22962,6158,outputs\runs\ls_steepest_edge_random_lm\TSPA\run_046.txt,"188->157->17->196->169->174->81->187->90->107->27->71->58->164->7->95->39->165->8->119->40->185->106->178->3->32->138->14->155->144->61->62->9->15->64->114->186->23->76->89->183->153->0->170->117->93->140->36->163->67->108->69->18->199->159->193->41->191->110->139->198->46->115->96->5->42->43->77->105->116->65->59->118->60->141->66->51->109->72->162->161->24->149->131->166->28->184->11->84->4->112->126->156->29->127->194->133->63->182->136->180->173->6->154->158->53->121->99->189->19->100->26->97->1->101->150->120->44->82->2->87->125->74->152->94->130->12->124->148->37->33->111->167->128->52->55->91->179->145->78->168->31->13->56",3
TSPA,LS_Steepest_Edge_Random_LM,47,23260378,142,29317,23124,23124,6193,outputs\runs\ls_steepest_edge_random_lm\TSPA\run_047.txt,"111->148->37->33->61->62->9->128->167->19->189->99->121->100->26->101->150->1->97->152->74->125->87->2->82->120->44->25->78->31->13->56->188->157->168->145->179->91->55->52->106->178->3->32->138->8->165->119->40->185->169->196->81->187->174->90->107->27->71->58->164->7->21->132->73->64->114->186->23->76->89->183->143->170->0->141->66->51->109->72->59->118->60->46->68->93->140->36->163->67->108->69->18->199->159->193->41->96->5->42->192->160->48->30->54->147->104->177->10->190->84->11->184->28->166->77->105->116->65->47->131->149->24->4->112->126->156->29->127->194->6->173->180->158->53->136->182->63->94->130->12->124",4
TSPA,LS_Steepest_Edge_Random_LM,48,23260379,143,30480,23809,23809,6671,outputs\runs\ls_steepest_edge_random_lm\TSPA\run_048.txt,"137->23->186->114->64->15->61->9->62->144->155->102->49->32->138->185->40->119->8->165->39->95->7->164->58->71->27->107->90->174->187->81->169->91->179->145->168->196->17->157->188->56->13->31->78->25->44->120->82->2->87->1->150->101->100->26->97->152->74->111->167->33->37->148->124->12->130->94->19->189->99->121->53->158->154->6->173->180->136->182->63->80->176->66->51->109->72->59->118->115->96->5->116->65->47->105->77->131->149->24->161->194->127->29->156->126->112->4->190->10->177->104->147->54->30->48->184->11->166->28->160->192->181->103->146->195->159->193->41->191->139->110->163->69->108->67->36->140->93->68->46->60->141",3
TSPA,LS_Steepest_Edge_Random_LM,49,23260380,149,30652,23704,23704,6948,outputs\runs\ls_steepest_edge_random_lm\TSPA\run_049.txt,"33->9->62->61->102->49->178->3->32->138->14->155->144->132->21->7->164->58->71->27->107->90->187->81->174->39->165->8->185->119->40->169->196->91->179->145->78->168->157->188->85->31->13->56->113->171->88->16->25->44->120->82->2->87->125->74->152->19->189->97->1->150->101->26->100->99->121->182->136->53->158->180->173->6->194->161->24->149->131->47->65->116->105->77->166->28->184->11->35->126->29->156->112->4->190->10->177->104->147->54->30->48->160->192->181->103->146->195->159->193->41->191->139->110->163->69->108->67->36->140->93->68->46->0->153->183->89->76->23->137->176->66->141->51->109->60->118->59->72->151->80->12->130->94->124->111->167->148->37",3
TSPA,LS_Steepest_Edge_Random_LM,50,23260381,157,31205,25797,25797,5408,outputs\runs\ls_steepest_edge_random_lm\TSPA\run_050.txt,"90->187->81->174->40->119->165->8->185->106->178->3->32->138->14->144->155->49->102->61->62->9->33->37->148->111->167->172->129->82->92->57->55->52->179->91->169->196->17->157->168->145->78->31->13->56->113->171->88->16->25->44->120->150->101->1->87->125->74->152->97->26->100->53->158->154->6->70->127->29->156->126->112->4->84->11->166->28->184->104->147->54->30->48->160->192->181->103->146->195->159->199->18->69->108->67->163->142->193->41->191->110->139->198->46->115->96->5->116->65->47->105->77->131->149->24->161->194->173->180->136->182->121->99->189->19->94->124->130->12->176->66->141->51->109->72->59->118->60->0->153->183->89->76->23->186->114->64->73->132->21->7->164->58->71->27->107",3
TSPA,LS_Steepest_Edge_Random_LM,51,23260382,152,30230,24319,24319,5911,outputs\runs\ls_steepest_edge_random_lm\TSPA\run_051.txt,"13->31->168->145->78->25->44->120->82->2->87->125->74->152->97->1->150->101->26->100->19->189->99->121->53->158->136->182->63->133->162->161->194->173->180->154->6->70->127->29->156->126->112->4->84->11->166->28->184->104->147->54->30->48->160->192->181->103->146->195->159->199->18->69->108->67->163->110->139->191->193->41->96->5->42->43->105->77->131->149->47->65->116->59->118->60->46->68->140->93->117->170->0->141->66->51->109->72->151->79->122->94->130->12->124->111->167->148->37->33->9->62->61->155->144->132->21->7->164->58->71->27->107->90->39->165->119->40->185->8->138->32->3->178->106->52->55->179->91->169->174->187->81->196->17->157->188->56->113->171->88->16",3
TSPA,LS_Steepest_Edge_Random_LM,52,23260383,151,31288,24670,24670,6618,outputs\runs\ls_steepest_edge_random_lm\TSPA\run_052.txt,"39->165->8->138->32->49->102->155->144->61->62->9->33->37->148->111->167->128->3->178->106->185->119->40->169->174->187->81->196->91->179->145->78->168->157->31->13->85->188->56->113->171->88->16->25->44->120->82->2->87->125->74->152->97->1->150->101->26->100->99->189->19->94->124->12->130->63->136->182->121->53->158->180->173->6->194->161->24->29->156->126->112->4->84->11->166->28->184->160->48->147->54->30->34->103->146->195->159->199->18->69->108->67->163->110->191->139->198->115->193->41->96->5->116->105->77->47->65->59->118->72->109->51->66->141->60->46->68->140->93->117->170->0->153->183->89->76->23->186->114->64->73->132->21->7->164->58->71->27->107->90",3
TSPA,LS_Steepest_Edge_Random_LM,53,23260384,140,29656,23019,23019,6637,outputs\runs\ls_steepest_edge_random_lm\TSPA\run_053.txt,"184->11->166->77->47->65->105->116->96->5->42->192->181->103->146->195->159->193->41->142->69->108->67->163->36->140->93->68->46->0->170->143->183->89->76->23->137->176->66->141->60->118->59->109->51->72->162->161->133->63->94->130->12->124->111->167->148->37->33->9->62->61->144->155->102->49->32->138->39->95->7->164->58->71->27->107->90->165->8->185->40->119->174->187->81->196->169->91->179->145->78->168->157->188->56->13->31->25->44->120->82->2->87->125->74->152->97->1->150->101->26->100->19->189->99->121->182->136->53->158->180->173->6->194->127->29->156->126->112->4->190->10->177->104->147->54->30->48->160->28",4
TSPA,LS_Steepest_Edge_Random_LM,54,23260385,144,29544,24161,24161,5383,outputs\runs\ls_steepest_edge_random_lm\TSPA\run_054.txt,"185->169->196->81->187->174->40->119->165->39->90->107->27->71->58->164->7->21->138->14->155->144->61->62->9->33->37->148->111->167->87->125->74->152->124->94->130->12->137->23->186->114->64->83->89->183->76->141->66->51->109->60->46->68->0->170->117->93->140->36->67->108->69->163->110->139->191->142->159->22->146->103->195->193->41->96->5->42->28->184->166->11->84->4->112->126->156->29->24->149->131->77->105->116->65->59->118->72->162->161->194->6->173->180->158->53->136->182->121->99->189->19->100->26->97->1->101->150->2->82->120->44->25->16->88->171->13->56->188->85->31->157->168->78->145->179->91->55->52->106->178->3->32->8",4
TSPA,LS_Steepest_Edge_Random_LM,55,23260386,150,30205,24280,24280,5925,outputs\runs\ls_steepest_edge_random_lm\TSPA\run_055.txt,"133->173->6->154->180->158->53->136->182->121->99->189->19->100->26->97->101->150->1->152->74->125->87->2->82->120->44->25->16->88->171->113->56->13->31->85->188->157->168->78->145->179->55->52->106->178->3->32->138->39->165->8->119->40->185->91->196->169->174->81->187->90->107->27->71->58->164->7->21->132->144->155->61->62->9->37->33->167->111->148->15->64->114->186->23->76->89->183->143->170->0->46->60->118->59->116->65->47->105->5->96->41->191->139->110->68->93->140->36->67->108->69->163->142->193->159->181->192->160->48->30->54->147->104->177->10->190->4->156->29->126->112->84->11->184->28->166->77->131->149->24->161->162->72->109->51->141->66->176->80",3
TSPA,LS_Steepest_Edge_Random_LM,56,23260387,146,29231,23816,23816,5415,outputs\runs\ls_steepest_edge_random_lm\TSPA\run_056.txt,"159->195->146->103->181->192->160->48->30->54->147->104->184->28->166->11->84->4->112->126->156->29->24->161->194->6->173->180->158->53->100->26->101->150->1->97->152->74->125->87->2->120->44->82->145->168->78->16->88->171->113->56->13->31->85->188->157->17->196->169->91->179->92->172->167->33->37->9->62->144->155->14->138->32->3->178->106->185->40->119->8->165->39->95->58->164->7->21->132->61->15->64->114->186->23->148->111->124->12->130->94->19->189->99->121->182->136->63->80->176->66->141->60->109->51->72->118->59->65->116->105->47->149->131->77->43->42->5->96->41->193->191->110->139->198->46->68->93->140->36->163->67->108->69->18->199",3
TSPA,LS_Steepest_Edge_Random_LM,57,23260388,146,29996,23333,23333,6663,outputs\runs\ls_steepest_edge_random_lm\TSPA\run_057.txt,"100->26->97->87->125->74->152->124->12->130->94->19->189->99->121->182->136->53->158->180->173->6->194->161->24->29->156->126->112->4->84->11->166->28->184->104->147->54->30->48->160->192->181->159->193->41->191->139->110->163->69->108->67->36->140->93->68->46->198->115->96->5->116->105->77->131->149->47->65->59->72->51->109->118->60->141->66->176->137->23->186->114->64->15->148->37->33->9->62->61->144->155->102->49->138->32->3->178->128->167->55->52->91->179->145->78->168->157->17->196->169->40->119->185->8->165->39->95->7->164->58->71->27->107->90->174->187->81->98->188->85->31->13->56->113->171->88->16->25->44->120->82->2->150->101->1",3
TSPA,LS_Steepest_Edge_Random_LM,58,23260389,153,30593,24673,24673,5920,outputs\runs\ls_steepest_edge_random_lm\TSPA\run_058.txt,"112->126->156->29->24->123->194->6->173->180->158->53->121->100->26->97->1->101->150->87->125->74->152->19->189->99->182->136->63->94->130->12->124->111->167->148->37->33->102->49->32->3->178->106->185->8->165->119->40->169->196->91->179->52->55->57->92->82->120->44->25->16->88->171->13->56->188->85->31->168->157->17->81->187->174->90->107->27->71->58->164->7->95->39->138->14->155->144->61->62->9->15->64->114->186->23->76->89->183->143->170->0->117->93->140->36->163->67->108->69->18->199->159->193->41->191->110->139->198->46->115->59->118->60->141->66->51->151->45->161->162->72->65->116->105->77->43->96->5->42->192->160->48->30->54->147->104->184->28->166->11->84->4",3
TSPA,LS_Steepest_Edge_Random_LM,59,23260390,146,29734,22701,22701,7033,outputs\runs\ls_steepest_edge_random_lm\TSPA\run_059.txt,"84->11->184->28->166->77->105->116->65->47->131->149->24->112->126->156->29->127->194->161->162->133->63->182->136->180->173->6->154->158->53->121->99->189->19->100->26->97->101->150->1->152->74->125->87->2->82->120->44->25->16->88->171->113->56->13->31->85->188->157->17->196->169->81->187->174->90->107->27->71->58->164->7->95->39->165->8->119->40->185->106->178->3->32->138->14->155->144->102->49->128->167->111->148->37->33->9->62->61->15->64->114->83->89->183->76->23->137->176->66->141->51->109->72->59->118->60->46->198->115->96->41->193->159->199->69->163->67->108->18->20->22->146->103->181->192->160->48->30->54->147->104->177->10->190->4",3
TSPA,LS_Steepest_Edge_Random_LM,60,23260391,150,31333,24783,24783,6550,outputs\runs\ls_steepest_edge_random_lm\TSPA\run_060.txt,"61->62->9->33->37->148->15->64->114->186->23->137->176->66->141->51->109->72->65->116->105->77->43->42->5->96->41->193->115->59->118->60->46->68->93->140->36->163->67->108->69->18->199->159->195->146->103->181->192->160->48->30->54->147->104->177->10->190->4->156->29->126->112->84->184->28->166->11->131->149->24->161->194->6->173->180->158->53->100->26->97->101->150->1->87->125->74->152->19->189->99->121->182->136->63->94->130->12->124->111->167->128->178->3->32->138->39->165->8->185->119->40->169->91->179->92->82->120->44->25->78->145->168->31->13->16->88->171->113->56->188->157->17->196->81->187->174->90->107->27->71->58->164->7->21->132->144->155->49->102",3
TSPA,LS_Steepest_Edge_Random_LM,61,23260392,142,28338,22317,22317,6021,outputs\runs\ls_steepest_edge_random_lm\TSPA\run_061.txt,"171->88->16->168->91->179->145->78->25->44->120->82->2->87->125->74->152->97->1->150->101->26->100->19->189->99->121->182->136->53->158->180->173->6->194->127->29->156->126->112->4->84->11->184->28->166->131->149->24->161->162->133->80->176->66->51->109->141->60->118->72->59->116->65->47->105->77->43->160->192->181->103->146->195->159->199->18->69->108->67->163->142->193->41->96->115->46->198->139->191->110->68->140->93->117->170->0->153->183->89->76->23->186->114->64->15->61->62->9->33->37->148->111->167->128->49->102->144->155->14->138->32->3->178->106->185->8->165->119->40->174->187->81->169->196->17->157->31->85->188->56->13",4
TSPA,LS_Steepest_Edge_Random_LM,62,23260393,125,26155,20362,20362,5793,outputs\runs\ls_steepest_edge_random_lm\TSPA\run_062.txt,"14->138->32->3->178->106->52->55->179->91->169->185->8->165->119->40->174->187->81->196->17->157->188->56->13->31->168->145->78->82->44->120->150->101->1->97->26->100->53->158->180->173->6->194->161->24->149->131->77->166->28->184->11->84->4->190->10->177->104->147->54->30->48->160->192->103->146->181->42->5->96->41->193->159->142->110->191->139->198->46->115->116->105->47->65->59->118->72->109->60->141->51->66->176->80->63->136->182->121->99->189->19->152->74->125->87->167->111->124->94->130->12->137->23->186->114->64->15->61->9->62->102->49->144->155",3
TSPA,LS_Steepest_Edge_Random_LM,63,23260394,147,30635,23513,23513,7122,outputs\runs\ls_steepest_edge_random_lm\TSPA\run_063.txt,"66->51->109->72->118->59->149->131->47->65->116->105->77->166->28->192->160->48->30->54->147->104->184->11->84->4->112->126->156->29->24->161->194->6->173->180->158->53->136->182->63->130->12->124->94->19->189->99->121->100->26->101->150->1->97->152->74->125->87->167->111->148->37->33->9->62->102->49->32->138->39->165->8->185->119->40->169->196->91->179->145->168->78->82->120->44->25->16->88->171->113->56->13->31->85->188->157->17->81->187->174->90->107->27->71->58->164->7->21->155->144->61->15->64->114->186->23->76->89->183->153->0->170->117->93->140->36->163->67->108->69->18->20->22->146->103->195->159->193->41->191->110->139->198->46->60->141",5
TSPA,LS_Steepest_Edge_Random_LM,64,23260395,140,28580,22054,22054,6526,outputs\runs\ls_steepest_edge_random_lm\TSPA\run_064.txt,"163->110->191->139->198->46->60->118->59->65->116->105->5->96->41->193->159->195->146->103->181->192->160->48->30->54->147->104->177->10->190->4->84->11->184->28->166->77->131->149->24->123->194->6->154->158->53->121->99->182->136->180->173->161->162->72->109->51->141->66->176->12->130->124->94->189->19->100->26->101->150->1->97->152->74->125->87->2->82->120->44->25->78->168->145->179->91->169->196->81->187->174->40->119->185->8->165->39->90->107->27->71->58->164->7->21->138->32->3->178->106->52->55->128->167->111->148->37->33->9->62->61->15->64->114->186->23->76->89->183->153->0->170->117->93->140->36->67->108->69",3
TSPA,LS_Steepest_Edge_Random_LM,65,23260396,149,30946,24139,24139,6807,outputs\runs\ls_steepest_edge_random_lm\TSPA\run_065.txt,"169->81->187->174->90->107->27->71->58->164->7->21->132->144->155->14->138->8->165->119->40->185->106->178->3->32->49->128->167->111->124->19->189->94->130->12->148->37->33->9->62->61->15->64->114->186->23->76->89->183->153->0->170->117->93->140->68->46->198->139->110->191->41->193->159->163->67->108->69->18->20->22->146->103->181->192->28->166->11->184->160->48->30->54->147->104->177->10->190->4->112->126->156->29->24->149->131->77->105->116->65->59->72->118->60->109->51->141->66->176->80->133->173->6->154->180->158->53->136->182->121->99->100->26->97->101->150->1->152->74->125->87->2->120->44->82->92->179->91->145->78->168->31->13->56->188->157->17->196",3
TSPA,LS_Steepest_Edge_Random_LM,66,23260397,135,28972,22272,22272,6700,outputs\runs\ls_steepest_edge_random_lm\TSPA\run_066.txt,"116->5->96->115->198->46->68->0->170->117->93->140->36->163->67->108->69->110->139->191->41->193->159->195->146->103->181->192->160->48->30->54->147->104->184->28->11->166->77->131->149->24->161->194->6->173->180->158->53->136->182->63->130->12->124->94->19->189->99->121->100->26->101->150->1->97->152->74->125->87->2->82->120->44->25->78->145->168->31->13->56->188->157->17->196->81->187->174->169->185->40->119->90->107->27->71->58->164->7->95->39->165->8->138->32->3->178->128->167->111->49->102->155->144->61->62->9->15->64->114->186->23->137->176->66->141->60->118->109->51->72->59->65->47->105",4
TSPA,LS_Steepest_Edge_Random_LM,67,23260398,147,30230,24064,24064,6166,outputs\runs\ls_steepest_edge_random_lm\TSPA\run_067.txt,"163->67->108->69->18->20->22->146->103->195->159->193->41->191->139->110->68->46->198->115->96->5->116->65->47->105->77->166->28->184->160->48->30->54->147->104->177->10->190->4->84->11->131->149->24->161->194->6->173->180->158->53->100->26->97->101->150->1->152->74->125->87->167->128->52->55->91->179->145->78->168->31->13->56->188->157->17->196->169->174->81->187->90->107->27->71->58->164->7->21->138->8->165->119->40->185->106->178->3->32->49->102->155->144->61->62->9->33->37->148->111->124->12->130->94->19->189->99->121->182->136->63->80->176->66->51->109->72->59->118->60->141->137->23->186->114->64->83->89->183->153->0->170->117->93->140->36",3
TSPA,LS_Steepest_Edge_Random_LM,68,23260399,148,30703,24293,24293,6410,outputs\runs\ls_steepest_edge_random_lm\TSPA\run_068.txt,"65->59->118->60->141->51->109->72->162->161->194->6->173->180->158->53->136->182->121->99->100->26->97->1->101->150->2->82->120->44->25->78->145->168->31->13->16->88->171->113->56->188->157->17->196->169->91->179->55->52->106->178->3->185->8->165->119->40->174->81->187->90->107->27->71->58->164->7->21->138->32->49->102->155->144->61->62->9->33->37->148->111->167->87->125->74->152->19->189->94->124->130->12->176->66->137->23->186->114->64->83->89->183->153->0->46->68->93->140->36->163->67->108->69->18->20->22->146->103->195->159->193->41->96->5->42->28->184->160->48->30->54->147->104->177->10->190->4->112->156->29->126->35->11->166->77->105->116",3
TSPA,LS_Steepest_Edge_Random_LM,69,23260400,144,30046,23446,23446,6600,outputs\runs\ls_steepest_edge_random_lm\TSPA\run_069.txt,"169->145->78->168->31->13->56->188->157->17->196->81->187->174->90->107->27->71->58->164->7->95->39->165->8->138->32->49->102->155->144->61->62->9->33->37->148->15->64->114->186->23->76->89->183->153->0->170->117->93->140->36->67->108->69->163->110->139->191->41->193->159->195->146->103->34->30->54->147->48->160->192->42->5->96->116->65->47->105->77->149->131->166->28->184->11->84->4->112->126->156->29->24->161->194->6->173->133->151->72->59->118->115->198->46->60->109->51->141->66->176->12->130->124->94->19->189->99->121->182->136->180->158->53->100->26->101->150->1->97->152->74->125->87->2->120->44->82->92->179->91->185->119->40",2
TSPA,LS_Steepest_Edge_Random_LM,70,23260401,150,30503,25160,25160,5343,outputs\runs\ls_steepest_edge_random_lm\TSPA\run_070.txt,"1->101->150->87->125->74->152->167->111->148->37->33->9->62->102->49->138->32->3->178->106->52->55->129->82->92->179->91->145->78->168->31->13->56->188->157->17->196->169->81->187->174->40->119->185->8->165->39->95->58->164->7->21->155->144->61->15->64->114->186->23->89->183->76->137->141->60->46->68->0->170->117->93->140->36->163->67->108->69->18->199->159->193->41->191->110->139->198->115->96->5->116->65->47->105->77->166->28->192->181->146->103->160->48->30->54->147->104->177->10->190->4->84->184->11->35->112->126->156->29->24->161->162->72->59->118->109->51->66->176->12->130->124->94->63->173->6->154->180->158->53->136->182->121->99->189->19->100->26->97",3
TSPA,LS_Steepest_Edge_Random_LM,71,23260402,144,29842,24018,24018,5824,outputs\runs\ls_steepest_edge_random_lm\TSPA\run_071.txt,"101->1->97->26->100->53->158->180->173->6->194->123->24->29->156->126->112->4->190->10->177->104->147->54->30->48->160->192->28->184->11->166->77->131->149->47->65->116->105->5->96->115->198->139->110->191->41->193->159->199->18->69->108->67->163->36->140->93->117->170->0->68->46->60->118->59->161->162->72->109->51->141->66->176->80->63->136->182->121->99->189->19->152->74->125->87->167->111->33->37->148->186->23->76->183->89->83->114->64->15->9->62->61->144->155->102->49->138->32->3->178->106->185->8->39->95->7->164->58->71->27->107->90->165->119->40->174->187->81->169->196->17->157->188->56->13->31->168->145->78->82->44->120->150",3
TSPA,LS_Steepest_Edge_Random_LM,72,23260403,144,30142,24350,24350,5792,outputs\runs\ls_steepest_edge_random_lm\TSPA\run_072.txt,"150->101->1->97->26->100->121->53->158->180->173->6->194->161->24->149->131->11->84->4->190->10->177->104->147->54->30->48->160->184->28->166->77->105->47->65->116->5->96->41->193->191->139->110->142->159->195->103->146->22->20->18->69->108->67->163->36->140->93->117->170->143->183->89->23->76->153->0->68->46->198->115->59->72->118->60->141->109->51->66->176->80->63->136->182->99->189->19->152->74->125->87->167->111->124->94->130->12->148->37->33->9->62->61->15->114->64->144->155->102->49->178->3->32->138->8->185->40->119->165->39->27->107->90->174->187->81->196->169->91->179->145->168->157->188->56->13->31->78->25->44->120->82->2",3
TSPA,LS_Steepest_Edge_Random_LM,73,23260404,156,31238,24719,24719,6519,outputs\runs\ls_steepest_edge_random_lm\TSPA\run_073.txt,"77->166->28->184->160->48->30->54->147->104->177->10->190->4->112->126->156->29->35->11->24->149->131->47->105->116->65->59->118->60->141->66->51->109->72->162->161->194->6->173->180->158->53->136->182->121->99->189->19->100->26->101->150->1->97->152->74->125->87->2->120->44->82->92->57->55->52->91->179->145->78->168->31->13->16->88->171->113->56->188->157->17->196->169->81->187->174->40->119->165->90->107->27->71->58->164->7->95->39->8->138->178->3->32->14->155->144->49->102->61->62->9->33->37->148->167->111->124->94->130->12->137->23->76->89->183->153->0->170->117->93->140->36->163->67->108->69->18->20->22->146->103->195->159->193->41->191->110->139->198->46->115->96->5->42->43",3
TSPA,LS_Steepest_Edge_Random_LM,74,23260405,147,30489,23974,23974,6515,outputs\runs\ls_steepest_edge_random_lm\TSPA\run_074.txt,"103->181->192->160->48->30->54->147->104->177->10->190->184->28->166->11->84->4->112->126->156->29->24->149->131->77->47->65->116->105->5->96->115->198->46->60->141->66->51->109->118->59->72->162->161->133->63->182->136->180->158->53->121->99->100->26->101->150->1->97->19->189->94->130->12->124->111->148->37->33->9->61->62->128->167->152->74->125->87->2->82->120->44->25->78->31->13->56->188->157->17->196->81->187->174->169->168->145->179->91->185->40->119->8->165->39->90->107->27->71->58->164->7->21->138->32->3->178->49->102->155->144->64->114->186->23->76->89->183->153->0->170->117->93->140->36->163->67->108->69->18->199->159->193->41->195->146",2
TSPA,LS_Steepest_Edge_Random_LM,75,23260406,153,31040,24372,24372,6668,outputs\runs\ls_steepest_edge_random_lm\TSPA\run_075.txt,"26->97->1->101->150->120->44->25->16->88->171->113->56->13->31->85->188->157->17->196->169->81->187->174->90->107->27->71->58->164->7->21->132->144->155->102->49->178->3->32->138->8->165->119->40->185->91->179->145->168->78->82->2->87->125->74->152->167->111->148->37->33->9->62->61->15->64->114->186->23->76->89->183->153->0->170->117->93->140->36->163->67->108->69->18->20->22->146->103->195->159->193->41->96->5->42->43->77->166->28->192->160->48->30->54->147->104->184->11->84->4->112->126->156->29->24->149->131->47->65->105->116->115->198->46->60->141->66->51->109->118->59->72->151->133->63->94->130->12->124->19->189->99->182->136->173->6->154->180->158->53->121->100",3
TSPA,LS_Steepest_Edge_Random_LM,76,23260407,155,31310,24450,24450,6860,outputs\runs\ls_steepest_edge_random_lm\TSPA\run_076.txt,"52->91->179->145->78->168->196->169->40->119->185->8->165->39->95->7->164->58->71->27->107->90->174->187->81->17->157->188->85->31->13->56->113->171->88->16->25->44->120->82->2->150->101->1->97->26->100->99->121->182->136->53->158->154->6->173->180->63->80->176->66->141->51->109->72->162->161->24->29->156->126->112->4->84->11->166->28->184->104->147->54->30->48->160->192->42->5->96->116->105->77->47->65->59->118->60->46->198->139->110->191->41->193->159->195->103->146->22->20->18->69->108->67->163->36->140->93->117->170->0->153->183->89->76->23->186->114->64->15->9->62->61->144->155->14->138->32->3->178->49->128->167->111->124->12->130->94->189->19->152->74->125->87->172->55",4
TSPA,LS_Steepest_Edge_Random_LM,77,23260408,134,28120,21306,21306,6814,outputs\runs\ls_steepest_edge_random_lm\TSPA\run_077.txt,"180->158->53->136->182->121->99->189->19->100->26->101->150->1->97->152->74->125->87->2->120->44->82->92->179->91->145->78->16->88->171->13->56->188->85->31->168->157->17->196->169->81->187->174->90->107->27->39->165->8->119->40->185->106->178->3->32->138->14->155->144->64->114->15->61->62->9->33->37->148->167->111->124->94->130->12->176->66->141->60->109->51->72->59->118->115->46->198->139->191->110->68->93->140->36->163->67->108->69->18->20->22->146->103->195->159->193->41->96->5->42->192->160->28->184->11->166->77->105->116->65->47->131->149->24->4->112->126->156->29->127->194->6->173",4
TSPA,LS_Steepest_Edge_Random_LM,78,23260409,157,32110,24937,24937,7173,outputs\runs\ls_steepest_edge_random_lm\TSPA\run_078.txt,"5->105->116->65->47->77->131->149->24->161->194->127->29->156->126->112->4->190->10->177->104->147->54->30->48->184->11->166->28->160->192->181->103->146->22->20->18->69->108->67->163->36->140->93->117->0->170->143->183->89->76->23->186->114->64->15->148->37->33->9->62->61->102->49->155->144->14->138->32->3->178->106->185->40->119->8->165->39->95->7->164->58->71->27->107->90->174->187->81->169->196->17->157->188->56->113->171->88->16->13->31->168->78->145->91->179->92->82->44->120->150->101->1->97->26->100->53->158->180->154->6->173->136->182->121->99->189->19->152->74->125->87->167->111->124->94->130->12->176->66->141->51->109->72->59->118->60->46->198->139->191->110->142->159->193->41->96",3
TSPA,LS_Steepest_Edge_Random_LM,79,23260410,133,26537,21259,21259,5278,outputs\runs\ls_steepest_edge_random_lm\TSPA\run_079.txt,"92->179->91->169->196->17->157->188->56->13->31->168->145->78->25->44->120->82->2->87->125->74->152->97->1->150->101->26->100->19->189->99->121->182->136->53->158->180->173->6->194->127->29->156->126->112->4->190->10->177->104->147->54->30->48->34->103->146->181->192->160->184->28->166->11->35->24->149->131->77->43->42->5->96->41->193->159->163->69->108->67->36->140->93->68->110->191->139->198->46->115->116->105->47->65->59->118->72->162->161->45->151->51->109->60->141->66->176->137->23->186->114->64->73->132->144->155->14->138->32->3->178->49->102->61->62->9->33->37->148->111->167->172",3
TSPA,LS_Steepest_Edge_Random_LM,80,23260411,158,31678,25907,25907,5771,outputs\runs\ls_steepest_edge_random_lm\TSPA\run_080.txt,"194->6->173->180->158->53->136->182->121->99->189->94->130->12->124->19->100->26->101->150->1->97->152->74->125->87->2->120->44->82->78->168->145->179->91->55->52->178->3->106->8->185->169->196->17->157->31->13->16->88->171->113->56->188->98->81->187->174->40->119->165->39->90->107->27->71->58->164->7->21->138->32->49->102->155->144->61->62->9->128->167->111->148->37->33->15->64->114->186->23->137->141->66->176->80->133->161->162->72->51->109->60->118->59->116->105->65->47->77->149->131->166->28->42->5->96->41->193->191->110->139->198->46->68->0->170->117->93->140->36->163->67->108->69->18->199->159->195->146->103->181->192->160->48->30->54->147->104->184->11->84->4->112->126->156->29->24->123",3
TSPA,LS_Steepest_Edge_Random_LM,81,23260412,148,30010,23645,23645,6365,outputs\runs\ls_steepest_edge_random_lm\TSPA\run_081.txt,"82->2->87->125->74->152->97->1->150->101->26->100->19->124->111->167->33->37->148->12->130->94->189->99->121->182->136->53->158->180->173->6->194->127->29->156->126->112->4->84->11->184->104->147->54->30->48->160->192->181->103->146->195->159->142->110->68->140->93->117->170->0->46->198->139->191->193->41->96->5->42->28->166->77->105->116->65->47->131->149->24->161->162->133->80->176->66->51->109->72->59->118->60->141->137->23->186->114->64->15->61->9->62->144->155->102->49->32->3->178->106->185->40->119->165->8->138->21->7->164->58->71->27->107->90->174->187->81->196->169->91->179->145->78->168->157->188->85->31->13->56->113->171->88->16->25->44->120",3
TSPA,LS_Steepest_Edge_Random_LM,82,23260413,143,28974,22463,22463,6511,outputs\runs\ls_steepest_edge_random_lm\TSPA\run_082.txt,"107->27->39->165->119->40->185->8->138->32->14->155->144->62->9->61->15->64->114->186->23->76->89->183->153->0->170->117->93->140->36->67->108->69->163->110->139->191->41->193->159->195->146->103->181->192->160->48->30->54->147->104->177->10->190->184->28->166->11->35->24->161->162->72->118->59->116->65->47->105->77->43->42->5->96->115->198->46->60->141->109->51->66->176->80->63->182->136->180->173->6->154->158->53->121->99->189->19->100->26->97->101->150->1->87->125->74->152->111->167->128->49->3->178->106->52->55->57->92->82->120->44->25->16->88->171->13->56->188->85->31->157->168->78->145->179->91->169->196->81->187->174->90",3
TSPA,LS_Steepest_Edge_Random_LM,83,23260414,144,29587,22126,22126,7461,outputs\runs\ls_steepest_edge_random_lm\TSPA\run_083.txt,"31->85->188->157->17->196->169->81->187->174->90->107->27->71->58->164->7->95->39->165->8->119->40->185->106->178->3->32->138->14->155->144->61->62->9->33->37->148->15->64->114->186->23->76->89->183->153->0->170->117->93->140->68->46->198->139->191->110->163->67->108->69->18->199->159->193->41->96->5->42->192->160->48->30->54->147->104->184->28->166->11->84->4->112->126->156->29->127->194->161->24->149->131->77->105->116->65->59->118->72->51->109->60->141->66->176->12->130->124->94->19->189->99->121->182->136->180->158->53->100->26->101->150->1->97->152->74->125->87->2->120->44->82->78->145->179->91->168->16->88->171->113->56->13",5
TSPA,LS_Steepest_Edge_Random_LM,84,23260415,150,30469,24989,24989,5480,outputs\runs\ls_steepest_edge_random_lm\TSPA\run_084.txt,"56->13->188->98->81->187->174->169->196->17->157->31->168->78->145->179->91->185->40->119->165->90->107->27->71->58->164->7->95->39->8->138->32->3->178->49->102->155->144->61->62->9->33->37->148->111->167->87->125->74->152->1->97->19->189->99->121->182->136->180->173->133->151->72->109->51->141->66->176->137->23->76->89->183->143->170->0->46->60->118->59->116->5->96->41->193->191->139->110->68->93->140->36->163->67->108->69->18->199->159->195->146->103->181->192->160->28->184->48->30->54->147->104->177->10->190->4->112->126->156->29->35->11->166->77->105->65->47->131->149->24->161->194->6->154->158->53->100->26->101->150->2->82->120->44->25->16->88->171->113",5
TSPA,LS_Steepest_Edge_Random_LM,85,23260416,145,30000,23781,23781,6219,outputs\runs\ls_steepest_edge_random_lm\TSPA\run_085.txt,"61->155->144->132->21->7->164->58->71->27->107->90->187->81->174->169->196->17->157->188->56->13->31->168->145->78->25->44->120->82->92->57->55->52->179->91->185->40->119->165->8->138->32->3->178->49->102->33->37->148->111->167->87->125->74->152->1->150->101->97->26->100->121->99->189->19->94->124->12->130->63->182->136->53->158->180->173->6->194->127->29->156->126->112->4->190->10->177->104->147->54->30->48->34->103->146->195->159->193->41->115->116->65->47->77->105->96->5->42->192->160->184->28->166->11->35->24->161->162->72->59->118->109->51->66->141->60->46->68->140->93->117->170->0->153->183->89->76->23->186->114->64->15->9->62",4
TSPA,LS_Steepest_Edge_Random_LM,86,23260417,150,30810,25171,25171,5639,outputs\runs\ls_steepest_edge_random_lm\TSPA\run_086.txt,"100->26->101->150->120->44->82->78->145->168->31->13->16->88->171->113->56->188->157->17->196->91->179->55->52->106->178->3->32->138->39->165->8->185->119->40->169->81->187->174->90->107->27->71->58->164->7->21->132->144->155->61->62->9->33->37->148->111->167->87->125->74->152->1->97->19->189->94->63->133->161->162->72->59->118->60->109->51->141->66->176->137->23->186->114->64->83->89->183->143->170->0->46->198->139->191->110->68->93->140->36->163->67->108->69->18->199->159->193->41->195->146->103->181->192->160->48->30->54->147->104->184->11->166->28->43->105->116->65->47->77->131->149->24->4->112->126->156->29->127->194->6->173->180->158->53->136->182->121->99",4
TSPA,LS_Steepest_Edge_Random_LM,87,23260418,142,28723,22018,22018,6705,outputs\runs\ls_steepest_edge_random_lm\TSPA\run_087.txt,"10->190->4->112->126->156->29->127->70->6->154->158->53->100->26->97->1->101->150->120->44->25->16->88->171->113->56->13->31->85->188->157->168->78->145->179->91->196->169->174->81->187->90->107->27->71->58->164->7->95->39->165->119->40->185->8->138->32->14->155->144->61->62->9->37->33->102->49->3->178->106->52->55->57->92->82->2->87->125->74->152->19->189->99->121->182->136->180->173->194->161->162->72->59->118->109->51->66->141->60->46->68->0->170->117->93->140->36->163->67->108->69->18->20->22->146->103->195->159->193->41->96->5->42->43->105->116->65->47->77->166->11->184->28->192->160->48->30->54->147->104->177",4
TSPA,LS_Steepest_Edge_Random_LM,88,23260419,155,31798,25121,25121,6677,outputs\runs\ls_steepest_edge_random_lm\TSPA\run_088.txt,"11->35->29->156->126->112->4->190->10->177->104->147->54->30->48->160->184->28->42->5->96->41->193->159->195->103->146->22->20->18->69->108->67->163->36->140->93->117->170->0->46->68->110->191->139->198->115->59->72->118->60->109->51->141->66->176->137->23->186->114->64->15->33->37->148->111->167->128->9->62->61->144->155->21->7->164->58->71->27->107->90->187->81->174->169->196->17->157->31->85->188->56->13->171->88->16->25->44->120->82->78->168->145->179->91->185->40->119->8->165->39->138->32->3->178->106->52->55->172->87->125->74->152->97->1->150->101->26->100->19->124->12->130->94->189->99->121->182->136->53->158->180->173->6->194->161->24->149->131->47->65->116->105->77->166",3
TSPA,LS_Steepest_Edge_Random_LM,89,23260420,148,29627,24290,24290,5337,outputs\runs\ls_steepest_edge_random_lm\TSPA\run_089.txt,"117->170->0->141->60->46->198->139->110->191->193->41->96->5->116->65->47->105->77->131->149->24->161->162->72->59->118->109->51->66->176->80->63->136->182->99->189->19->94->130->12->124->148->37->33->9->62->61->155->144->132->21->7->164->58->95->39->165->119->40->185->8->138->32->49->128->167->111->152->74->125->87->2->82->92->179->91->145->168->157->17->196->169->174->187->81->98->188->50->113->171->88->16->56->13->31->78->25->44->120->150->101->1->97->26->100->121->53->158->180->173->6->194->127->29->156->126->112->4->84->11->166->28->184->190->10->177->104->147->54->30->48->160->192->181->103->146->195->159->199->18->69->108->67->163->36->140->93",3
TSPA,LS_Steepest_Edge_Random_LM,90,23260421,135,27635,21789,21789,5846,outputs\runs\ls_steepest_edge_random_lm\TSPA\run_090.txt,"121->182->136->53->158->180->173->6->194->161->162->72->59->118->109->51->66->141->60->46->198->115->116->65->47->105->77->166->35->126->29->156->112->4->84->11->184->28->160->192->42->5->96->41->193->159->163->69->108->67->36->140->93->117->170->0->153->183->89->76->23->137->12->130->124->94->189->19->152->74->125->87->129->92->179->91->55->52->106->178->3->32->49->102->33->37->9->62->61->144->155->14->138->8->185->40->119->165->39->95->7->164->58->71->27->107->90->187->81->174->169->196->17->157->188->56->13->31->168->145->78->88->16->25->44->120->82->2->150->101->1->97->26->100->99",4
TSPA,LS_Steepest_Edge_Random_LM,91,23260422,150,30150,23979,23979,6171,outputs\runs\ls_steepest_edge_random_lm\TSPA\run_091.txt,"112->4->84->11->35->24->149->131->166->28->184->190->10->177->104->147->54->30->48->160->192->181->41->193->159->199->18->69->108->67->163->36->140->93->117->170->0->153->183->89->83->64->114->186->23->137->176->66->141->51->109->60->46->198->115->96->5->42->43->77->105->47->65->116->59->118->72->162->161->194->173->180->136->182->121->99->189->19->97->1->152->74->125->87->167->111->148->37->33->9->62->61->144->155->14->138->32->3->178->106->52->55->179->91->185->8->165->39->95->7->164->58->71->27->107->90->119->40->174->187->81->169->196->17->157->188->56->13->31->168->145->78->25->44->120->82->2->150->101->26->100->53->158->154->6->70->127->29->156->126",5
TSPA,LS_Steepest_Edge_Random_LM,92,23260423,155,31423,26596,26596,4827,outputs\runs\ls_steepest_edge_random_lm\TSPA\run_092.txt,"138->32->49->128->167->52->55->179->91->169->187->81->196->17->157->188->56->113->171->88->16->13->31->168->145->78->82->44->120->2->87->125->74->152->97->1->150->101->26->100->99->121->182->136->53->158->180->173->6->194->127->29->156->126->112->4->24->161->162->45->151->51->109->72->59->118->60->46->198->139->110->191->193->41->96->5->42->192->160->28->166->77->105->116->65->47->149->131->11->184->190->10->177->104->147->54->30->48->34->103->146->195->159->163->69->108->67->36->140->93->117->170->0->153->183->89->83->64->114->186->23->137->141->66->176->80->94->189->19->124->130->12->111->148->37->33->9->62->61->155->144->132->21->7->164->58->71->27->107->90->174->40->119->165->8",4
TSPA,LS_Steepest_Edge_Random_LM,93,23260424,148,30240,23821,23821,6419,outputs\runs\ls_steepest_edge_random_lm\TSPA\run_093.txt,"65->116->59->72->162->161->45->151->51->66->141->60->118->115->198->46->68->139->191->110->163->69->108->67->36->140->93->117->170->0->153->183->89->76->23->186->114->64->15->9->62->61->144->155->21->7->164->58->95->39->165->119->40->174->187->81->169->196->17->157->188->85->31->13->56->113->171->88->16->25->44->120->82->78->168->145->179->91->55->52->178->3->106->185->8->138->32->49->128->167->111->124->12->130->94->63->136->182->121->99->189->19->152->74->125->87->150->101->1->97->26->100->53->158->180->173->6->194->127->29->156->126->112->4->190->10->177->104->147->54->30->48->160->192->181->159->193->41->96->5->42->28->184->11->166->77->105->47",3
TSPA,LS_Steepest_Edge_Random_LM,94,23260425,142,29492,23154,23154,6338,outputs\runs\ls_steepest_edge_random_lm\TSPA\run_094.txt,"91->196->169->40->119->165->8->185->106->178->3->128->167->111->124->12->130->94->19->189->99->121->100->26->97->152->74->125->87->1->101->150->86->53->158->154->6->173->180->136->182->63->133->161->162->72->149->131->24->29->156->126->112->4->190->10->177->104->147->54->30->48->160->192->28->184->11->166->77->47->65->116->105->5->96->41->193->159->163->69->108->67->36->140->93->117->170->0->46->68->110->191->139->198->115->59->118->60->109->51->141->66->176->137->23->186->114->64->15->148->37->33->9->62->61->144->155->102->49->32->138->21->7->164->58->71->27->107->90->174->187->81->17->157->188->56->13->31->168->78->145->179",3
TSPA,LS_Steepest_Edge_Random_LM,95,23260426,149,30824,24677,24677,6147,outputs\runs\ls_steepest_edge_random_lm\TSPA\run_095.txt,"178->3->32->49->102->62->9->33->37->148->12->130->94->124->111->167->172->92->179->91->157->188->56->113->171->88->16->13->31->168->145->78->82->44->120->150->101->1->97->26->100->19->189->99->121->182->136->53->158->180->173->6->194->127->29->156->126->112->4->84->11->166->131->149->24->161->162->72->109->51->66->141->60->118->59->115->46->198->139->110->191->193->41->96->5->105->116->65->47->77->28->184->104->147->54->30->48->160->192->181->103->146->195->159->199->18->69->108->67->163->36->140->93->117->0->170->143->183->89->76->23->186->114->64->15->61->144->155->14->138->21->7->164->58->71->27->107->90->174->187->81->196->169->40->119->165->8->185->106",3
TSPA,LS_Steepest_Edge_Random_LM,96,23260427,145,29723,23758,23758,5965,outputs\runs\ls_steepest_edge_random_lm\TSPA\run_096.txt,"40->119->165->39->95->7->164->58->71->27->107->90->187->81->174->169->196->17->157->188->50->113->171->88->16->56->13->31->168->78->145->179->91->55->52->106->178->3->128->167->111->124->94->63->136->182->121->99->189->19->152->74->125->87->2->82->44->120->150->101->1->97->26->100->53->158->180->173->6->194->161->24->29->156->126->112->4->190->10->177->104->147->54->30->48->160->103->146->181->192->28->184->11->166->77->105->47->65->116->59->118->72->51->109->60->46->198->139->191->110->69->108->67->163->36->140->93->117->170->0->153->183->89->76->23->137->141->66->176->130->12->148->37->33->9->62->61->144->155->102->49->32->138->8->185",3
TSPA,LS_Steepest_Edge_Random_LM,97,23260428,149,31093,24142,24142,6951,outputs\runs\ls_steepest_edge_random_lm\TSPA\run_097.txt,"167->111->124->12->130->94->63->133->151->72->109->51->66->141->60->118->59->115->198->46->68->93->140->36->67->108->69->163->110->139->191->41->193->159->195->146->103->34->30->54->147->104->177->10->190->4->112->156->29->126->35->11->166->28->184->48->160->192->42->5->96->43->77->105->116->65->47->131->149->24->161->194->6->173->180->158->53->136->182->121->99->100->26->101->150->1->97->189->19->152->74->125->87->2->120->44->82->92->179->91->145->78->168->31->13->56->188->157->17->196->169->81->187->174->119->40->185->8->165->39->90->107->27->71->58->164->7->21->138->32->49->102->155->144->61->64->114->83->89->183->76->23->186->15->62->9->33->37->148",3
TSPA,LS_Steepest_Edge_Random_LM,98,23260429,148,30779,24172,24172,6607,outputs\runs\ls_steepest_edge_random_lm\TSPA\run_098.txt,"193->41->96->5->42->192->160->48->30->54->147->104->177->10->190->184->28->11->166->77->105->116->65->47->131->149->24->161->194->6->173->180->158->53->86->150->101->1->97->26->100->121->182->136->63->130->12->124->94->99->189->19->152->74->125->87->111->167->128->178->3->32->8->185->119->40->174->169->196->91->179->92->82->120->44->25->16->88->171->113->56->13->31->85->188->157->17->81->187->90->107->27->71->58->164->7->95->39->165->138->14->155->144->49->102->62->9->61->15->64->114->186->23->76->89->183->153->0->170->117->93->140->68->46->60->141->66->51->109->72->59->118->115->198->139->191->110->163->67->108->69->18->20->22->146->103->195->159",3
TSPA,LS_Steepest_Edge_Random_LM,99,23260430,149,29955,23750,23750,6205,outputs\runs\ls_steepest_edge_random_lm\TSPA\run_099.txt,"116->59->118->72->51->109->60->141->66->176->12->130->124->94->63->182->136->180->158->53->121->99->189->19->152->74->125->87->1->97->26->100->101->150->120->44->82->129->172->167->111->148->37->33->9->62->61->102->49->144->155->14->138->32->3->178->106->52->55->91->179->145->78->168->31->13->16->88->171->113->56->188->157->17->196->169->81->187->174->119->40->185->8->165->39->95->58->164->7->21->132->73->64->114->186->23->76->89->183->153->0->170->117->93->140->36->67->108->69->163->110->139->191->41->193->159->195->146->103->181->192->160->48->30->54->147->104->184->28->166->11->84->4->112->126->156->29->127->70->6->194->161->24->149->131->77->47->65->105",4
TSPA,LS_Steepest_Edge_Random_LM,100,23260431,152,30987,24115,24115,6872,outputs\runs\ls_steepest_edge_random_lm\TSPA\run_100.txt,"192->160->48->30->54->147->104->177->10->190->4->112->126->156->29->24->149->131->47->65->116->105->77->166->11->184->28->42->5->96->115->59->72->118->60->141->109->51->66->176->80->133->173->6->154->180->158->53->136->182->121->99->100->26->97->1->101->150->87->125->74->152->19->189->94->130->12->124->111->167->148->37->33->102->49->138->32->3->178->106->52->55->57->92->82->120->44->25->78->31->13->56->188->157->168->145->179->91->169->196->81->187->174->119->40->185->8->165->39->90->107->27->71->58->164->7->21->132->144->155->61->62->9->15->64->114->186->23->76->89->183->153->0->170->117->93->140->68->46->198->139->191->110->163->67->108->69->142->41->193->159->181",3
TSPB,RegretCycle,1,24260335,175,45684,28116,33168,17568,outputs\runs\regret_cycle\TSPB\run_001.txt,"100->17->44->133->10->178->191->90->125->120->67->71->147->192->150->6->85->2->74->118->98->51->116->158->25->123->177->21->87->171->157->104->56->8->68->111->41->37->35->109->0->12->39->29->49->160->33->138->182->11->139->168->195->126->169->188->65->132->13->145->15->3->161->70->84->155->189->167->184->53->152->170->34->55->18->62->128->124->143->159->119->64->86->110->181->174->183->140->199->4->149->101->28->59->20->23->60->148->47->154->94->66->57->22->130->95->185->179->172->52->166->88->176->180->194->76->75->137->114->127->165->89->103->26->163->186->153->81->14->50->82->58->77->97->141->91->79->61->7->5->45->142->78->175->162->46->80->190->105->136->73->164->54->31->193->117->30->198->151->19->112->121->131->1->197->24->156->42->16->27->38->102->32->96->63",4
TSPB,RegretCycle,2,24260336,174,45391,27845,33012,17546,outputs\runs\regret_cycle\TSPB\run_002.txt,"10->178->90->125->191->71->67->120->51->98->118->74->2->85->192->150->6->188->65->169->132->13->126->195->145->15->3->161->70->84->155->189->167->184->53->152->170->34->55->18->62->128->110->181->174->183->9->199->140->4->149->101->28->59->20->23->60->148->47->154->94->66->57->22->130->95->185->179->172->52->166->48->76->75->137->114->127->165->89->163->103->26->113->194->88->180->176->129->186->153->97->77->141->91->79->61->21->87->82->58->50->14->81->119->106->124->143->159->41->111->37->35->109->0->12->29->39->160->33->49->11->139->182->138->144->68->8->56->104->157->171->177->123->25->158->116->121->112->19->73->164->31->54->151->198->30->117->193->105->136->45->5->78->175->142->162->46->80->190->196->42->156->24->1->197->16->27->38->102->63->100->17->44->133",4
TSPB,RegretCycle,3,24260337,165,44431,26671,33078,17760,outputs\runs\regret_cycle\TSPB\run_003.txt,"35->37->41->111->68->8->82->87->21->61->79->91->141->97->77->58->50->14->143->159->119->153->186->163->26->103->89->165->127->114->137->75->76->194->180->176->88->166->52->179->172->57->66->94->154->47->148->60->23->20->59->28->101->149->4->199->140->174->183->9->22->185->95->110->124->128->62->18->55->34->170->152->53->189->167->184->155->84->70->161->3->15->145->195->126->13->132->169->65->188->6->150->192->147->71->67->120->51->125->90->191->178->10->133->44->17->100->63->102->38->27->16->197->1->24->156->42->196->80->190->105->73->164->54->31->193->117->30->198->151->19->112->121->116->158->25->123->173->136->162->46->175->78->142->45->5->7->177->171->157->104->56->144->138->182->139->11->49->33->160->39->29->12->109->0",3
TSPB,RegretCycle,4,24260338,171,45413,26692,32074,18721,outputs\runs\regret_cycle\TSPB\run_004.txt,"159->119->81->14->41->111->37->35->109->0->12->29->39->160->33->49->138->182->11->139->2->85->134->43->168->195->126->13->145->15->189->167->184->155->84->3->70->161->132->169->65->188->6->150->192->147->71->67->120->51->98->116->121->112->19->131->125->90->191->178->10->133->44->17->100->63->96->32->102->38->27->16->197->1->24->156->42->30->198->117->151->54->193->31->164->73->136->105->190->80->46->162->175->78->142->45->5->123->25->171->177->7->61->79->91->87->8->104->56->144->68->82->58->77->97->153->186->163->26->103->89->165->127->114->137->75->76->48->166->194->88->180->176->86->110->95->130->22->179->52->172->57->66->94->154->47->148->60->23->20->59->28->101->149->4->140->199->9->183->174->53->152->170->34->55->18->62->128->124->106->143",4
TSPB,RegretCycle,5,24260339,177,46191,27851,31646,18340,outputs\runs\regret_cycle\TSPB\run_005.txt,"184->53->152->170->34->55->174->183->140->199->4->149->101->28->59->20->23->60->148->47->154->94->66->57->172->52->179->22->130->95->181->83->18->62->128->110->86->176->180->88->194->166->48->76->75->137->114->26->103->127->89->163->165->153->186->129->106->124->143->159->119->81->14->50->58->77->97->141->91->79->61->7->5->45->142->78->175->46->162->136->73->164->31->54->151->198->30->117->193->105->190->80->196->42->156->24->1->197->16->27->38->102->63->100->17->44->133->10->178->115->147->192->150->6->188->65->169->132->161->70->3->15->145->13->126->195->168->43->2->85->74->118->98->51->120->67->71->191->90->125->131->121->112->19->158->25->123->177->171->157->138->182->139->11->49->33->160->144->56->104->8->87->82->68->111->41->37->35->109->0->12->39->29->69->189->167->155",6
TSPB,RegretCycle,6,24260340,167,44611,25210,32238,19401,outputs\runs\regret_cycle\TSPB\run_006.txt,"112->121->116->98->51->120->67->71->191->125->90->178->10->133->44->17->100->63->96->32->102->38->27->16->197->1->24->156->42->30->198->117->151->54->193->31->164->73->136->105->190->80->46->162->175->78->142->45->5->7->61->79->91->141->97->77->58->82->50->14->81->153->186->163->89->165->127->137->114->103->26->180->176->88->194->166->52->179->172->57->66->94->154->47->148->60->23->20->59->28->101->149->4->199->140->183->174->95->130->22->185->86->110->128->124->106->119->159->143->62->18->55->34->170->152->53->184->167->189->155->84->70->161->3->15->145->195->126->13->132->169->65->188->6->150->192->85->2->139->11->182->138->49->33->160->39->29->12->0->109->35->37->41->111->68->8->56->104->157->171->87->21->177->123->25->158->19",4
TSPB,RegretCycle,7,24260341,166,44491,25400,32815,19091,outputs\runs\regret_cycle\TSPB\run_007.txt,"137->127->165->89->163->186->153->119->159->143->14->50->111->41->37->35->109->0->12->29->39->160->33->49->11->138->182->25->123->177->171->157->104->56->144->68->8->82->87->58->77->97->141->91->79->61->7->5->45->142->78->175->162->46->80->190->105->136->73->164->31->193->54->151->117->198->30->42->156->24->1->197->16->27->38->102->32->96->63->100->17->44->133->10->178->191->90->125->131->19->112->121->116->118->74->2->85->98->51->120->67->71->147->192->150->6->188->65->169->132->13->126->195->145->15->3->161->70->84->155->189->167->184->53->152->170->34->55->174->183->140->199->4->149->101->28->59->20->23->60->148->94->154->66->57->172->52->179->185->95->181->83->18->62->124->128->110->86->166->194->88->176->180->26->103->114",3
TSPB,RegretCycle,8,24260342,174,45576,28104,32658,17472,outputs\runs\regret_cycle\TSPB\run_008.txt,"61->7->5->45->142->78->175->46->162->136->73->164->31->54->151->193->105->190->80->196->42->30->117->198->156->24->1->197->16->27->38->102->32->96->63->100->17->44->133->10->178->90->125->191->71->67->120->51->98->192->150->6->188->65->169->43->2->85->74->118->116->121->19->112->158->25->123->177->171->157->104->56->144->138->182->139->11->49->33->160->39->29->12->0->35->109->69->167->189->15->145->195->126->13->132->161->70->3->84->155->184->53->152->170->34->55->174->183->140->199->4->149->101->28->59->20->23->60->148->47->154->94->66->57->172->52->179->22->130->95->181->83->18->62->128->110->86->176->180->88->194->166->48->76->75->137->114->26->103->89->127->165->163->129->106->124->143->159->119->153->186->97->77->58->50->14->41->111->68->8->82->87->91->79",4
TSPB,RegretCycle,9,24260343,173,45395,26611,32136,18784,outputs\runs\regret_cycle\TSPB\run_009.txt,"86->95->130->22->179->52->172->57->66->94->154->47->148->60->23->20->59->28->101->149->4->199->140->183->174->55->34->170->152->53->184->155->167->189->69->109->29->39->12->0->35->37->41->14->50->111->68->8->104->56->144->160->33->49->138->182->11->139->2->85->134->43->168->195->126->13->145->15->3->70->161->132->169->65->188->6->150->192->147->71->67->120->51->98->116->121->112->19->131->125->90->191->178->10->133->44->17->100->63->96->32->102->38->27->16->197->1->24->156->42->30->198->117->151->54->31->193->164->73->136->105->190->80->46->162->175->78->142->45->5->7->177->123->25->171->82->87->21->61->79->91->58->77->97->146->187->165->127->89->163->103->26->114->137->75->76->48->166->194->88->176->180->129->186->153->119->159->143->106->124->62->128->110",4
TSPB,RegretCycle,10,24260344,170,45285,26905,32122,18380,outputs\runs\regret_cycle\TSPB\run_010.txt,"14->41->111->68->8->56->104->157->171->177->123->25->173->136->105->73->164->193->31->54->151->19->112->121->116->51->98->118->74->85->2->139->182->138->11->49->33->160->39->29->12->0->109->35->143->159->119->186->153->165->127->89->163->103->26->180->176->88->194->114->137->75->76->48->166->86->95->130->22->179->52->172->57->66->94->154->47->148->60->23->20->59->28->101->149->4->199->140->183->174->181->110->128->124->62->18->55->34->170->152->53->184->167->189->155->84->70->161->3->15->145->195->126->13->132->169->65->188->6->150->192->147->71->67->120->125->90->191->178->10->133->44->17->100->63->96->32->102->38->27->16->197->1->24->156->198->117->30->42->196->190->80->46->162->175->78->142->45->5->7->61->79->91->141->97->77->58->87->82->50",4
TSPB,RegretCycle,11,24260345,173,45658,27188,32697,18470,outputs\runs\regret_cycle\TSPB\run_011.txt,"100->63->96->32->102->38->27->16->197->1->24->156->42->30->198->117->151->54->31->193->164->73->136->105->190->80->46->162->175->78->142->45->5->123->177->7->61->79->91->87->82->68->8->56->104->171->157->138->182->139->11->49->33->160->39->29->12->0->109->35->37->111->41->14->50->58->77->97->153->186->129->180->176->88->194->113->26->103->163->89->165->127->114->137->75->76->48->166->52->179->172->57->66->94->154->47->148->60->23->20->59->28->101->149->4->199->140->174->183->9->95->130->22->185->86->110->128->124->106->119->159->143->62->18->55->34->170->152->53->184->167->189->155->84->70->161->3->15->145->195->126->13->132->169->65->188->6->150->192->85->2->74->98->118->25->158->116->121->112->19->131->125->51->120->67->71->191->90->178->10->133->44->17",4
TSPB,RegretCycle,12,24260346,173,45109,27356,32782,17753,outputs\runs\regret_cycle\TSPB\run_012.txt,"163->129->106->124->143->159->119->153->186->97->77->81->14->50->58->82->68->8->104->56->144->111->41->37->35->109->0->12->29->39->160->33->49->11->138->182->139->2->85->74->118->98->51->120->67->71->191->90->125->131->121->112->19->151->54->31->193->164->73->136->173->25->123->177->171->87->91->79->61->7->5->45->142->78->175->162->46->80->190->105->196->42->30->117->198->156->24->1->197->16->27->38->102->32->96->63->100->17->44->133->10->178->115->147->192->150->6->188->65->169->132->13->126->195->145->15->3->161->70->84->155->189->167->184->53->152->170->34->55->174->183->140->199->4->149->101->28->59->20->23->60->148->94->154->66->57->172->52->179->185->95->181->83->18->62->128->110->86->166->194->76->75->137->114->113->88->176->180->26->103->89->127->165",3
TSPB,RegretCycle,13,24260347,175,45839,28252,32653,17587,outputs\runs\regret_cycle\TSPB\run_013.txt,"189->69->109->29->39->12->0->35->37->41->111->68->8->82->87->171->157->104->56->144->160->138->182->33->49->11->139->2->85->134->169->65->188->6->150->192->147->71->67->120->125->90->191->178->10->133->44->17->100->63->96->32->102->38->27->16->197->1->24->156->42->30->198->117->193->54->31->164->73->105->190->80->136->151->19->112->121->116->51->98->158->25->123->177->5->45->162->46->142->175->78->7->61->79->91->141->97->77->58->50->14->81->119->159->143->124->106->129->186->153->165->127->89->163->103->26->114->137->75->76->48->166->194->88->180->176->86->110->128->62->18->83->181->95->130->22->179->52->172->57->66->94->154->47->148->60->23->20->59->28->101->149->4->199->140->183->174->55->34->170->152->53->184->155->84->3->70->161->132->13->126->195->145->15->167",3
TSPB,RegretCycle,14,24260348,173,45383,27920,32778,17463,outputs\runs\regret_cycle\TSPB\run_014.txt,"116->158->25->118->98->51->120->67->71->191->90->125->131->135->32->102->63->100->17->44->133->10->178->115->147->192->150->6->85->2->182->138->157->171->104->56->8->68->111->41->14->81->119->159->143->35->109->0->12->29->39->160->33->49->11->139->168->195->126->169->188->65->132->13->145->15->3->161->70->84->155->189->167->184->53->152->170->34->55->174->183->140->199->4->149->101->28->59->20->23->60->148->47->154->94->66->57->22->179->172->52->185->95->181->83->18->62->124->128->110->64->176->180->88->194->166->48->76->75->137->114->127->165->89->103->26->163->186->153->97->77->58->82->87->91->79->61->7->177->123->5->45->142->78->175->162->46->80->190->196->42->27->38->16->197->1->24->156->30->198->117->151->54->31->193->164->73->105->136->173->19->112->121",4
TSPB,RegretCycle,15,24260349,168,44880,27193,33144,17687,outputs\runs\regret_cycle\TSPB\run_015.txt,"142->45->46->162->173->19->151->54->31->193->164->73->136->105->190->80->196->42->30->117->198->156->24->1->197->16->27->38->102->32->96->63->100->17->44->133->10->178->90->125->191->71->67->120->51->98->116->121->112->158->118->74->182->138->11->139->2->85->192->150->6->188->65->169->132->13->126->195->145->15->3->161->70->84->155->189->167->184->53->152->170->34->55->18->62->124->128->110->181->174->183->140->199->4->149->101->28->59->20->23->60->148->47->154->94->66->57->172->52->179->22->130->95->86->166->48->76->75->137->114->194->88->176->180->26->103->163->89->127->165->153->186->119->159->143->35->109->0->12->39->29->49->33->160->144->56->104->8->68->111->41->14->50->77->58->82->87->91->79->61->7->177->171->25->123->5->78->175",4
TSPB,RegretCycle,16,24260350,171,45776,27678,32450,18098,outputs\runs\regret_cycle\TSPB\run_016.txt,"65->169->132->161->70->3->15->145->13->126->195->168->43->2->85->98->118->74->139->11->49->160->33->138->182->157->171->104->56->8->68->111->41->37->35->109->0->12->39->29->69->189->167->155->184->53->4->149->101->28->59->20->23->60->148->47->154->94->66->57->172->52->179->22->130->95->9->199->140->183->174->55->18->62->124->128->110->86->176->180->88->194->166->48->76->75->137->114->26->103->127->89->163->165->153->186->119->159->143->14->50->82->87->58->77->97->141->91->79->61->7->177->123->5->45->142->78->175->162->46->80->190->105->136->173->19->112->25->158->116->121->131->151->54->73->164->31->193->117->198->30->42->156->24->1->197->16->27->38->102->32->96->63->100->17->44->133->10->178->191->90->125->51->120->67->71->147->192->150->6->188",4
TSPB,RegretCycle,17,24260351,174,45576,28104,32658,17472,outputs\runs\regret_cycle\TSPB\run_017.txt,"91->87->82->8->68->111->41->14->50->58->77->97->186->153->119->159->143->124->106->129->163->165->127->89->103->26->114->137->75->76->48->166->194->88->180->176->86->110->128->62->18->83->181->95->130->22->179->52->172->57->66->94->154->47->148->60->23->20->59->28->101->149->4->199->140->183->174->55->34->170->152->53->184->155->84->3->70->161->132->13->126->195->145->15->189->167->69->109->35->0->12->29->39->160->33->49->11->139->182->138->144->56->104->157->171->177->123->25->158->112->19->121->116->118->74->85->2->43->169->65->188->6->150->192->98->51->120->67->71->191->125->90->178->10->133->44->17->100->63->96->32->102->38->27->16->197->1->24->156->198->117->30->42->196->80->190->105->193->151->54->31->164->73->136->162->46->175->78->142->45->5->7->61->79",4
TSPB,RegretCycle,18,24260352,171,45638,28014,33029,17624,outputs\runs\regret_cycle\TSPB\run_018.txt,"95->9->199->59->28->101->149->4->140->183->174->55->34->152->53->184->155->167->189->69->29->39->12->0->109->35->143->159->119->81->14->41->111->68->8->56->104->171->157->33->160->49->11->138->182->25->158->116->121->131->125->90->191->71->67->120->51->98->118->74->85->2->43->168->195->126->13->145->15->3->70->161->132->169->65->188->6->150->192->147->115->178->10->133->44->17->100->63->96->32->102->38->27->16->197->1->24->151->19->112->73->164->54->31->193->117->198->30->156->42->196->80->190->105->136->162->46->175->78->142->45->5->123->177->7->61->79->91->87->82->58->77->97->153->186->163->165->127->89->103->26->114->137->75->76->48->166->194->88->180->176->64->124->62->128->110->86->185->179->52->172->57->66->94->154->47->60->23->148->22->130",4
TSPB,RegretCycle,19,24260353,167,44611,25210,32238,19401,outputs\runs\regret_cycle\TSPB\run_019.txt,"121->116->98->51->120->67->71->191->125->90->178->10->133->44->17->100->63->96->32->102->38->27->16->197->1->24->156->42->30->198->117->151->54->193->31->164->73->136->105->190->80->46->162->175->78->142->45->5->7->61->79->91->141->97->77->58->82->50->14->81->153->186->163->89->165->127->137->114->103->26->180->176->88->194->166->52->179->172->57->66->94->154->47->148->60->23->20->59->28->101->149->4->199->140->183->174->95->130->22->185->86->110->128->124->106->119->159->143->62->18->55->34->170->152->53->184->167->189->155->84->70->161->3->15->145->195->126->13->132->169->65->188->6->150->192->85->2->139->11->182->138->49->33->160->39->29->12->0->109->35->37->41->111->68->8->56->104->157->171->87->21->177->123->25->158->19->112",4
TSPB,RegretCycle,20,24260354,174,45391,27845,33012,17546,outputs\runs\regret_cycle\TSPB\run_020.txt,"44->17->100->63->102->38->27->16->197->1->24->156->42->196->190->80->46->162->142->175->78->5->45->136->105->193->117->30->198->151->54->31->164->73->19->112->121->116->158->25->123->177->171->157->104->56->8->68->144->138->182->139->11->49->33->160->39->29->12->0->109->35->37->111->41->159->143->124->106->119->81->14->50->58->82->87->21->61->79->91->141->77->97->153->186->129->176->180->88->194->113->26->103->163->89->165->127->114->137->75->76->48->166->52->172->179->185->95->130->22->57->66->94->154->47->148->60->23->20->59->28->101->149->4->140->199->9->183->174->181->110->128->62->18->55->34->170->152->53->184->167->189->155->84->70->161->3->15->145->195->126->13->132->169->65->188->6->150->192->85->2->74->118->98->51->120->67->71->191->125->90->178->10->133",4
TSPB,RegretCycle,21,24260355,170,44790,27366,33532,17424,outputs\runs\regret_cycle\TSPB\run_021.txt,"70->145->15->3->84->155->189->167->184->53->4->149->101->28->59->199->140->183->174->55->18->62->128->124->106->143->159->119->153->186->163->89->103->26->113->194->88->180->176->86->110->95->185->22->148->23->60->47->154->94->66->57->172->179->52->166->48->76->75->137->114->127->165->187->146->97->77->81->14->50->111->41->37->35->109->0->12->29->39->160->33->49->11->139->182->138->157->171->104->56->8->68->82->58->87->91->79->61->7->177->123->5->45->142->78->175->162->46->80->190->105->136->73->164->193->31->54->151->117->198->30->42->156->24->1->197->16->27->38->102->32->96->63->100->17->44->133->10->178->115->147->192->150->71->67->120->191->90->125->131->19->112->121->116->51->98->118->74->85->2->43->168->195->13->126->188->65->169->132->161",4
TSPB,RegretCycle,22,24260356,177,46052,28050,32378,18002,outputs\runs\regret_cycle\TSPB\run_022.txt,"198->156->24->1->197->16->38->27->42->196->105->136->190->80->46->162->175->78->142->45->5->7->61->79->91->58->77->97->186->153->81->14->50->111->41->37->35->109->0->12->39->29->69->124->106->143->159->119->129->163->180->176->88->194->113->26->103->89->165->127->114->137->75->76->48->166->86->110->128->181->95->130->22->179->52->172->57->66->94->154->47->148->60->23->20->59->28->101->149->4->199->140->183->174->83->62->18->55->34->170->152->53->184->167->189->155->84->3->70->161->15->145->13->126->132->169->65->188->6->150->192->147->115->178->10->133->44->17->100->63->102->32->135->131->125->90->191->71->67->120->51->98->118->74->85->2->139->11->182->138->49->33->160->144->56->104->8->68->82->87->171->177->123->25->158->116->121->112->19->151->54->73->164->31->193->117->30",5
TSPB,RegretCycle,23,24260357,170,45212,26972,32671,18240,outputs\runs\regret_cycle\TSPB\run_023.txt,"23->20->59->28->101->149->4->199->140->183->174->83->62->18->55->34->170->152->53->184->167->189->155->84->70->161->3->15->145->195->126->13->132->169->65->188->6->150->192->85->2->139->11->182->138->49->33->160->39->29->12->0->109->35->37->41->14->50->111->68->82->87->8->56->104->157->171->177->123->25->158->116->121->112->19->131->125->90->191->51->98->120->67->71->178->10->133->44->17->100->63->96->32->102->38->27->16->197->1->24->156->42->30->198->117->151->54->193->31->164->73->136->105->190->80->46->162->175->78->142->45->5->7->61->79->91->58->77->97->186->153->119->129->163->103->89->165->127->114->137->75->76->48->166->194->26->113->88->180->176->106->159->143->124->128->110->86->95->130->22->179->52->172->57->66->94->154->47->148->60",3
TSPB,RegretCycle,24,24260358,172,45290,28058,32755,17232,outputs\runs\regret_cycle\TSPB\run_024.txt,"146->97->77->58->50->14->81->153->186->163->89->103->26->113->194->88->180->176->86->110->128->62->124->106->119->159->143->35->109->0->29->39->12->37->41->111->68->8->104->56->144->160->33->49->11->139->2->85->74->118->158->25->182->138->157->171->87->82->91->79->61->7->177->123->5->45->142->78->175->46->162->136->105->190->80->196->42->156->24->1->197->16->27->38->102->32->96->63->100->17->44->133->10->178->191->90->125->131->151->198->30->117->193->54->31->164->73->19->112->121->116->98->51->120->67->71->147->192->150->6->188->65->169->132->13->126->195->145->15->161->70->3->189->167->155->184->53->152->170->34->55->174->183->140->199->4->149->101->28->59->20->23->60->148->47->154->94->66->57->22->179->172->52->166->48->76->75->137->114->127->165->187",4
TSPB,RegretCycle,25,24260359,178,46046,28570,32500,17476,outputs\runs\regret_cycle\TSPB\run_025.txt,"172->57->66->94->154->47->148->60->23->20->59->28->101->149->4->199->140->183->174->55->34->170->152->53->184->167->189->155->84->3->70->161->15->145->195->126->13->132->169->65->188->6->150->192->147->71->67->120->51->85->2->74->118->98->116->158->173->73->164->31->54->151->19->112->121->131->125->90->191->178->10->133->44->17->100->63->96->32->102->38->27->16->197->1->24->156->198->117->193->30->42->196->80->190->105->136->162->46->175->78->142->45->5->7->61->79->91->87->21->177->123->25->171->157->104->56->144->138->182->139->11->49->33->160->39->29->12->0->109->35->37->41->111->68->8->82->58->50->14->81->77->97->186->153->119->159->143->124->106->129->163->165->127->89->103->26->114->137->75->76->48->166->194->88->180->176->86->110->128->62->18->83->181->95->130->22->179->52",3
TSPB,RegretCycle,26,24260360,175,45684,28116,33168,17568,outputs\runs\regret_cycle\TSPB\run_026.txt,"100->17->44->133->10->178->191->90->125->120->67->71->147->192->150->6->85->2->74->118->98->51->116->158->25->123->177->21->87->171->157->104->56->8->68->111->41->37->35->109->0->12->39->29->49->160->33->138->182->11->139->168->195->126->169->188->65->132->13->145->15->3->161->70->84->155->189->167->184->53->152->170->34->55->18->62->128->124->143->159->119->64->86->110->181->174->183->140->199->4->149->101->28->59->20->23->60->148->47->154->94->66->57->22->130->95->185->179->172->52->166->88->176->180->194->76->75->137->114->127->165->89->103->26->163->186->153->81->14->50->82->58->77->97->141->91->79->61->7->5->45->142->78->175->162->46->80->190->105->136->73->164->54->31->193->117->30->198->151->19->112->121->131->1->197->24->156->42->16->27->38->102->32->96->63",4
TSPB,RegretCycle,27,24260361,171,45143,27162,32988,17981,outputs\runs\regret_cycle\TSPB\run_027.txt,"125->178->10->133->44->17->100->63->96->32->102->38->27->16->197->1->24->156->42->30->198->117->151->54->31->193->164->73->136->105->190->80->46->162->175->78->142->45->5->123->25->171->87->21->177->7->61->79->91->141->97->77->58->82->50->14->143->159->119->186->153->165->163->26->103->89->127->114->137->75->76->194->180->176->88->166->52->179->172->57->66->94->154->47->148->60->23->20->59->28->101->149->4->199->140->183->174->95->130->22->185->86->110->128->124->62->18->55->34->170->152->53->184->155->167->189->69->109->29->39->12->0->35->37->41->111->68->8->104->56->144->160->33->49->11->138->182->74->118->158->112->19->121->116->51->98->85->2->43->168->195->126->13->145->15->3->70->161->132->169->65->188->6->150->192->147->71->67->120->191->90",4
TSPB,RegretCycle,28,24260362,173,45279,27750,32815,17529,outputs\runs\regret_cycle\TSPB\run_028.txt,"49->138->182->11->139->2->85->134->43->168->195->126->13->145->15->3->70->161->132->169->65->188->6->150->192->147->71->67->120->51->125->90->191->178->10->133->44->17->100->63->96->32->102->38->27->16->197->1->24->156->42->196->80->190->105->136->162->46->175->78->142->45->5->7->177->123->173->73->164->54->31->193->117->30->198->151->19->112->121->116->158->25->171->87->82->58->79->61->91->141->77->97->186->153->119->159->143->129->163->165->127->89->103->26->180->176->88->194->114->137->75->76->48->166->52->172->179->185->95->130->22->57->66->94->154->47->148->60->23->20->59->28->101->149->4->199->140->183->174->181->110->128->124->62->18->55->34->170->152->53->184->155->167->189->69->29->39->12->0->109->35->37->41->14->50->111->68->8->104->56->144->160->33",5
TSPB,RegretCycle,29,24260363,173,45300,27650,33308,17650,outputs\runs\regret_cycle\TSPB\run_029.txt,"74->85->2->139->182->138->11->49->33->160->39->29->12->0->35->109->143->159->119->41->111->68->8->56->104->157->171->87->21->61->79->91->141->97->77->58->82->50->14->81->153->186->165->163->89->127->103->26->180->176->88->113->114->137->75->76->194->166->52->172->179->185->95->130->22->57->66->94->154->47->148->60->23->20->59->28->101->149->4->140->199->9->183->174->181->110->128->124->62->18->55->34->170->152->53->184->167->189->155->84->70->161->3->15->145->195->126->13->132->169->65->188->6->150->192->147->71->67->120->125->90->191->178->10->133->44->17->100->63->96->32->102->38->27->16->197->1->24->156->198->117->30->42->196->190->80->46->162->175->78->142->45->5->7->177->123->25->173->136->105->73->164->193->31->54->151->19->112->121->116->51->98->118",4
TSPB,RegretCycle,30,24260364,176,45873,27772,32721,18101,outputs\runs\regret_cycle\TSPB\run_030.txt,"2->139->11->182->138->49->33->160->144->56->104->8->87->82->68->111->41->37->35->0->12->39->29->109->69->167->189->15->145->195->126->13->132->169->188->65->161->70->3->84->155->184->53->152->170->34->55->18->62->83->174->183->140->199->4->149->101->28->59->20->23->60->148->47->154->94->66->57->172->52->179->22->130->95->86->110->128->64->176->180->88->194->166->48->76->75->137->114->26->103->127->89->163->165->153->186->129->106->124->143->159->119->81->14->50->58->77->97->141->91->79->61->7->5->45->142->78->175->162->46->80->190->105->136->173->123->177->171->25->158->116->121->112->19->151->54->73->164->31->193->117->198->30->42->156->24->1->197->16->27->38->102->32->96->63->100->17->44->133->10->178->115->147->192->150->71->67->120->191->90->125->51->98->118->74->85",4
TSPB,RegretCycle,31,24260365,174,45373,27287,32557,18086,outputs\runs\regret_cycle\TSPB\run_031.txt,"27->38->102->32->96->63->100->17->44->133->10->178->115->147->192->150->6->188->65->169->132->161->70->3->15->145->13->126->195->168->139->11->49->160->33->138->182->2->85->74->118->98->51->120->67->71->191->90->125->131->19->112->121->116->158->25->123->177->21->87->82->171->157->104->56->8->68->111->41->14->81->119->159->143->35->0->12->39->29->109->69->189->167->155->184->53->152->170->34->55->18->62->124->128->110->181->174->183->140->199->4->149->101->28->59->20->23->60->148->47->154->94->66->57->22->130->95->185->179->172->52->166->48->76->75->137->114->127->165->89->163->103->26->113->194->88->180->176->129->186->153->97->77->58->91->79->61->7->5->45->142->78->175->162->46->80->190->105->136->73->164->31->193->54->151->117->198->30->42->156->24->1->197->16",4
TSPB,RegretCycle,32,24260366,170,45285,26586,32033,18699,outputs\runs\regret_cycle\TSPB\run_032.txt,"151->19->112->121->131->125->90->191->71->67->120->51->98->118->74->85->2->139->11->182->138->49->33->160->39->29->12->0->109->35->143->159->119->41->14->50->58->87->82->68->8->56->104->157->171->25->123->177->5->45->142->175->78->7->61->79->91->141->77->97->153->186->163->26->103->89->165->127->114->137->75->76->48->166->194->88->180->176->64->124->128->110->86->95->130->22->179->52->172->57->66->94->154->47->148->60->23->20->59->28->101->149->4->199->140->183->174->83->62->18->55->34->170->152->53->184->167->189->155->84->70->161->3->15->145->195->126->13->132->169->65->188->6->150->192->147->115->178->10->133->44->17->100->63->96->32->102->38->27->16->197->1->24->156->42->196->190->80->46->162->105->136->73->164->31->54->193->117->30->198",5
TSPB,RegretCycle,33,24260367,177,45763,28004,32664,17759,outputs\runs\regret_cycle\TSPB\run_033.txt,"176->88->194->166->86->185->22->130->95->181->83->18->62->128->124->106->143->159->119->186->153->81->14->50->77->97->141->91->79->61->21->87->58->82->8->68->111->41->37->35->0->109->29->12->39->49->33->160->144->56->104->157->171->177->7->5->45->142->78->175->46->162->136->173->123->25->158->118->74->2->182->138->11->139->85->98->116->121->112->19->151->198->30->117->193->54->31->164->73->105->190->80->196->42->156->24->1->197->16->27->38->102->32->96->63->100->17->44->133->10->178->191->90->125->51->120->67->71->147->192->150->6->188->65->169->132->13->126->195->145->15->3->161->70->84->155->189->167->184->53->152->170->34->55->174->183->140->199->4->149->101->28->59->20->23->60->148->47->154->94->66->57->172->179->52->48->76->75->137->114->127->165->89->163->103->26->180",4
TSPB,RegretCycle,34,24260368,174,45717,27219,32446,18498,outputs\runs\regret_cycle\TSPB\run_034.txt,"87->82->58->8->68->111->41->14->81->119->106->124->143->159->37->35->109->0->12->29->39->160->33->49->11->138->182->139->2->85->74->118->98->51->120->67->71->191->90->125->131->19->112->121->116->158->25->157->104->56->171->123->177->7->5->45->142->78->175->162->46->80->190->105->136->73->164->31->193->54->151->117->198->30->42->156->24->1->197->16->27->38->102->32->96->63->100->17->44->133->10->178->115->147->192->150->6->188->65->169->132->126->13->145->15->161->70->3->84->155->189->167->184->53->152->170->34->55->18->62->83->174->183->140->199->4->149->101->28->59->20->23->60->148->47->154->94->66->57->172->52->179->22->130->95->181->128->110->86->176->180->88->194->166->48->76->75->137->114->127->165->89->103->26->163->186->153->97->77->141->91->79->61->21",4
TSPB,RegretCycle,35,24260369,167,44611,25210,32238,19401,outputs\runs\regret_cycle\TSPB\run_035.txt,"112->121->116->98->51->120->67->71->191->125->90->178->10->133->44->17->100->63->96->32->102->38->27->16->197->1->24->156->42->30->198->117->151->54->193->31->164->73->136->105->190->80->46->162->175->78->142->45->5->7->61->79->91->141->97->77->58->82->50->14->81->153->186->163->89->165->127->137->114->103->26->180->176->88->194->166->52->179->172->57->66->94->154->47->148->60->23->20->59->28->101->149->4->199->140->183->174->95->130->22->185->86->110->128->124->106->119->159->143->62->18->55->34->170->152->53->184->167->189->155->84->70->161->3->15->145->195->126->13->132->169->65->188->6->150->192->85->2->139->11->182->138->49->33->160->39->29->12->0->109->35->37->41->111->68->8->56->104->157->171->87->21->177->123->25->158->19",4
TSPB,RegretCycle,36,24260370,165,44431,26671,33078,17760,outputs\runs\regret_cycle\TSPB\run_036.txt,"35->37->41->111->68->8->82->87->21->61->79->91->141->97->77->58->50->14->143->159->119->153->186->163->26->103->89->165->127->114->137->75->76->194->180->176->88->166->52->179->172->57->66->94->154->47->148->60->23->20->59->28->101->149->4->199->140->174->183->9->22->185->95->110->124->128->62->18->55->34->170->152->53->189->167->184->155->84->70->161->3->15->145->195->126->13->132->169->65->188->6->150->192->147->71->67->120->51->125->90->191->178->10->133->44->17->100->63->102->38->27->16->197->1->24->156->42->196->80->190->105->73->164->54->31->193->117->30->198->151->19->112->121->116->158->25->123->173->136->162->46->175->78->142->45->5->7->177->171->157->104->56->144->138->182->139->11->49->33->160->39->29->12->109->0",4
TSPB,RegretCycle,37,24260371,174,45576,28104,32658,17472,outputs\runs\regret_cycle\TSPB\run_037.txt,"61->7->5->45->142->78->175->46->162->136->73->164->31->54->151->193->105->190->80->196->42->30->117->198->156->24->1->197->16->27->38->102->32->96->63->100->17->44->133->10->178->90->125->191->71->67->120->51->98->192->150->6->188->65->169->43->2->85->74->118->116->121->19->112->158->25->123->177->171->157->104->56->144->138->182->139->11->49->33->160->39->29->12->0->35->109->69->167->189->15->145->195->126->13->132->161->70->3->84->155->184->53->152->170->34->55->174->183->140->199->4->149->101->28->59->20->23->60->148->47->154->94->66->57->172->52->179->22->130->95->181->83->18->62->128->110->86->176->180->88->194->166->48->76->75->137->114->26->103->89->127->165->163->129->106->124->143->159->119->153->186->97->77->58->50->14->41->111->68->8->82->87->91->79",4
TSPB,RegretCycle,38,24260372,175,45839,28252,32653,17587,outputs\runs\regret_cycle\TSPB\run_038.txt,"189->69->109->29->39->12->0->35->37->41->111->68->8->82->87->171->157->104->56->144->160->138->182->33->49->11->139->2->85->134->169->65->188->6->150->192->147->71->67->120->125->90->191->178->10->133->44->17->100->63->96->32->102->38->27->16->197->1->24->156->42->30->198->117->193->54->31->164->73->105->190->80->136->151->19->112->121->116->51->98->158->25->123->177->5->45->162->46->142->175->78->7->61->79->91->141->97->77->58->50->14->81->119->159->143->124->106->129->186->153->165->127->89->163->103->26->114->137->75->76->48->166->194->88->180->176->86->110->128->62->18->83->181->95->130->22->179->52->172->57->66->94->154->47->148->60->23->20->59->28->101->149->4->199->140->183->174->55->34->170->152->53->184->155->84->3->70->161->132->13->126->195->145->15->167",4
TSPB,RegretCycle,39,24260373,170,45285,26905,32122,18380,outputs\runs\regret_cycle\TSPB\run_039.txt,"14->41->111->68->8->56->104->157->171->177->123->25->173->136->105->73->164->193->31->54->151->19->112->121->116->51->98->118->74->85->2->139->182->138->11->49->33->160->39->29->12->0->109->35->143->159->119->186->153->165->127->89->163->103->26->180->176->88->194->114->137->75->76->48->166->86->95->130->22->179->52->172->57->66->94->154->47->148->60->23->20->59->28->101->149->4->199->140->183->174->181->110->128->124->62->18->55->34->170->152->53->184->167->189->155->84->70->161->3->15->145->195->126->13->132->169->65->188->6->150->192->147->71->67->120->125->90->191->178->10->133->44->17->100->63->96->32->102->38->27->16->197->1->24->156->198->117->30->42->196->190->80->46->162->175->78->142->45->5->7->61->79->91->141->97->77->58->87->82->50",5
TSPB,RegretCycle,40,24260374,174,45523,27580,32248,17943,outputs\runs\regret_cycle\TSPB\run_040.txt,"138->11->49->33->160->39->29->12->0->109->35->143->159->119->106->124->128->62->18->55->181->95->130->22->185->86->110->64->176->180->88->194->113->26->103->163->89->165->127->114->137->75->76->48->166->52->179->172->57->66->94->154->47->148->60->23->20->59->28->101->149->4->199->140->183->174->53->152->170->34->69->189->167->184->155->84->70->161->3->15->145->195->126->13->132->169->65->188->6->150->192->147->71->67->120->51->125->90->191->178->10->133->44->17->100->63->96->32->102->38->27->16->197->1->24->156->42->196->80->190->105->136->162->46->175->78->142->45->5->123->177->7->61->79->91->87->82->58->77->97->186->153->81->14->41->111->68->8->56->104->157->171->25->173->73->164->54->31->193->117->30->198->151->19->112->121->116->98->118->74->85->2->139->182",4
TSPB,RegretCycle,41,24260375,173,45109,27356,32782,17753,outputs\runs\regret_cycle\TSPB\run_041.txt,"163->129->106->124->143->159->119->153->186->97->77->81->14->50->58->82->68->8->104->56->144->111->41->37->35->109->0->12->29->39->160->33->49->11->138->182->139->2->85->74->118->98->51->120->67->71->191->90->125->131->121->112->19->151->54->31->193->164->73->136->173->25->123->177->171->87->91->79->61->7->5->45->142->78->175->162->46->80->190->105->196->42->30->117->198->156->24->1->197->16->27->38->102->32->96->63->100->17->44->133->10->178->115->147->192->150->6->188->65->169->132->13->126->195->145->15->3->161->70->84->155->189->167->184->53->152->170->34->55->174->183->140->199->4->149->101->28->59->20->23->60->148->94->154->66->57->172->52->179->185->95->181->83->18->62->128->110->86->166->194->76->75->137->114->113->88->176->180->26->103->89->127->165",4
TSPB,RegretCycle,42,24260376,174,45576,28104,32658,17472,outputs\runs\regret_cycle\TSPB\run_042.txt,"91->87->82->8->68->111->41->14->50->58->77->97->186->153->119->159->143->124->106->129->163->165->127->89->103->26->114->137->75->76->48->166->194->88->180->176->86->110->128->62->18->83->181->95->130->22->179->52->172->57->66->94->154->47->148->60->23->20->59->28->101->149->4->199->140->183->174->55->34->170->152->53->184->155->84->3->70->161->132->13->126->195->145->15->189->167->69->109->35->0->12->29->39->160->33->49->11->139->182->138->144->56->104->157->171->177->123->25->158->112->19->121->116->118->74->85->2->43->169->65->188->6->150->192->98->51->120->67->71->191->125->90->178->10->133->44->17->100->63->96->32->102->38->27->16->197->1->24->156->198->117->30->42->196->80->190->105->193->151->54->31->164->73->136->162->46->175->78->142->45->5->7->61->79",4
TSPB,RegretCycle,43,24260377,173,45383,27920,32778,17463,outputs\runs\regret_cycle\TSPB\run_043.txt,"116->158->25->118->98->51->120->67->71->191->90->125->131->135->32->102->63->100->17->44->133->10->178->115->147->192->150->6->85->2->182->138->157->171->104->56->8->68->111->41->14->81->119->159->143->35->109->0->12->29->39->160->33->49->11->139->168->195->126->169->188->65->132->13->145->15->3->161->70->84->155->189->167->184->53->152->170->34->55->174->183->140->199->4->149->101->28->59->20->23->60->148->47->154->94->66->57->22->179->172->52->185->95->181->83->18->62->124->128->110->64->176->180->88->194->166->48->76->75->137->114->127->165->89->103->26->163->186->153->97->77->58->82->87->91->79->61->7->177->123->5->45->142->78->175->162->46->80->190->196->42->27->38->16->197->1->24->156->30->198->117->151->54->31->193->164->73->105->136->173->19->112->121",4
TSPB,RegretCycle,44,24260378,173,45658,27188,32697,18470,outputs\runs\regret_cycle\TSPB\run_044.txt,"100->63->96->32->102->38->27->16->197->1->24->156->42->30->198->117->151->54->31->193->164->73->136->105->190->80->46->162->175->78->142->45->5->123->177->7->61->79->91->87->82->68->8->56->104->171->157->138->182->139->11->49->33->160->39->29->12->0->109->35->37->111->41->14->50->58->77->97->153->186->129->180->176->88->194->113->26->103->163->89->165->127->114->137->75->76->48->166->52->179->172->57->66->94->154->47->148->60->23->20->59->28->101->149->4->199->140->174->183->9->95->130->22->185->86->110->128->124->106->119->159->143->62->18->55->34->170->152->53->184->167->189->155->84->70->161->3->15->145->195->126->13->132->169->65->188->6->150->192->85->2->74->98->118->25->158->116->121->112->19->131->125->51->120->67->71->191->90->178->10->133->44->17",5
TSPB,RegretCycle,45,24260379,171,45776,27678,32450,18098,outputs\runs\regret_cycle\TSPB\run_045.txt,"65->169->132->161->70->3->15->145->13->126->195->168->43->2->85->98->118->74->139->11->49->160->33->138->182->157->171->104->56->8->68->111->41->37->35->109->0->12->39->29->69->189->167->155->184->53->4->149->101->28->59->20->23->60->148->47->154->94->66->57->172->52->179->22->130->95->9->199->140->183->174->55->18->62->124->128->110->86->176->180->88->194->166->48->76->75->137->114->26->103->127->89->163->165->153->186->119->159->143->14->50->82->87->58->77->97->141->91->79->61->7->177->123->5->45->142->78->175->162->46->80->190->105->136->173->19->112->25->158->116->121->131->151->54->73->164->31->193->117->198->30->42->156->24->1->197->16->27->38->102->32->96->63->100->17->44->133->10->178->191->90->125->51->120->67->71->147->192->150->6->188",4
TSPB,RegretCycle,46,24260380,171,45610,27576,32348,18034,outputs\runs\regret_cycle\TSPB\run_046.txt,"193->105->190->80->196->42->30->117->198->156->24->1->197->16->27->38->102->32->96->63->100->17->44->133->10->178->191->90->125->131->121->116->158->25->118->98->51->120->67->71->147->192->150->6->188->65->169->132->161->70->3->15->145->13->126->195->168->43->2->182->138->11->49->33->160->39->29->12->0->109->35->37->41->111->68->82->58->50->14->81->119->159->143->106->124->128->62->18->55->34->69->189->167->155->184->53->174->183->140->199->4->149->101->28->59->20->23->60->148->47->154->94->66->57->172->52->179->22->130->95->110->86->176->180->88->194->166->48->76->75->137->114->127->165->89->103->26->163->186->153->97->77->141->91->79->61->21->87->8->56->104->157->171->177->7->5->78->175->142->45->46->162->136->173->112->19->151->54->73->164->31",5
TSPB,RegretCycle,47,24260381,167,44611,25210,32238,19401,outputs\runs\regret_cycle\TSPB\run_047.txt,"19->158->25->123->177->21->87->171->157->104->56->8->68->111->41->37->35->109->0->12->29->39->160->33->49->138->182->11->139->2->85->192->150->6->188->65->169->132->13->126->195->145->15->3->161->70->84->155->189->167->184->53->152->170->34->55->18->62->143->159->119->106->124->128->110->86->185->22->130->95->174->183->140->199->4->149->101->28->59->20->23->60->148->47->154->94->66->57->172->179->52->166->194->88->176->180->26->103->114->137->127->165->89->163->186->153->81->14->50->82->58->77->97->141->91->79->61->7->5->45->142->78->175->162->46->80->190->105->136->73->164->31->193->54->151->117->198->30->42->156->24->1->197->16->27->38->102->32->96->63->100->17->44->133->10->178->90->125->191->71->67->120->51->98->116->121->112",4
TSPB,RegretCycle,48,24260382,168,44880,27193,33144,17687,outputs\runs\regret_cycle\TSPB\run_048.txt,"142->45->46->162->173->19->151->54->31->193->164->73->136->105->190->80->196->42->30->117->198->156->24->1->197->16->27->38->102->32->96->63->100->17->44->133->10->178->90->125->191->71->67->120->51->98->116->121->112->158->118->74->182->138->11->139->2->85->192->150->6->188->65->169->132->13->126->195->145->15->3->161->70->84->155->189->167->184->53->152->170->34->55->18->62->124->128->110->181->174->183->140->199->4->149->101->28->59->20->23->60->148->47->154->94->66->57->172->52->179->22->130->95->86->166->48->76->75->137->114->194->88->176->180->26->103->163->89->127->165->153->186->119->159->143->35->109->0->12->39->29->49->33->160->144->56->104->8->68->111->41->14->50->77->58->82->87->91->79->61->7->177->171->25->123->5->78->175",4
TSPB,RegretCycle,49,24260383,173,45579,27764,32545,17815,outputs\runs\regret_cycle\TSPB\run_049.txt,"168->43->134->85->2->139->11->49->160->33->138->182->25->123->177->21->87->82->171->157->104->56->8->68->111->41->14->81->119->159->143->35->0->12->39->29->109->69->167->189->145->15->3->161->70->84->155->184->53->152->170->34->55->174->183->140->199->4->149->101->28->59->20->23->60->148->47->154->94->66->57->172->52->179->22->130->95->181->83->18->62->124->128->110->86->176->180->88->194->166->48->76->75->137->114->127->165->89->103->26->163->186->153->97->77->58->91->79->61->7->5->45->142->78->175->46->162->136->73->164->31->54->117->198->30->193->105->190->80->196->42->156->24->1->197->16->27->38->102->32->96->63->100->17->44->133->10->178->191->90->125->131->151->19->112->121->116->98->51->120->67->71->147->192->150->6->188->65->169->132->13->126->195",4
TSPB,RegretCycle,50,24260384,172,45434,27675,33099,17759,outputs\runs\regret_cycle\TSPB\run_050.txt,"113->26->103->163->89->165->127->114->137->75->76->48->166->52->172->179->185->95->130->22->57->66->94->154->47->148->60->23->20->59->28->101->149->4->140->199->9->183->174->181->110->128->124->106->119->159->143->62->18->55->34->170->152->53->184->167->189->155->84->70->161->3->15->145->195->126->13->132->169->65->188->6->150->192->85->2->139->11->182->138->33->49->29->109->35->0->12->39->160->144->56->104->8->68->82->87->171->177->123->25->158->112->19->121->116->98->51->120->67->71->191->125->90->178->10->133->44->17->100->63->96->32->102->38->27->16->197->1->24->156->198->117->30->42->196->80->190->105->193->151->54->31->164->73->136->162->46->175->78->142->45->5->7->61->79->91->141->97->77->58->50->111->41->14->81->153->186->129->176->180->88->194",4
TSPB,RegretCycle,51,24260385,174,45523,27580,32248,17943,outputs\runs\regret_cycle\TSPB\run_051.txt,"138->11->49->33->160->39->29->12->0->109->35->143->159->119->106->124->128->62->18->55->181->95->130->22->185->86->110->64->176->180->88->194->113->26->103->163->89->165->127->114->137->75->76->48->166->52->179->172->57->66->94->154->47->148->60->23->20->59->28->101->149->4->199->140->183->174->53->152->170->34->69->189->167->184->155->84->70->161->3->15->145->195->126->13->132->169->65->188->6->150->192->147->71->67->120->51->125->90->191->178->10->133->44->17->100->63->96->32->102->38->27->16->197->1->24->156->42->196->80->190->105->136->162->46->175->78->142->45->5->123->177->7->61->79->91->87->82->58->77->97->186->153->81->14->41->111->68->8->56->104->157->171->25->173->73->164->54->31->193->117->30->198->151->19->112->121->116->98->118->74->85->2->139->182",4
TSPB,RegretCycle,52,24260386,171,45418,27422,32574,17996,outputs\runs\regret_cycle\TSPB\run_052.txt,"62->128->124->106->119->159->143->41->111->68->8->104->56->144->160->39->12->0->35->109->29->49->33->138->182->11->139->2->85->134->43->168->195->126->13->132->169->65->188->6->150->192->147->71->67->120->51->125->90->191->178->10->133->44->17->100->63->96->32->102->38->27->16->197->1->24->156->198->117->30->42->196->190->80->46->162->175->78->142->45->5->7->177->123->173->136->105->73->164->193->31->54->151->19->112->121->116->158->25->171->87->82->58->79->61->91->141->97->77->50->14->81->153->186->163->26->103->89->165->127->114->137->75->76->48->166->194->88->180->176->86->110->95->130->22->179->52->172->57->66->94->154->47->148->60->23->20->59->28->101->149->4->199->140->183->174->53->184->155->84->70->161->3->15->145->189->167->69->34->55->18",4
TSPB,RegretCycle,53,24260387,174,45717,27219,32446,18498,outputs\runs\regret_cycle\TSPB\run_053.txt,"87->82->58->8->68->111->41->14->81->119->106->124->143->159->37->35->109->0->12->29->39->160->33->49->11->138->182->139->2->85->74->118->98->51->120->67->71->191->90->125->131->19->112->121->116->158->25->157->104->56->171->123->177->7->5->45->142->78->175->162->46->80->190->105->136->73->164->31->193->54->151->117->198->30->42->156->24->1->197->16->27->38->102->32->96->63->100->17->44->133->10->178->115->147->192->150->6->188->65->169->132->126->13->145->15->161->70->3->84->155->189->167->184->53->152->170->34->55->18->62->83->174->183->140->199->4->149->101->28->59->20->23->60->148->47->154->94->66->57->172->52->179->22->130->95->181->128->110->86->176->180->88->194->166->48->76->75->137->114->127->165->89->103->26->163->186->153->97->77->141->91->79->61->21",4
TSPB,RegretCycle,54,24260388,174,45136,27927,33322,17209,outputs\runs\regret_cycle\TSPB\run_054.txt,"15->145->13->132->169->65->188->126->195->168->43->134->85->2->139->11->182->138->49->33->160->39->29->12->0->109->35->37->41->111->68->8->56->104->157->171->82->87->21->177->123->25->158->112->19->121->116->98->51->125->90->191->120->67->71->150->192->147->115->178->10->133->44->17->100->63->96->32->102->38->27->16->197->1->24->156->198->117->30->42->196->80->190->105->193->151->54->31->164->73->136->46->162->45->142->175->78->5->7->61->79->91->58->77->97->186->153->119->159->143->124->106->129->163->180->176->88->194->113->26->103->89->165->127->114->137->75->76->48->166->86->110->128->181->95->130->22->179->52->172->57->66->94->154->47->148->60->23->20->59->28->101->149->4->199->140->183->174->83->62->18->55->34->170->152->53->184->167->189->155->84->70->161->3",4
TSPB,RegretCycle,55,24260389,175,45696,27610,32707,18086,outputs\runs\regret_cycle\TSPB\run_055.txt,"41->14->50->68->8->82->58->77->97->141->91->79->61->7->5->45->142->78->175->162->46->80->190->105->136->73->164->54->31->193->117->198->30->42->156->24->1->197->16->27->38->102->32->96->63->100->17->44->133->10->178->90->125->191->71->67->120->51->98->116->121->112->19->151->173->25->123->177->21->87->171->157->104->56->144->160->33->49->11->138->182->139->2->85->192->150->6->188->65->169->132->13->126->195->145->15->3->161->70->84->155->189->167->184->53->152->170->34->55->174->183->9->199->140->4->149->101->28->59->20->23->60->148->47->154->94->66->57->172->179->52->166->48->76->75->137->114->127->89->165->153->186->163->103->26->113->194->88->180->176->64->110->86->185->22->130->95->181->83->18->62->128->124->106->119->159->143->29->39->12->0->109->35->37->111",3
TSPB,RegretCycle,56,24260390,169,44977,27280,32920,17697,outputs\runs\regret_cycle\TSPB\run_056.txt,"164->73->105->136->173->123->25->158->116->121->112->19->131->24->1->197->16->27->38->102->32->96->63->100->17->44->133->10->178->191->90->125->51->120->67->71->147->192->150->6->188->65->169->132->13->126->195->145->15->3->161->70->84->155->189->167->184->53->152->170->34->55->18->62->124->128->110->86->185->22->130->95->174->183->140->199->4->149->101->28->59->20->23->60->148->47->154->94->66->57->172->179->52->166->194->76->75->137->114->113->88->176->180->26->103->127->89->163->165->153->186->119->159->143->41->111->37->35->109->0->12->29->39->160->33->49->11->139->182->138->157->171->104->56->8->68->82->87->58->50->14->81->77->97->141->91->79->61->7->177->5->45->142->78->175->162->46->80->190->196->42->156->30->198->117->151->54->193->31",4
TSPB,RegretCycle,57,24260391,177,46125,28292,32719,17833,outputs\runs\regret_cycle\TSPB\run_057.txt,"190->105->196->42->156->24->1->197->16->27->38->102->63->96->32->135->131->151->198->30->117->193->54->31->164->73->136->173->19->112->121->116->118->74->2->85->98->51->120->67->71->191->90->125->122->100->17->44->133->10->178->115->147->192->150->6->188->65->169->132->13->126->195->145->15->3->161->70->84->155->189->167->184->53->152->170->34->55->18->62->124->128->110->86->185->22->130->95->174->183->140->199->4->149->101->28->59->20->23->60->148->47->154->94->66->57->172->179->52->166->194->76->75->137->114->113->88->176->180->26->103->163->89->127->165->153->186->119->159->143->29->39->12->0->109->35->37->111->41->14->81->77->97->141->91->79->61->21->87->58->82->68->8->104->56->144->160->33->49->11->139->182->138->157->171->25->123->177->7->5->45->142->78->175->162->46->80",4
TSPB,RegretCycle,58,24260392,171,45210,27939,33317,17271,outputs\runs\regret_cycle\TSPB\run_058.txt,"117->151->24->1->197->16->27->38->102->32->96->63->100->17->44->133->10->178->71->67->120->191->90->125->51->98->116->121->19->112->158->25->123->177->171->87->82->68->8->104->56->144->160->33->49->138->182->11->139->2->85->192->150->6->188->65->169->132->13->126->195->145->15->3->161->70->84->155->189->167->184->53->152->170->34->55->18->62->124->128->110->181->174->183->9->199->140->4->149->101->28->59->20->23->60->148->47->154->94->66->57->22->130->95->185->179->172->52->166->48->76->75->137->114->127->165->89->163->103->26->113->194->88->180->176->129->119->159->143->29->39->12->0->109->35->37->41->111->50->14->81->153->186->97->77->58->91->79->61->7->5->45->142->78->175->46->162->136->73->164->31->54->193->105->190->80->196->42->156->30->198",4
TSPB,RegretCycle,59,24260393,171,45413,26692,32074,18721,outputs\runs\regret_cycle\TSPB\run_059.txt,"143->106->124->128->62->18->55->34->170->152->53->174->183->9->199->140->4->149->101->28->59->20->23->60->148->47->154->94->66->57->172->52->179->22->130->95->110->86->176->180->88->194->166->48->76->75->137->114->127->165->89->103->26->163->186->153->97->77->58->82->68->144->56->104->8->87->91->79->61->7->177->171->25->123->5->45->142->78->175->162->46->80->190->105->136->73->164->31->193->54->151->117->198->30->42->156->24->1->197->16->27->38->102->32->96->63->100->17->44->133->10->178->191->90->125->131->19->112->121->116->98->51->120->67->71->147->192->150->6->188->65->169->132->161->70->3->84->155->184->167->189->15->145->13->126->195->168->43->134->85->2->139->11->182->138->49->33->160->39->29->12->0->109->35->37->111->41->14->81->119->159",3
TSPB,RegretCycle,60,24260394,168,44812,26096,32608,18716,outputs\runs\regret_cycle\TSPB\run_060.txt,"66->57->172->52->179->22->130->95->181->83->18->62->128->110->86->176->180->88->194->166->48->76->75->137->114->26->103->89->127->165->163->129->106->124->143->159->119->153->186->97->77->58->50->14->41->111->68->8->82->87->91->79->61->7->5->45->142->78->175->162->46->80->190->105->136->73->164->54->31->193->117->198->30->42->156->24->1->197->16->27->38->102->32->96->63->100->17->44->133->10->178->90->125->191->71->67->120->51->98->116->121->112->19->151->173->25->123->177->171->157->104->56->144->160->39->12->0->35->109->29->49->33->138->182->11->139->2->85->192->150->6->188->65->169->132->126->13->145->15->161->70->3->84->155->189->167->184->53->152->170->34->55->174->183->140->199->4->149->101->28->59->20->23->60->148->47->154->94",4
TSPB,RegretCycle,61,24260395,168,45183,27422,33143,17761,outputs\runs\regret_cycle\TSPB\run_061.txt,"63->100->17->44->133->10->178->90->191->71->67->120->51->125->131->19->112->121->116->98->118->25->123->177->171->157->104->56->8->87->82->68->111->50->14->41->37->35->109->0->12->29->39->160->33->49->138->182->11->139->2->85->192->150->6->188->65->169->132->13->126->195->145->15->3->161->70->84->155->189->167->184->53->152->170->34->55->18->62->124->128->110->86->185->22->130->95->174->183->140->199->4->149->101->28->59->20->23->60->148->47->154->94->66->57->172->179->52->166->48->76->75->137->114->127->165->89->163->103->26->113->194->88->176->180->106->143->159->119->153->186->97->77->58->91->79->61->7->5->45->142->78->175->46->162->136->73->164->31->54->151->193->105->190->80->196->42->30->117->198->156->24->1->197->16->27->38->102",4
TSPB,RegretCycle,62,24260396,171,45409,27541,32863,17868,outputs\runs\regret_cycle\TSPB\run_062.txt,"20->23->60->148->47->154->94->66->22->130->95->185->179->57->172->52->166->194->76->75->137->114->113->88->176->180->26->103->89->127->165->163->129->143->159->119->186->153->97->77->141->91->79->61->7->5->45->142->78->175->162->46->80->190->196->42->27->38->16->197->1->24->156->30->198->117->193->54->31->164->73->105->136->151->19->112->121->131->135->32->102->63->100->17->44->133->10->178->90->125->191->71->67->120->51->98->116->158->25->123->177->171->157->104->56->144->111->68->8->82->87->58->50->14->41->37->35->0->109->29->12->39->160->33->49->11->138->182->139->2->85->192->150->6->188->65->169->132->13->126->195->145->15->3->161->70->84->155->189->167->184->53->152->170->34->55->18->62->124->128->110->181->174->183->140->199->4->149->101->28->59",5
TSPB,RegretCycle,63,24260397,168,44880,27193,33144,17687,outputs\runs\regret_cycle\TSPB\run_063.txt,"45->46->162->173->19->151->54->31->193->164->73->136->105->190->80->196->42->30->117->198->156->24->1->197->16->27->38->102->32->96->63->100->17->44->133->10->178->90->125->191->71->67->120->51->98->116->121->112->158->118->74->182->138->11->139->2->85->192->150->6->188->65->169->132->13->126->195->145->15->3->161->70->84->155->189->167->184->53->152->170->34->55->18->62->124->128->110->181->174->183->140->199->4->149->101->28->59->20->23->60->148->47->154->94->66->57->172->52->179->22->130->95->86->166->48->76->75->137->114->194->88->176->180->26->103->163->89->127->165->153->186->119->159->143->35->109->0->12->39->29->49->33->160->144->56->104->8->68->111->41->14->50->77->58->82->87->91->79->61->7->177->171->25->123->5->78->175->142",4
TSPB,RegretCycle,64,24260398,173,45579,27764,32545,17815,outputs\runs\regret_cycle\TSPB\run_064.txt,"168->43->134->85->2->139->11->49->160->33->138->182->25->123->177->21->87->82->171->157->104->56->8->68->111->41->14->81->119->159->143->35->0->12->39->29->109->69->167->189->145->15->3->161->70->84->155->184->53->152->170->34->55->174->183->140->199->4->149->101->28->59->20->23->60->148->47->154->94->66->57->172->52->179->22->130->95->181->83->18->62->124->128->110->86->176->180->88->194->166->48->76->75->137->114->127->165->89->103->26->163->186->153->97->77->58->91->79->61->7->5->45->142->78->175->46->162->136->73->164->31->54->117->198->30->193->105->190->80->196->42->156->24->1->197->16->27->38->102->32->96->63->100->17->44->133->10->178->191->90->125->131->151->19->112->121->116->98->51->120->67->71->147->192->150->6->188->65->169->132->13->126->195",3
TSPB,RegretCycle,65,24260399,168,44674,26542,33302,18132,outputs\runs\regret_cycle\TSPB\run_065.txt,"194->166->52->179->172->57->66->94->154->47->148->60->23->20->59->28->101->149->4->199->140->183->174->95->130->22->185->86->110->128->124->62->18->55->34->170->152->53->184->167->189->155->84->70->161->3->15->145->195->126->13->132->169->65->188->6->150->192->85->2->139->11->182->138->56->104->157->171->25->123->173->136->105->73->164->31->54->193->117->30->198->151->19->112->121->116->98->51->120->67->71->191->125->90->178->10->133->44->17->100->63->96->32->102->38->27->16->197->1->24->156->42->196->190->80->46->162->175->78->142->45->5->177->7->61->79->91->87->82->8->68->111->144->160->33->49->39->12->29->109->0->35->37->41->143->159->119->186->153->81->14->50->58->77->97->146->187->165->137->114->127->89->163->103->26->180->176->88",4
TSPB,RegretCycle,66,24260400,174,45876,28055,32625,17821,outputs\runs\regret_cycle\TSPB\run_066.txt,"104->171->157->138->182->139->11->49->33->160->39->29->12->0->109->35->37->111->41->159->143->124->106->119->186->153->165->163->89->127->103->26->114->137->75->76->48->166->194->88->180->176->64->128->110->86->95->130->22->179->52->172->57->66->94->154->47->148->60->23->20->59->28->101->149->4->199->140->183->174->83->62->18->55->34->170->152->53->184->167->189->155->84->70->161->3->15->145->195->126->13->132->169->65->188->6->150->192->85->2->74->98->118->25->158->116->121->112->19->131->125->51->120->67->71->191->90->178->10->133->44->17->100->63->96->32->102->38->27->16->197->1->24->156->42->196->80->190->105->193->117->30->198->151->54->31->164->73->136->46->162->45->142->175->78->5->123->177->7->61->79->91->141->97->77->81->14->50->58->87->82->68->8->56",4
TSPB,RegretCycle,67,24260401,171,45638,28014,33029,17624,outputs\runs\regret_cycle\TSPB\run_067.txt,"130->22->148->23->60->47->154->94->66->57->172->52->179->185->86->110->128->62->124->64->176->180->88->194->166->48->76->75->137->114->26->103->89->127->165->163->186->153->97->77->58->82->87->91->79->61->7->177->123->5->45->142->78->175->46->162->136->105->190->80->196->42->156->30->198->117->193->54->31->164->73->112->19->151->24->1->197->16->27->38->102->32->96->63->100->17->44->133->10->178->115->147->192->150->6->188->65->169->132->161->70->3->15->145->13->126->195->168->43->2->85->74->118->98->51->120->67->71->191->90->125->131->121->116->158->25->182->138->11->49->160->33->157->171->104->56->8->68->111->41->14->81->119->159->143->35->109->0->12->39->29->69->189->167->155->184->53->152->34->55->174->183->140->4->149->101->28->59->199->9->95",4
TSPB,RegretCycle,68,24260402,169,45062,26629,32571,18433,outputs\runs\regret_cycle\TSPB\run_068.txt,"53->184->167->189->155->84->70->161->3->15->145->195->126->13->132->169->65->188->6->150->192->147->71->67->120->125->90->191->178->10->133->44->17->100->63->96->32->102->38->27->16->197->1->24->156->42->30->198->117->151->54->193->31->164->73->136->105->190->80->46->162->175->78->142->45->5->7->61->79->91->58->77->97->186->153->81->14->50->111->68->8->56->104->157->171->82->87->21->177->123->25->158->112->19->121->116->51->98->118->74->85->2->182->138->11->49->33->160->39->29->12->0->109->35->37->41->119->159->143->106->124->62->128->110->86->166->194->88->176->180->26->103->163->89->165->127->114->137->75->76->48->52->179->172->57->66->94->154->47->148->60->23->20->59->28->101->149->4->140->199->9->22->185->95->174->55->34->170->152",4
TSPB,RegretCycle,69,24260403,174,45576,28104,32658,17472,outputs\runs\regret_cycle\TSPB\run_069.txt,"79->91->87->82->8->68->111->41->14->50->58->77->97->186->153->119->159->143->124->106->129->163->165->127->89->103->26->114->137->75->76->48->166->194->88->180->176->86->110->128->62->18->83->181->95->130->22->179->52->172->57->66->94->154->47->148->60->23->20->59->28->101->149->4->199->140->183->174->55->34->170->152->53->184->155->84->3->70->161->132->13->126->195->145->15->189->167->69->109->35->0->12->29->39->160->33->49->11->139->182->138->144->56->104->157->171->177->123->25->158->112->19->121->116->118->74->85->2->43->169->65->188->6->150->192->98->51->120->67->71->191->125->90->178->10->133->44->17->100->63->96->32->102->38->27->16->197->1->24->156->198->117->30->42->196->80->190->105->193->151->54->31->164->73->136->162->46->175->78->142->45->5->7->61",4
TSPB,RegretCycle,70,24260404,172,45257,26862,32368,18395,outputs\runs\regret_cycle\TSPB\run_070.txt,"6->188->65->169->132->13->126->195->145->15->3->161->70->84->155->189->167->184->53->152->170->34->55->174->183->9->199->140->4->149->101->28->59->20->23->60->148->47->154->94->66->57->172->52->179->22->130->95->181->83->18->62->124->128->110->86->176->180->88->194->166->48->76->75->137->114->127->165->89->103->26->163->129->143->159->119->153->186->97->77->58->82->87->8->104->56->144->68->111->50->14->41->37->35->109->0->12->29->39->160->33->49->138->182->11->139->2->85->74->118->98->51->116->121->19->112->158->25->171->123->177->91->79->61->7->5->45->142->78->175->162->46->80->190->105->136->73->164->193->31->54->151->117->198->30->42->156->24->1->197->16->27->38->102->32->96->63->100->17->44->133->10->178->191->90->125->120->67->71->147->192->150",4
TSPB,RegretCycle,71,24260405,167,45053,26319,32089,18734,outputs\runs\regret_cycle\TSPB\run_071.txt,"63->102->38->27->16->197->1->24->156->42->196->105->190->80->46->162->175->78->142->45->136->73->164->54->31->193->117->30->198->151->19->112->121->116->98->118->74->85->2->139->182->138->11->49->33->160->39->29->12->0->35->109->69->18->62->128->124->106->143->159->119->81->14->41->111->68->8->56->104->157->171->25->123->177->7->61->79->91->87->82->58->77->97->153->186->163->26->103->89->165->127->114->137->75->76->48->166->194->88->180->176->86->110->95->130->22->179->52->172->57->66->94->154->47->148->60->23->20->59->28->101->149->4->140->199->9->183->174->55->34->170->152->53->184->167->189->155->84->70->161->3->15->145->195->126->13->132->169->65->188->6->150->192->147->71->67->120->51->125->90->191->178->10->133->44->17->100",4
TSPB,RegretCycle,72,24260406,177,46191,27851,31646,18340,outputs\runs\regret_cycle\TSPB\run_072.txt,"155->167->189->69->29->39->12->0->109->35->37->41->111->68->82->87->8->104->56->144->160->33->49->11->139->182->138->157->171->177->123->25->158->19->112->121->131->125->90->191->71->67->120->51->98->118->74->85->2->43->168->195->126->13->145->15->3->70->161->132->169->65->188->6->150->192->147->115->178->10->133->44->17->100->63->102->38->27->16->197->1->24->156->42->196->80->190->105->193->117->30->198->151->54->31->164->73->136->162->46->175->78->142->45->5->7->61->79->91->141->97->77->58->50->14->81->119->159->143->124->106->129->186->153->165->163->89->127->103->26->114->137->75->76->48->166->194->88->180->176->86->110->128->62->18->83->181->95->130->22->179->52->172->57->66->94->154->47->148->60->23->20->59->28->101->149->4->199->140->183->174->55->34->170->152->53->184",4
TSPB,RegretCycle,73,24260407,171,45272,27349,32679,17923,outputs\runs\regret_cycle\TSPB\run_073.txt,"110->128->124->62->18->55->34->170->152->53->184->167->189->155->84->70->161->3->15->145->195->126->13->132->169->65->188->6->150->192->147->71->67->120->51->125->90->191->178->10->133->44->17->100->63->96->32->102->38->27->16->197->1->24->156->198->117->30->42->196->80->190->105->136->162->46->175->78->142->45->5->7->177->123->171->25->173->73->164->193->31->54->151->19->112->121->116->98->118->74->85->2->139->182->138->11->49->33->160->144->56->104->8->68->111->39->29->12->0->109->35->37->41->14->50->58->82->87->21->61->79->91->141->77->97->153->186->119->159->143->129->163->165->127->89->103->26->114->137->75->76->194->88->180->176->166->52->179->172->57->66->94->154->47->148->60->23->20->59->28->101->149->4->199->140->174->183->9->22->185->95",3
TSPB,RegretCycle,74,24260408,165,44431,26671,33078,17760,outputs\runs\regret_cycle\TSPB\run_074.txt,"109->12->29->39->160->33->49->11->139->182->138->144->56->104->157->171->177->7->5->45->142->78->175->46->162->136->173->123->25->158->116->121->112->19->151->198->30->117->193->54->31->164->73->105->190->80->196->42->156->24->1->197->16->27->38->102->63->100->17->44->133->10->178->191->90->125->51->120->67->71->147->192->150->6->188->65->169->132->13->126->195->145->15->3->161->70->84->155->184->167->189->53->152->170->34->55->18->62->128->124->110->95->185->22->9->183->174->140->199->4->149->101->28->59->20->23->60->148->47->154->94->66->57->172->179->52->166->88->176->180->194->76->75->137->114->127->165->89->103->26->163->186->153->119->159->143->14->50->58->77->97->141->91->79->61->21->87->82->8->68->111->41->37->35->0",3
TSPB,RegretCycle,75,24260409,176,45873,27772,32721,18101,outputs\runs\regret_cycle\TSPB\run_075.txt,"2->139->11->182->138->49->33->160->144->56->104->8->87->82->68->111->41->37->35->0->12->39->29->109->69->167->189->15->145->195->126->13->132->169->188->65->161->70->3->84->155->184->53->152->170->34->55->18->62->83->174->183->140->199->4->149->101->28->59->20->23->60->148->47->154->94->66->57->172->52->179->22->130->95->86->110->128->64->176->180->88->194->166->48->76->75->137->114->26->103->127->89->163->165->153->186->129->106->124->143->159->119->81->14->50->58->77->97->141->91->79->61->7->5->45->142->78->175->162->46->80->190->105->136->173->123->177->171->25->158->116->121->112->19->151->54->73->164->31->193->117->198->30->42->156->24->1->197->16->27->38->102->32->96->63->100->17->44->133->10->178->115->147->192->150->71->67->120->191->90->125->51->98->118->74->85",4
TSPB,RegretCycle,76,24260410,178,46046,28570,32500,17476,outputs\runs\regret_cycle\TSPB\run_076.txt,"57->66->94->154->47->148->60->23->20->59->28->101->149->4->199->140->183->174->55->34->170->152->53->184->167->189->155->84->3->70->161->15->145->195->126->13->132->169->65->188->6->150->192->147->71->67->120->51->85->2->74->118->98->116->158->173->73->164->31->54->151->19->112->121->131->125->90->191->178->10->133->44->17->100->63->96->32->102->38->27->16->197->1->24->156->198->117->193->30->42->196->80->190->105->136->162->46->175->78->142->45->5->7->61->79->91->87->21->177->123->25->171->157->104->56->144->138->182->139->11->49->33->160->39->29->12->0->109->35->37->41->111->68->8->82->58->50->14->81->77->97->186->153->119->159->143->124->106->129->163->165->127->89->103->26->114->137->75->76->48->166->194->88->180->176->86->110->128->62->18->83->181->95->130->22->179->52->172",5
TSPB,RegretCycle,77,24260411,167,44852,27080,33279,17772,outputs\runs\regret_cycle\TSPB\run_077.txt,"110->128->124->106->143->159->119->81->14->41->111->37->35->109->0->12->29->39->160->33->49->138->182->11->139->74->118->98->85->2->43->168->195->126->13->145->15->3->70->161->132->169->65->188->6->150->192->147->71->67->120->51->125->90->191->178->10->133->44->17->100->63->96->32->102->38->27->16->197->1->131->121->112->19->151->73->164->54->31->193->117->30->198->24->156->42->196->105->190->80->46->162->175->78->142->45->5->7->61->79->91->87->21->177->123->25->171->157->104->56->8->68->82->58->77->97->153->186->163->26->103->89->165->127->114->137->75->76->194->180->176->88->166->52->179->172->57->66->94->154->47->60->23->148->22->185->95->9->199->59->28->101->149->4->140->183->174->53->184->155->167->189->69->34->55->18->62",3
TSPB,RegretCycle,78,24260412,168,44910,27146,32855,17764,outputs\runs\regret_cycle\TSPB\run_078.txt,"11->49->29->109->35->0->12->39->160->33->144->56->104->157->171->177->123->25->158->116->121->112->19->173->136->105->73->164->54->31->193->117->30->198->151->131->125->90->191->51->120->67->71->178->10->133->44->17->100->63->96->32->102->38->27->16->197->1->24->156->42->196->190->80->46->162->175->78->142->45->5->7->61->79->91->141->77->81->14->50->58->82->87->8->68->111->41->143->159->119->106->124->62->128->110->95->130->22->185->86->176->180->88->194->113->26->103->163->89->165->127->114->137->75->76->48->166->52->179->172->57->66->94->154->47->148->60->23->20->59->28->101->149->4->199->140->183->174->55->34->170->152->53->189->167->184->155->84->70->161->3->15->145->195->126->13->132->169->65->188->6->150->192->85->2->139->182->138",3
TSPB,RegretCycle,79,24260413,172,45105,27462,33293,17643,outputs\runs\regret_cycle\TSPB\run_079.txt,"7->5->45->142->78->175->162->46->80->190->105->196->42->30->117->198->156->24->1->197->16->27->38->102->32->96->63->100->17->44->133->10->178->115->147->192->150->71->67->120->191->90->125->51->98->116->121->112->19->151->54->31->193->164->73->136->173->25->123->177->21->87->171->157->104->56->8->68->111->41->37->35->109->0->12->29->39->160->33->49->138->182->11->139->2->85->134->43->168->195->13->126->188->65->169->132->161->70->145->15->3->84->155->189->167->184->53->152->170->34->55->174->183->140->199->4->149->101->28->59->20->23->60->148->47->154->94->66->57->172->179->52->48->194->166->86->185->22->130->95->110->128->62->124->143->159->119->176->180->88->113->26->103->114->137->127->165->89->163->186->153->81->14->50->82->58->77->97->141->91->79->61",3
TSPB,RegretCycle,80,24260414,170,44948,26286,32399,18662,outputs\runs\regret_cycle\TSPB\run_080.txt,"160->39->29->12->0->109->35->37->41->111->50->14->81->77->97->153->186->119->159->143->106->124->128->110->86->176->180->88->194->113->26->103->163->89->165->127->114->137->75->76->48->166->52->172->179->185->95->130->22->57->66->94->154->47->148->60->23->20->59->28->101->149->4->199->140->183->174->83->62->18->55->34->170->152->53->184->167->189->155->84->3->70->161->15->145->13->126->132->169->65->188->6->150->192->147->71->67->120->125->90->191->178->10->133->44->17->100->63->102->38->27->16->197->1->24->156->42->30->198->117->151->54->193->31->164->73->136->105->190->80->46->162->175->78->142->45->5->7->61->79->91->87->58->82->68->8->56->104->157->171->177->123->25->158->19->112->121->116->51->98->118->74->85->2->139->182->138->11->49->33",4
TSPB,RegretCycle,81,24260415,174,45546,27529,32800,18017,outputs\runs\regret_cycle\TSPB\run_081.txt,"130->95->181->83->18->62->124->128->110->86->176->180->88->194->166->48->76->75->137->114->26->103->163->89->127->165->186->153->119->159->143->14->50->58->77->97->141->91->79->61->21->87->82->68->8->104->56->144->111->41->37->35->109->0->12->29->39->160->33->49->11->138->182->157->171->25->158->121->112->19->151->54->31->193->164->73->105->136->173->123->177->7->5->45->142->78->175->162->46->80->190->196->42->30->117->198->156->24->1->197->16->27->38->102->32->96->63->100->17->44->133->10->178->115->147->192->150->71->67->120->191->90->125->51->98->118->74->85->2->6->188->65->169->132->13->126->195->145->15->3->161->70->84->155->189->167->184->53->152->170->34->55->174->183->140->199->4->149->101->28->59->20->23->60->148->47->154->94->66->57->172->52->179->22",3
TSPB,RegretCycle,82,24260416,168,44921,26729,32925,18192,outputs\runs\regret_cycle\TSPB\run_082.txt,"112->19->151->54->31->117->198->30->193->164->73->136->105->162->46->80->190->196->42->156->24->1->197->16->27->38->102->32->96->63->100->17->44->133->10->178->115->147->192->150->6->188->65->169->132->126->13->161->70->3->15->145->189->167->155->184->53->152->170->34->55->18->62->143->159->119->106->124->128->110->86->95->174->183->140->199->4->149->101->28->59->20->23->60->148->22->179->66->94->154->57->172->52->166->48->76->75->137->114->127->165->89->163->103->26->113->194->88->180->176->129->186->153->97->77->58->82->87->91->79->61->7->78->175->142->45->5->177->123->25->171->157->104->56->8->68->111->50->14->41->37->35->109->0->12->29->39->160->33->49->11->138->182->139->2->85->74->118->98->51->120->67->71->191->90->125->116->121",4
TSPB,RegretCycle,83,24260417,171,44918,26531,33090,18387,outputs\runs\regret_cycle\TSPB\run_083.txt,"156->42->16->27->38->102->32->96->63->100->17->44->133->10->178->90->125->191->71->67->120->51->98->116->121->19->112->158->118->74->182->138->11->139->2->85->192->150->6->188->65->169->132->13->126->195->145->15->3->161->70->84->155->189->167->184->53->152->170->34->55->18->62->143->159->119->106->124->128->110->86->185->22->130->95->174->183->140->199->4->149->101->28->59->20->23->60->148->47->154->94->66->57->172->179->52->166->194->76->75->137->114->113->88->176->180->26->103->89->127->165->163->186->153->97->77->58->91->79->61->21->87->82->8->68->111->50->14->41->37->35->109->0->12->39->29->49->33->160->144->56->104->157->171->25->123->177->7->5->45->142->78->175->162->46->80->190->105->136->73->164->31->193->54->151->117->30->198->1->197->24",4
TSPB,RegretCycle,84,24260418,174,45576,28104,32658,17472,outputs\runs\regret_cycle\TSPB\run_084.txt,"79->91->87->82->8->68->111->41->14->50->58->77->97->186->153->119->159->143->124->106->129->163->165->127->89->103->26->114->137->75->76->48->166->194->88->180->176->86->110->128->62->18->83->181->95->130->22->179->52->172->57->66->94->154->47->148->60->23->20->59->28->101->149->4->199->140->183->174->55->34->170->152->53->184->155->84->3->70->161->132->13->126->195->145->15->189->167->69->109->35->0->12->29->39->160->33->49->11->139->182->138->144->56->104->157->171->177->123->25->158->112->19->121->116->118->74->85->2->43->169->65->188->6->150->192->98->51->120->67->71->191->125->90->178->10->133->44->17->100->63->96->32->102->38->27->16->197->1->24->156->198->117->30->42->196->80->190->105->193->151->54->31->164->73->136->162->46->175->78->142->45->5->7->61",4
TSPB,RegretCycle,85,24260419,174,45472,27686,32477,17786,outputs\runs\regret_cycle\TSPB\run_085.txt,"105->190->80->196->42->30->193->31->164->73->54->151->117->198->156->24->1->197->16->27->38->102->32->96->63->100->17->44->133->10->178->115->147->192->150->6->85->2->43->168->195->126->169->188->65->132->13->145->15->3->161->70->84->155->189->167->184->53->152->170->34->55->18->62->83->174->183->140->199->4->149->101->28->59->20->23->60->148->47->154->94->66->57->172->52->179->22->130->95->86->110->128->64->176->180->88->194->166->48->76->75->137->114->127->165->89->103->26->163->186->153->97->77->58->82->87->91->79->61->7->78->175->142->46->162->45->5->177->123->25->171->157->104->56->8->68->111->41->14->81->119->106->124->143->159->37->35->109->0->12->29->39->160->33->49->11->138->182->74->118->98->51->120->67->71->191->90->125->131->121->112->19->173->136",5
TSPB,RegretCycle,86,24260420,170,44948,26286,32399,18662,outputs\runs\regret_cycle\TSPB\run_086.txt,"33->49->11->138->182->139->2->85->74->118->98->51->116->121->112->19->158->25->123->177->171->157->104->56->8->68->82->58->87->91->79->61->7->5->45->142->78->175->162->46->80->190->105->136->73->164->31->193->54->151->117->198->30->42->156->24->1->197->16->27->38->102->63->100->17->44->133->10->178->191->90->125->120->67->71->147->192->150->6->188->65->169->132->126->13->145->15->161->70->3->84->155->189->167->184->53->152->170->34->55->18->62->83->174->183->140->199->4->149->101->28->59->20->23->60->148->47->154->94->66->57->22->130->95->185->179->172->52->166->48->76->75->137->114->127->165->89->163->103->26->113->194->88->180->176->86->110->128->124->106->143->159->119->186->153->97->77->81->14->50->111->41->37->35->109->0->12->29->39->160",3
TSPB,RegretCycle,87,24260421,173,45734,27495,32917,18239,outputs\runs\regret_cycle\TSPB\run_087.txt,"58->77->97->141->91->79->61->7->177->123->5->45->142->78->175->162->46->80->190->105->136->73->164->193->31->54->151->117->198->30->42->156->24->1->197->16->27->38->102->32->96->63->100->17->44->133->10->178->115->147->192->150->71->67->120->191->90->125->131->121->112->19->25->158->116->51->98->118->74->182->138->11->139->2->85->6->188->65->169->132->13->126->195->145->15->3->161->70->84->155->189->167->184->53->152->170->34->55->18->62->83->174->183->140->199->4->149->101->28->59->20->23->60->148->47->154->94->66->57->172->52->179->22->130->95->181->128->110->86->176->180->88->194->166->48->76->75->137->114->26->103->127->89->163->165->186->153->119->106->124->143->159->41->111->37->35->0->109->29->12->39->49->33->160->144->68->8->56->104->157->171->87->82",4
TSPB,RegretCycle,88,24260422,174,45523,27580,32248,17943,outputs\runs\regret_cycle\TSPB\run_088.txt,"182->139->2->85->74->118->98->116->121->112->19->151->198->30->117->193->54->31->164->73->173->25->171->157->104->56->8->68->111->41->14->81->153->186->97->77->58->82->87->91->79->61->7->177->123->5->45->142->78->175->46->162->136->105->190->80->196->42->156->24->1->197->16->27->38->102->32->96->63->100->17->44->133->10->178->191->90->125->51->120->67->71->147->192->150->6->188->65->169->132->13->126->195->145->15->3->161->70->84->155->184->167->189->69->34->170->152->53->174->183->140->199->4->149->101->28->59->20->23->60->148->47->154->94->66->57->172->179->52->166->48->76->75->137->114->127->165->89->163->103->26->113->194->88->180->176->64->110->86->185->22->130->95->181->55->18->62->128->124->106->119->159->143->35->109->0->12->29->39->160->33->49->11->138",4
TSPB,RegretCycle,89,24260423,173,45429,27792,33041,17637,outputs\runs\regret_cycle\TSPB\run_089.txt,"7->5->45->142->78->175->162->46->80->190->196->42->156->24->1->197->16->27->38->102->32->96->63->100->17->44->133->10->178->191->90->125->120->67->71->147->192->150->6->188->65->169->132->13->126->195->145->15->3->161->70->84->155->184->167->189->53->152->170->34->55->18->62->124->128->110->86->185->22->130->95->9->183->174->140->199->4->149->101->28->59->20->23->60->148->47->154->94->66->57->172->179->52->166->194->76->75->137->114->113->88->176->180->26->103->89->127->165->163->129->143->159->119->153->186->97->77->58->82->87->8->68->111->50->14->41->37->35->109->0->12->29->39->49->33->160->144->56->104->171->157->138->182->11->139->2->85->74->118->98->51->116->121->112->19->151->198->30->117->193->54->31->164->73->105->136->173->25->123->177->91->79->61",3
TSPB,RegretCycle,90,24260424,167,45053,26319,32089,18734,outputs\runs\regret_cycle\TSPB\run_090.txt,"100->17->44->133->10->178->191->90->125->51->120->67->71->147->192->150->6->188->65->169->132->13->126->195->145->15->3->161->70->84->155->189->167->184->53->152->170->34->55->174->183->9->199->140->4->149->101->28->59->20->23->60->148->47->154->94->66->57->172->52->179->22->130->95->110->86->176->180->88->194->166->48->76->75->137->114->127->165->89->103->26->163->186->153->97->77->58->82->87->91->79->61->7->177->123->25->171->157->104->56->8->68->111->41->14->81->119->159->143->106->124->128->62->18->69->109->35->0->12->29->39->160->33->49->11->138->182->139->2->85->74->118->98->116->121->112->19->151->198->30->117->193->54->31->164->73->136->45->142->78->175->162->46->80->190->105->196->42->156->24->1->197->16->27->38->102->63",4
TSPB,RegretCycle,91,24260425,170,44948,26286,32399,18662,outputs\runs\regret_cycle\TSPB\run_091.txt,"160->39->29->12->0->109->35->37->41->111->50->14->81->77->97->153->186->119->159->143->106->124->128->110->86->176->180->88->194->113->26->103->163->89->165->127->114->137->75->76->48->166->52->172->179->185->95->130->22->57->66->94->154->47->148->60->23->20->59->28->101->149->4->199->140->183->174->83->62->18->55->34->170->152->53->184->167->189->155->84->3->70->161->15->145->13->126->132->169->65->188->6->150->192->147->71->67->120->125->90->191->178->10->133->44->17->100->63->102->38->27->16->197->1->24->156->42->30->198->117->151->54->193->31->164->73->136->105->190->80->46->162->175->78->142->45->5->7->61->79->91->87->58->82->68->8->56->104->157->171->177->123->25->158->19->112->121->116->51->98->118->74->85->2->139->182->138->11->49->33",3
TSPB,RegretCycle,92,24260426,174,45428,26687,32058,18741,outputs\runs\regret_cycle\TSPB\run_092.txt,"84->70->161->3->15->145->195->126->13->132->169->65->188->6->150->192->147->71->67->120->125->90->191->178->10->133->44->17->100->63->96->32->102->38->27->16->197->1->24->151->73->164->54->31->193->117->198->30->156->42->196->105->190->80->46->162->175->78->142->45->5->7->177->123->171->25->158->112->19->121->116->51->98->118->74->85->2->139->182->138->11->49->33->160->39->29->12->0->109->35->37->41->111->144->56->104->8->68->82->87->21->61->79->91->141->97->77->58->50->14->81->153->186->119->159->143->106->124->128->110->95->130->22->185->86->166->194->88->176->180->26->103->163->89->165->127->114->137->75->76->48->52->179->172->57->66->94->154->47->148->60->23->20->59->28->101->149->4->199->140->183->174->83->62->18->55->34->170->152->53->184->167->189->155",3
TSPB,RegretCycle,93,24260427,165,44431,26671,33078,17760,outputs\runs\regret_cycle\TSPB\run_093.txt,"109->12->29->39->160->33->49->11->139->182->138->144->56->104->157->171->177->7->5->45->142->78->175->46->162->136->173->123->25->158->116->121->112->19->151->198->30->117->193->54->31->164->73->105->190->80->196->42->156->24->1->197->16->27->38->102->63->100->17->44->133->10->178->191->90->125->51->120->67->71->147->192->150->6->188->65->169->132->13->126->195->145->15->3->161->70->84->155->184->167->189->53->152->170->34->55->18->62->128->124->110->95->185->22->9->183->174->140->199->4->149->101->28->59->20->23->60->148->47->154->94->66->57->172->179->52->166->88->176->180->194->76->75->137->114->127->165->89->103->26->163->186->153->119->159->143->14->50->58->77->97->141->91->79->61->21->87->82->8->68->111->41->37->35->0",4
TSPB,RegretCycle,94,24260428,175,45696,27610,32707,18086,outputs\runs\regret_cycle\TSPB\run_094.txt,"37->35->109->0->12->39->29->143->159->119->106->124->128->62->18->83->181->95->130->22->185->86->110->64->176->180->88->194->113->26->103->163->186->153->165->89->127->114->137->75->76->48->166->52->179->172->57->66->94->154->47->148->60->23->20->59->28->101->149->4->140->199->9->183->174->55->34->170->152->53->184->167->189->155->84->70->161->3->15->145->195->126->13->132->169->65->188->6->150->192->85->2->139->182->138->11->49->33->160->144->56->104->157->171->87->21->177->123->25->173->151->19->112->121->116->98->51->120->67->71->191->125->90->178->10->133->44->17->100->63->96->32->102->38->27->16->197->1->24->156->42->30->198->117->193->54->31->164->73->136->105->190->80->46->162->175->78->142->45->5->7->61->79->91->141->97->77->58->82->8->68->50->14->41->111",4
TSPB,RegretCycle,95,24260429,168,45119,27245,33445,17874,outputs\runs\regret_cycle\TSPB\run_095.txt,"63->102->32->135->131->121->112->19->151->73->164->54->31->193->117->198->30->156->24->1->197->16->38->27->42->196->105->136->190->80->46->162->175->78->142->45->5->7->177->123->171->25->158->116->98->118->74->85->2->182->138->11->49->29->109->35->0->12->39->160->33->144->56->104->8->68->82->87->21->61->79->91->141->97->77->58->50->111->41->14->81->153->186->163->165->127->89->103->26->114->137->75->76->48->166->52->179->172->57->66->94->154->47->60->23->148->22->130->95->86->110->64->176->180->88->194->129->119->159->143->106->124->128->62->18->55->174->183->140->199->59->28->101->149->4->53->184->155->167->189->145->15->3->70->161->13->126->132->169->65->188->6->150->192->147->71->67->120->51->125->90->191->178->10->133->44->17->100",3
TSPB,RegretCycle,96,24260430,166,45002,26350,33110,18652,outputs\runs\regret_cycle\TSPB\run_096.txt,"186->163->26->103->89->165->127->114->137->75->76->194->180->176->88->166->52->179->172->57->66->94->154->47->148->60->23->20->59->28->101->149->4->199->140->174->183->9->22->185->95->110->86->64->119->159->143->124->128->62->18->55->34->170->152->53->184->167->189->155->84->3->70->161->15->145->13->126->132->169->65->188->6->150->192->85->2->139->182->138->11->49->33->160->39->29->12->0->109->35->37->41->111->68->8->56->104->157->171->87->21->177->123->25->158->19->112->121->116->98->51->120->67->71->191->125->90->178->10->133->44->17->100->63->102->38->27->16->197->1->24->156->42->30->198->117->151->54->193->31->164->73->136->105->190->80->46->162->175->78->142->45->5->7->61->79->91->141->97->77->58->82->50->14->81->153",3
TSPB,RegretCycle,97,24260431,175,45921,27940,32859,17981,outputs\runs\regret_cycle\TSPB\run_097.txt,"12->29->39->160->49->33->144->111->68->8->56->104->157->171->87->21->177->123->25->182->138->11->139->2->85->134->43->168->195->126->13->145->15->189->167->184->155->84->3->70->161->132->169->65->188->6->150->192->147->71->67->120->51->98->116->121->112->19->131->125->90->191->178->10->133->44->17->100->63->96->32->102->38->27->16->197->1->24->156->42->30->198->117->151->54->193->31->164->73->136->105->190->80->46->162->175->78->142->45->5->7->61->79->91->141->97->77->58->82->50->14->81->153->186->165->89->127->114->137->75->76->48->166->194->88->176->180->26->103->163->64->110->86->95->185->52->172->179->22->57->66->94->154->47->148->60->23->20->59->28->101->149->4->199->140->183->174->53->152->170->34->55->18->62->128->124->106->143->159->119->41->37->35->109->0",4
TSPB,RegretCycle,98,24260432,174,45729,28022,32382,17707,outputs\runs\regret_cycle\TSPB\run_098.txt,"63->102->38->27->16->197->1->131->121->116->158->25->112->19->151->73->164->54->31->193->117->30->198->24->156->42->196->105->190->80->46->162->175->78->142->45->5->123->177->7->61->79->91->141->77->97->186->153->119->159->143->124->106->129->163->26->103->89->165->127->114->137->75->76->48->166->194->88->180->176->86->110->128->181->95->130->22->179->52->172->57->66->94->154->47->148->60->23->20->59->28->101->149->4->199->140->183->174->83->62->18->55->34->170->152->53->184->155->167->189->69->29->39->12->0->109->35->37->111->41->14->50->58->87->82->68->8->56->104->171->157->182->138->33->160->49->11->139->74->118->98->85->2->43->168->195->126->13->145->15->3->70->161->132->169->65->188->6->150->192->147->71->67->120->51->125->90->191->178->10->133->44->17->100",3
TSPB,RegretCycle,99,24260433,171,45583,27183,33005,18400,outputs\runs\regret_cycle\TSPB\run_099.txt,"85->139->11->138->182->2->74->118->98->116->121->112->19->131->125->51->120->67->71->191->90->178->10->133->44->17->100->63->96->32->102->38->27->16->197->1->24->156->42->30->198->117->151->54->193->31->164->73->136->105->190->80->46->162->175->78->142->45->5->7->177->123->25->171->157->104->56->144->160->33->49->29->39->12->0->109->35->37->159->143->124->106->119->41->111->68->8->58->82->87->21->61->79->91->141->77->97->153->186->163->26->103->89->165->127->114->137->75->76->48->166->194->88->180->176->64->128->110->86->95->130->22->179->52->172->57->66->94->154->47->148->60->23->20->59->28->101->149->4->140->199->9->183->174->83->62->18->55->34->170->152->53->184->167->189->155->84->3->70->161->15->145->13->126->132->169->65->188->6->150->192",4
TSPB,RegretCycle,100,24260434,167,44675,26044,32685,18631,outputs\runs\regret_cycle\TSPB\run_100.txt,"71->191->125->90->178->10->133->44->17->100->63->96->32->102->38->27->16->197->1->24->156->42->196->105->190->80->46->162->175->78->142->45->136->73->164->54->31->193->117->30->198->151->19->112->121->158->25->123->177->7->61->79->91->87->171->157->138->182->139->11->49->33->160->39->29->12->0->109->35->143->159->119->41->111->144->56->104->8->68->82->58->50->14->81->77->97->153->186->163->26->103->89->165->127->114->137->75->76->48->166->194->88->180->176->64->124->128->110->86->95->130->22->179->52->172->57->66->94->154->47->148->60->23->20->59->28->101->149->4->199->140->183->174->83->62->18->55->34->170->152->53->184->167->189->155->84->70->161->3->15->145->13->126->169->65->188->6->150->192->85->2->74->118->98->51->120->67",4
TSPB,LS_Steepest_Edge_Random,1,25260338,155,42768,24250,24250,18518,outputs\runs\ls_steepest_edge_random\TSPB\run_001.txt,"198->131->125->90->191->71->67->120->51->98->116->121->112->19->151->117->193->54->31->164->73->136->105->190->80->46->162->45->142->175->78->5->7->177->123->171->25->182->138->33->160->144->56->104->8->68->82->87->58->77->50->111->41->143->159->119->153->186->163->165->127->89->103->26->180->176->88->194->166->86->110->95->185->22->179->52->172->57->66->94->154->47->148->60->23->20->59->28->101->149->4->199->140->183->174->55->18->62->128->124->34->170->152->53->184->155->167->189->69->109->35->0->12->39->29->49->11->139->168->195->126->13->145->15->3->70->161->65->188->169->43->2->85->6->150->192->147->115->178->10->133->44->17->100->63->102->38->27->16->197->1->24->156->42->30",51
TSPB,LS_Steepest_Edge_Random,2,25260339,158,43969,25987,25987,17982,outputs\runs\ls_steepest_edge_random\TSPB\run_002.txt,"176->88->194->166->86->110->128->83->55->18->62->124->106->143->159->119->41->111->37->35->0->12->144->56->104->157->171->123->177->21->87->8->68->82->58->77->97->141->91->79->61->7->5->45->142->78->175->162->46->80->190->105->136->73->164->54->31->193->30->156->42->16->27->38->197->1->24->198->117->151->19->112->121->131->125->51->120->67->71->191->90->122->32->102->63->100->17->44->133->10->178->115->147->192->150->6->188->65->169->132->161->70->3->15->145->13->126->43->2->85->98->116->158->25->182->138->11->49->33->160->39->29->109->69->189->167->155->184->53->174->183->140->4->149->101->28->59->199->9->95->185->22->179->57->172->52->48->76->75->137->114->127->165->89->163->103->26->180",57
TSPB,LS_Steepest_Edge_Random,3,25260340,149,42010,23900,23900,18110,outputs\runs\ls_steepest_edge_random\TSPB\run_003.txt,"151->19->112->121->131->1->197->16->27->38->102->63->100->17->44->133->10->178->191->90->125->51->98->120->67->71->147->192->150->6->188->65->169->132->15->3->161->70->84->155->184->53->174->183->9->199->140->4->149->101->28->59->20->148->47->154->94->66->22->179->57->172->52->166->194->113->26->103->89->127->165->163->180->176->88->86->110->128->124->62->18->55->34->69->167->189->145->13->126->43->2->139->11->49->33->138->182->25->171->157->104->56->144->160->39->29->12->0->109->35->37->41->111->68->8->87->82->58->77->97->141->91->79->61->7->177->123->5->45->142->78->175->162->46->80->190->105->136->73->164->54->31->193->117->30->42->156->24->198",53
TSPB,LS_Steepest_Edge_Random,4,25260341,150,41993,23672,23672,18321,outputs\runs\ls_steepest_edge_random\TSPB\run_004.txt,"177->123->5->45->142->78->175->162->46->80->190->105->136->73->164->31->54->193->117->30->42->16->27->38->197->1->24->156->198->151->19->112->121->131->125->90->191->71->67->120->51->98->118->74->2->85->192->150->6->188->65->169->132->126->13->161->70->3->15->145->189->167->69->29->109->35->0->12->39->160->33->49->11->138->182->25->171->157->104->56->144->68->8->87->82->58->50->111->41->143->159->119->129->180->176->88->194->166->179->22->185->95->86->110->128->124->62->18->55->174->183->140->199->4->149->101->28->59->20->23->60->148->47->154->94->66->57->172->52->48->76->75->137->114->26->103->89->127->165->163->186->153->81->77->97->141->91->79->61->7",53
TSPB,LS_Steepest_Edge_Random,5,25260342,157,43297,25720,25720,17577,outputs\runs\ls_steepest_edge_random\TSPB\run_005.txt,"100->63->102->38->27->16->197->1->156->42->196->105->190->80->46->162->175->78->142->45->136->73->164->193->31->54->151->117->30->198->24->131->125->90->191->71->67->120->51->98->116->121->112->19->158->25->171->123->177->7->61->79->91->141->97->77->58->82->87->104->56->8->68->111->41->119->159->143->106->124->64->88->176->180->163->165->127->89->103->26->113->194->166->86->185->179->52->172->57->66->94->154->47->148->60->23->20->59->9->22->130->95->110->128->62->18->55->174->183->140->199->28->101->149->4->53->184->155->167->189->3->70->161->15->145->69->109->35->0->12->39->29->49->160->33->138->182->11->139->2->43->126->13->132->169->65->188->6->150->192->147->115->178->10->133->44->17",53
TSPB,LS_Steepest_Edge_Random,6,25260343,150,42197,24781,24781,17416,outputs\runs\ls_steepest_edge_random\TSPB\run_006.txt,"112->121->131->122->100->17->44->133->10->178->191->90->125->51->98->120->67->71->147->192->150->85->2->134->6->188->65->169->132->161->70->15->3->84->155->184->53->4->149->101->28->59->199->140->183->174->55->18->62->128->110->86->95->185->22->179->57->172->52->166->194->88->176->180->26->103->127->165->89->163->186->153->81->14->41->119->159->143->106->124->34->69->167->189->145->13->126->195->168->139->11->49->29->109->35->0->12->39->160->33->138->182->25->123->177->171->157->104->56->8->68->82->87->58->77->97->141->91->79->61->7->5->78->175->142->45->162->46->80->190->105->136->73->164->31->54->193->117->198->30->42->156->24->16->27->38->197->1->151->19",50
TSPB,LS_Steepest_Edge_Random,7,25260344,151,42675,24219,24219,18456,outputs\runs\ls_steepest_edge_random\TSPB\run_007.txt,"101->28->59->20->23->60->148->47->154->94->66->57->172->52->179->22->185->95->110->86->166->194->88->176->180->26->103->127->165->89->163->186->153->119->159->143->106->124->128->62->18->55->34->35->0->109->69->167->189->145->13->126->43->2->139->11->49->29->12->39->160->33->138->182->25->171->157->104->56->8->68->82->87->58->77->97->141->91->79->61->7->177->123->5->78->175->142->45->162->46->80->190->105->136->73->164->31->54->151->193->117->198->30->42->156->24->1->197->16->27->38->102->63->100->17->44->133->122->131->121->116->98->51->125->90->191->120->67->71->147->192->150->6->188->65->169->132->15->3->161->70->84->155->184->53->174->183->140->199->4->149",56
TSPB,LS_Steepest_Edge_Random,8,25260345,158,43437,25368,25368,18069,outputs\runs\ls_steepest_edge_random\TSPB\run_008.txt,"79->91->177->123->25->171->87->82->58->77->81->153->186->163->165->127->89->103->26->113->194->166->52->179->172->57->66->94->154->47->148->20->59->28->101->149->4->140->199->9->22->185->95->174->53->152->170->34->55->18->62->124->128->110->86->88->180->176->106->143->159->119->41->111->68->8->104->56->144->33->138->182->139->11->49->160->39->29->12->0->35->109->69->189->167->184->155->84->70->161->3->15->145->13->126->132->169->65->188->6->150->192->134->2->85->120->67->71->178->10->133->44->17->100->63->96->32->102->38->27->16->42->156->24->197->1->131->125->90->191->51->98->116->121->112->19->151->198->30->117->193->31->54->164->73->136->105->190->80->46->162->45->142->175->78->5->7->61",50
TSPB,LS_Steepest_Edge_Random,9,25260346,151,41674,24268,24268,17406,outputs\runs\ls_steepest_edge_random\TSPB\run_009.txt,"2->182->138->11->139->43->126->13->132->169->65->188->6->150->192->147->71->67->120->191->90->178->10->133->44->17->100->63->96->32->102->38->27->16->197->1->24->156->42->30->198->117->151->54->31->193->164->73->136->105->190->80->46->162->45->142->175->78->5->7->61->79->91->58->77->50->111->41->119->159->143->106->124->62->18->55->83->128->110->64->176->180->163->165->127->89->103->26->113->88->194->166->86->185->52->172->57->179->22->130->95->9->199->59->28->101->149->4->140->183->174->53->184->155->167->189->3->70->161->15->145->69->29->109->35->0->12->39->49->33->160->144->56->104->8->68->82->87->21->177->123->171->25->158->116->121->131->125->51->98->85",53
TSPB,LS_Steepest_Edge_Random,10,25260347,149,42775,25180,25180,17595,outputs\runs\ls_steepest_edge_random\TSPB\run_010.txt,"149->101->28->59->199->9->22->179->57->172->52->166->194->88->176->180->26->103->114->137->127->165->89->163->186->153->119->159->143->106->124->128->110->86->95->174->55->18->62->34->69->109->35->0->29->39->12->37->41->111->50->77->58->82->87->91->79->61->21->8->68->144->56->104->171->157->138->182->25->123->177->7->5->45->142->78->175->162->46->80->190->105->136->73->164->193->31->54->151->117->198->30->42->156->24->1->197->16->27->38->102->63->100->17->44->133->10->178->122->131->121->116->98->51->125->90->191->120->67->71->147->192->150->6->188->65->169->43->2->139->11->33->160->49->195->126->13->145->15->161->70->3->189->167->155->184->53->140->4",46
TSPB,LS_Steepest_Edge_Random,11,25260348,141,40895,22295,22295,18600,outputs\runs\ls_steepest_edge_random\TSPB\run_011.txt,"156->24->1->197->16->27->38->102->63->100->17->44->133->10->178->191->90->125->131->121->116->51->98->118->74->2->85->192->150->6->188->65->169->132->126->13->145->15->161->70->3->189->167->69->109->35->0->12->29->39->160->33->49->11->138->182->25->171->157->104->56->8->87->82->68->111->41->119->159->143->106->124->128->62->18->55->174->183->140->4->149->101->28->59->199->9->22->148->47->154->94->66->57->172->52->179->185->95->110->86->166->194->88->176->180->26->103->127->165->89->163->186->153->81->77->58->91->79->61->7->177->123->5->78->175->142->45->46->162->136->105->193->31->164->73->54->151->117->198->30->42",52
TSPB,LS_Steepest_Edge_Random,12,25260349,158,42732,25377,25377,17355,outputs\runs\ls_steepest_edge_random\TSPB\run_012.txt,"95->174->183->140->199->59->28->101->149->4->53->184->155->167->189->69->109->35->0->12->39->29->49->11->139->2->43->126->13->145->15->3->70->161->132->169->65->188->6->150->192->147->115->178->10->133->44->17->100->122->90->191->71->67->120->98->51->125->131->135->32->96->63->102->38->27->16->197->1->24->156->42->30->198->117->193->164->73->31->54->151->19->112->121->116->158->25->182->138->33->160->144->56->104->157->171->177->123->5->45->162->46->175->78->142->7->21->87->8->68->82->61->79->91->141->97->77->58->50->111->41->143->159->119->153->186->163->165->127->89->103->26->113->194->88->180->176->64->124->62->18->55->83->128->110->86->185->179->52->172->57->66->94->154->47->148->22->130",54
TSPB,LS_Steepest_Edge_Random,13,25260350,153,42382,23763,23763,18619,outputs\runs\ls_steepest_edge_random\TSPB\run_013.txt,"105->190->80->46->162->175->78->142->45->136->73->164->31->54->151->19->112->121->116->51->98->158->25->123->177->171->157->104->56->144->160->33->49->29->39->12->0->35->109->69->34->55->18->62->128->124->106->143->159->119->41->111->68->8->82->87->21->61->79->91->58->77->81->153->186->163->165->127->89->103->26->180->176->88->194->166->86->110->95->185->22->179->52->172->57->66->94->154->47->148->20->59->28->101->149->4->199->140->183->174->53->184->155->167->189->3->70->161->15->145->13->126->195->168->11->138->182->139->2->43->169->65->188->6->150->192->147->71->67->120->125->90->191->178->10->133->44->17->100->63->102->38->27->16->197->1->24->156->42->30->198->117->193",55
TSPB,LS_Steepest_Edge_Random,14,25260351,156,42962,24114,24114,18848,outputs\runs\ls_steepest_edge_random\TSPB\run_014.txt,"185->22->179->52->172->57->66->94->154->47->148->60->23->20->59->28->101->149->4->140->199->9->95->110->128->62->18->55->34->170->152->53->184->155->167->189->145->15->3->70->161->132->13->126->169->65->188->6->150->192->147->71->67->120->98->51->125->90->191->178->10->133->44->17->100->63->102->32->135->131->121->112->19->151->198->156->24->1->197->38->27->16->42->30->117->193->31->54->164->73->136->105->190->80->46->162->45->142->175->78->5->123->177->7->61->79->91->141->97->77->81->14->41->111->50->58->82->68->144->56->104->8->87->171->25->182->138->11->49->33->160->39->29->12->0->109->35->143->159->124->106->119->153->186->163->165->127->89->103->26->180->176->88->194->166->86",55
TSPB,LS_Steepest_Edge_Random,15,25260352,158,44022,25154,25154,18868,outputs\runs\ls_steepest_edge_random\TSPB\run_015.txt,"103->89->127->165->163->186->153->119->159->143->35->37->41->111->50->77->97->141->91->79->61->7->5->78->175->142->45->162->46->80->190->105->136->73->164->193->31->54->151->117->198->30->42->156->24->1->197->16->27->38->102->63->100->17->44->133->10->178->122->131->19->112->121->116->51->125->90->191->120->67->71->147->192->150->6->188->65->169->132->13->161->70->3->15->145->195->126->43->2->85->98->158->25->123->177->171->87->58->82->68->8->104->56->144->33->138->182->139->11->49->160->39->29->12->0->109->69->189->167->155->184->53->140->199->4->149->101->28->59->20->23->60->148->47->154->94->66->57->172->52->179->22->185->95->174->55->18->62->124->128->110->86->166->194->88->176->180->26",51
TSPB,LS_Steepest_Edge_Random,16,25260353,157,42906,24618,24618,18288,outputs\runs\ls_steepest_edge_random\TSPB\run_016.txt,"101->28->59->20->148->47->154->94->66->57->172->52->179->22->185->95->110->86->166->194->88->176->180->26->103->89->127->165->163->186->153->119->159->143->14->50->58->77->97->141->91->79->61->21->87->82->8->68->111->41->37->35->109->0->12->39->29->49->11->139->182->138->33->160->144->56->104->157->171->177->123->25->158->19->112->121->116->98->51->125->120->67->71->191->90->131->151->54->73->136->45->142->78->175->162->46->80->190->105->164->31->193->117->198->30->42->156->24->1->197->16->27->38->102->32->96->63->100->17->44->133->10->178->115->147->192->150->85->2->134->6->188->65->169->132->126->13->161->70->3->15->145->189->167->69->34->124->128->62->18->55->174->183->140->199->4->149",52
TSPB,LS_Steepest_Edge_Random,17,25260354,155,42844,24979,24979,17865,outputs\runs\ls_steepest_edge_random\TSPB\run_017.txt,"24->156->42->30->198->117->193->105->190->80->136->73->164->31->54->151->19->112->121->131->125->90->191->71->67->120->51->98->116->158->25->182->138->11->49->33->160->144->56->104->8->68->82->87->171->177->123->5->45->162->46->175->78->142->7->61->79->91->58->77->81->153->186->163->165->127->89->103->26->114->76->48->52->172->57->179->22->185->86->166->194->88->180->176->64->110->95->130->66->94->154->47->148->20->59->28->101->149->4->199->140->183->174->55->18->62->128->124->106->143->159->119->41->111->37->35->12->39->29->0->109->69->167->189->145->15->3->70->161->132->13->126->43->2->169->65->188->6->150->192->147->115->178->10->133->44->17->100->63->102->38->27->16->197->1",53
TSPB,LS_Steepest_Edge_Random,18,25260355,148,41685,24224,24224,17461,outputs\runs\ls_steepest_edge_random\TSPB\run_018.txt,"111->68->8->82->58->87->171->123->177->7->5->45->142->78->175->162->46->80->190->105->136->73->164->31->193->30->42->16->27->38->197->1->24->156->198->117->54->151->19->112->121->131->125->51->98->116->158->25->157->104->56->144->160->39->12->0->35->109->29->49->33->138->182->11->139->2->85->120->67->71->191->90->122->32->102->63->100->17->44->133->10->178->115->147->192->150->6->188->65->169->132->126->13->145->15->161->70->3->189->167->155->184->53->4->149->101->28->199->59->20->148->9->140->183->174->55->18->62->128->110->95->130->22->179->57->172->52->185->86->166->194->88->176->180->26->103->89->127->165->163->186->153->119->106->124->143->159->41",51
TSPB,LS_Steepest_Edge_Random,19,25260356,152,41575,23449,23449,18126,outputs\runs\ls_steepest_edge_random\TSPB\run_019.txt,"125->131->121->112->19->151->54->31->164->73->136->45->5->123->177->171->157->138->182->2->85->192->150->6->188->65->169->132->161->70->3->15->145->13->126->43->139->11->49->33->160->39->29->109->35->0->12->144->56->104->8->87->82->68->111->41->119->159->143->106->124->128->110->86->185->22->130->95->181->62->18->55->174->183->140->199->4->149->101->28->59->20->148->47->154->94->66->57->172->179->52->166->194->88->176->180->113->114->137->127->165->89->103->26->163->186->153->81->77->58->91->79->61->7->78->175->142->162->46->80->190->105->193->117->198->30->42->156->24->1->197->16->27->38->92->63->102->32->96->100->17->44->133->10->178->71->67->120->98->51->191->90",51
TSPB,LS_Steepest_Edge_Random,20,25260357,153,41998,23311,23311,18687,outputs\runs\ls_steepest_edge_random\TSPB\run_020.txt,"3->70->161->132->169->65->188->6->150->192->147->115->178->10->133->44->17->100->63->96->32->102->38->27->16->197->1->24->156->42->30->198->117->193->105->190->80->46->162->175->78->142->45->136->73->164->31->54->151->19->112->121->131->90->191->125->51->98->116->158->25->123->177->171->157->104->8->87->21->61->79->91->141->97->77->58->82->68->111->50->14->81->153->186->163->89->165->127->103->26->180->176->88->194->166->86->110->95->185->22->179->52->172->57->66->94->154->47->148->60->23->20->59->199->28->101->149->4->140->183->174->55->18->62->128->124->106->143->159->119->41->37->35->109->0->12->29->39->160->144->56->33->49->138->182->11->139->2->43->126->13->145->15",52
TSPB,LS_Steepest_Edge_Random,21,25260358,150,41870,23598,23598,18272,outputs\runs\ls_steepest_edge_random\TSPB\run_021.txt,"126->43->2->85->6->150->192->98->51->120->67->71->191->125->90->178->10->133->44->17->100->63->96->32->102->38->27->16->197->1->24->156->42->30->198->117->193->31->164->73->54->151->19->112->121->116->158->25->123->177->5->45->162->46->142->175->78->7->61->79->91->141->97->77->58->82->68->8->87->171->157->104->56->144->160->33->138->182->139->11->49->29->39->12->0->109->35->37->111->41->159->143->124->106->119->153->186->163->165->127->89->103->26->180->176->88->194->166->86->110->95->185->22->179->52->172->57->66->94->154->47->148->20->59->28->101->149->4->140->199->9->183->174->55->18->62->34->69->167->189->3->70->161->15->145->13->132->169->65->188",47
TSPB,LS_Steepest_Edge_Random,22,25260359,142,40473,23725,23725,16748,outputs\runs\ls_steepest_edge_random\TSPB\run_022.txt,"189->167->184->155->84->70->161->3->15->145->13->126->195->49->11->139->2->85->98->51->116->121->131->125->90->191->178->10->133->44->17->100->63->102->38->27->16->197->1->24->156->42->30->198->117->151->54->31->193->164->73->136->105->190->80->46->162->45->142->175->78->5->7->61->79->91->87->8->56->104->157->171->177->123->25->182->138->33->160->144->111->41->68->82->58->77->81->153->186->119->159->143->106->124->62->128->64->176->180->163->165->127->89->103->26->113->88->194->166->86->110->95->183->199->9->22->179->52->172->57->66->94->154->47->148->20->59->28->101->149->4->140->174->55->34->35->109->0->12->39->29->69",46
TSPB,LS_Steepest_Edge_Random,23,25260360,151,41510,24436,24436,17074,outputs\runs\ls_steepest_edge_random\TSPB\run_023.txt,"80->46->162->175->78->142->45->5->123->177->7->61->79->91->87->58->82->8->104->56->144->68->111->41->119->159->143->106->124->62->18->55->83->128->110->86->166->194->88->176->180->26->103->163->89->165->127->114->137->75->76->48->52->172->57->179->185->95->130->22->66->94->154->47->148->20->59->28->101->149->4->199->140->183->174->53->184->167->189->155->84->70->161->3->15->145->195->126->13->132->169->65->188->6->150->192->147->71->67->120->125->90->191->178->10->133->44->17->100->122->131->121->116->51->98->85->2->139->11->49->160->33->138->182->157->171->25->158->112->19->151->117->198->30->156->24->1->197->16->38->27->42->196->193->31->54->164->73->136->105->190",48
TSPB,LS_Steepest_Edge_Random,24,25260361,160,44243,25457,25457,18786,outputs\runs\ls_steepest_edge_random\TSPB\run_024.txt,"105->136->73->164->193->31->54->151->117->198->30->42->156->24->1->197->16->27->38->102->63->100->17->44->133->10->178->191->90->125->131->19->112->121->116->98->51->120->67->71->147->192->150->6->188->65->169->132->13->126->195->168->43->134->85->2->139->182->138->11->49->33->160->39->12->35->109->0->29->145->15->3->161->70->84->155->184->167->189->69->34->55->18->62->124->128->110->95->9->199->140->4->149->101->28->59->20->148->47->154->94->66->57->172->52->179->22->185->86->176->180->88->194->166->48->76->75->137->114->26->103->89->127->165->163->186->153->119->159->143->41->111->68->144->56->104->8->87->82->58->77->97->141->91->79->61->7->177->171->25->123->5->78->175->142->45->162->46->80->190",53
TSPB,LS_Steepest_Edge_Random,25,25260362,157,42786,24291,24291,18495,outputs\runs\ls_steepest_edge_random\TSPB\run_025.txt,"111->41->119->159->143->106->124->62->128->110->86->185->22->130->95->181->83->18->55->174->183->140->199->4->149->101->28->59->20->148->47->154->94->66->57->172->179->52->166->194->88->176->180->26->114->137->127->165->89->103->163->186->153->81->77->58->91->79->61->21->87->82->8->56->104->157->171->177->7->5->45->142->78->175->162->46->80->190->105->136->173->123->25->158->116->121->112->19->151->54->73->164->31->193->117->198->30->42->156->24->1->197->16->27->38->102->63->100->17->44->133->10->178->191->90->125->51->98->120->67->71->147->192->150->6->85->2->182->138->11->139->43->126->169->188->65->132->13->145->15->161->70->3->189->167->69->109->35->0->12->39->29->49->33->160->144->68",54
TSPB,LS_Steepest_Edge_Random,26,25260363,142,40517,22287,22287,18230,outputs\runs\ls_steepest_edge_random\TSPB\run_026.txt,"54->193->117->198->30->42->156->24->197->16->27->38->1->151->19->112->121->131->135->32->102->63->100->17->44->133->10->178->191->90->125->51->98->116->158->25->182->138->11->139->2->85->192->150->6->188->65->169->132->126->13->145->15->161->70->3->189->167->69->109->35->0->12->39->29->49->33->160->144->56->111->41->119->159->143->106->124->128->110->62->18->55->174->183->140->4->149->101->28->59->199->9->148->47->154->94->66->22->179->57->172->52->166->194->88->176->180->26->103->89->127->165->163->186->153->81->77->58->87->82->68->8->104->157->171->123->177->7->5->45->142->78->175->162->46->80->190->105->136->73->164->31",49
TSPB,LS_Steepest_Edge_Random,27,25260364,148,41895,23786,23786,18109,outputs\runs\ls_steepest_edge_random\TSPB\run_027.txt,"182->138->11->49->33->160->39->12->0->35->109->29->195->126->13->132->169->188->65->161->70->3->15->145->189->167->69->34->62->18->55->174->183->140->199->4->149->101->28->59->20->23->60->148->47->154->94->66->22->179->57->172->52->166->194->88->113->26->103->89->127->165->163->180->176->86->110->128->124->106->143->159->119->41->111->68->144->56->104->8->87->82->58->77->97->141->91->79->61->7->177->171->25->123->5->78->175->142->45->162->46->80->190->105->136->73->164->193->31->54->151->19->112->121->131->117->198->30->42->156->24->1->197->16->27->38->102->63->100->17->44->133->10->178->115->147->192->150->67->71->191->90->125->51->98->85->2->139",54
TSPB,LS_Steepest_Edge_Random,28,25260365,153,42122,23796,23796,18326,outputs\runs\ls_steepest_edge_random\TSPB\run_028.txt,"8->104->56->144->33->160->39->12->35->109->0->29->49->11->138->182->25->171->123->177->7->5->78->175->142->45->162->46->80->190->105->136->73->164->54->31->193->30->156->42->16->27->38->197->1->24->198->117->151->19->112->121->131->135->32->102->63->100->17->44->133->10->178->191->90->125->51->98->120->67->71->147->192->150->6->188->65->169->132->126->13->161->70->3->15->145->189->167->155->184->53->4->149->101->28->59->20->23->60->148->47->154->94->66->57->172->52->179->22->9->199->140->183->174->55->18->62->181->95->86->110->128->124->106->143->159->119->129->180->176->88->194->113->26->103->114->137->127->165->89->163->186->153->81->14->41->111->50->77->58->87->82->68",54
TSPB,LS_Steepest_Edge_Random,29,25260366,150,42252,23773,23773,18479,outputs\runs\ls_steepest_edge_random\TSPB\run_029.txt,"121->112->19->73->164->31->54->193->105->136->162->46->175->78->142->45->5->123->177->7->61->79->91->87->171->25->182->138->11->49->33->160->144->56->104->8->68->82->58->77->50->111->41->14->81->153->186->163->165->127->89->103->26->180->176->88->194->166->86->110->128->124->106->119->159->143->35->0->12->39->29->109->69->34->55->18->62->181->95->185->22->179->52->172->57->66->94->154->47->148->20->59->28->101->149->4->199->140->183->174->53->184->155->167->189->3->70->161->15->145->195->126->13->132->169->65->188->6->150->192->85->2->74->118->98->51->125->90->191->178->10->133->44->17->100->63->102->38->27->16->197->1->24->156->42->30->198->117->151->131",49
TSPB,LS_Steepest_Edge_Random,30,25260367,156,43753,25494,25494,18259,outputs\runs\ls_steepest_edge_random\TSPB\run_030.txt,"156->198->117->30->42->16->27->38->102->63->100->17->44->133->10->178->90->191->120->67->71->147->192->150->6->188->65->169->132->126->13->145->15->161->70->3->84->155->184->53->174->55->34->167->189->69->109->35->0->12->39->29->49->11->139->182->138->33->160->144->56->104->8->87->58->82->68->111->41->119->159->143->106->124->62->128->110->95->9->199->140->4->149->101->28->59->20->23->60->148->47->154->94->66->57->172->52->179->22->185->86->166->194->88->176->180->26->103->127->165->89->163->186->153->81->77->97->141->91->79->61->171->25->123->177->7->5->78->175->142->45->46->162->136->105->193->31->164->73->54->151->19->112->121->116->118->74->2->85->98->51->125->131->1->197->24",53
TSPB,LS_Steepest_Edge_Random,31,25260368,155,42165,24431,24431,17734,outputs\runs\ls_steepest_edge_random\TSPB\run_031.txt,"90->178->10->133->44->17->100->63->96->32->102->38->27->16->197->1->24->156->42->30->198->117->151->54->31->193->164->73->136->105->190->80->46->162->45->142->175->78->5->7->177->123->171->25->158->19->112->121->116->118->74->182->138->33->160->49->11->139->43->126->13->145->69->29->39->12->0->109->35->143->159->119->81->14->41->111->68->8->56->104->87->82->58->77->97->153->186->163->165->127->89->103->26->180->176->88->194->166->86->110->95->185->22->179->52->172->57->66->94->154->47->148->20->59->28->101->149->4->199->140->183->174->55->18->62->128->124->34->170->152->53->184->155->167->189->15->3->70->161->132->169->65->188->6->150->192->85->2->98->51->120->67->71->191->125",53
TSPB,LS_Steepest_Edge_Random,32,25260369,155,42290,24346,24346,17944,outputs\runs\ls_steepest_edge_random\TSPB\run_032.txt,"38->102->63->100->17->44->133->10->178->191->90->125->120->67->71->147->192->150->6->188->65->169->132->13->126->195->168->11->139->2->85->51->98->118->74->182->138->49->33->160->39->29->12->0->35->109->69->167->189->145->15->3->161->70->84->155->184->53->152->170->34->55->18->62->128->110->95->9->199->140->4->149->101->28->59->20->148->47->154->94->66->57->172->52->179->22->185->86->166->194->88->176->180->26->103->89->127->165->163->186->153->119->106->124->143->159->41->14->50->77->58->82->68->111->144->56->104->8->87->171->25->123->177->7->5->78->175->142->45->162->46->80->190->105->136->73->19->112->121->131->151->54->31->164->193->117->198->30->42->156->24->1->197->16->27",54
TSPB,LS_Steepest_Edge_Random,33,25260370,151,41436,23656,23656,17780,outputs\runs\ls_steepest_edge_random\TSPB\run_033.txt,"15->3->70->161->13->126->132->169->65->188->6->150->192->85->2->139->182->138->11->49->33->160->39->12->0->35->37->41->111->50->58->87->82->68->8->56->104->157->171->177->123->25->158->19->112->121->116->98->51->120->67->71->191->90->125->131->135->32->102->38->27->16->197->1->24->156->42->30->198->117->193->151->54->31->164->73->136->105->190->80->46->162->45->142->175->78->5->7->61->79->91->141->97->77->81->153->186->163->165->127->89->103->26->113->194->88->176->180->129->119->159->143->106->124->62->18->55->83->128->110->86->166->52->172->57->179->22->66->94->154->47->148->20->59->28->101->149->4->199->140->183->174->53->184->155->167->189->69->109->29->145",49
TSPB,LS_Steepest_Edge_Random,34,25260371,162,44253,25232,25232,19021,outputs\runs\ls_steepest_edge_random\TSPB\run_034.txt,"41->159->143->124->106->119->153->186->163->89->165->127->137->114->103->26->180->176->88->194->166->86->110->95->185->22->179->52->172->57->66->94->154->47->148->20->59->28->101->149->4->199->140->183->174->55->18->62->34->170->152->53->184->155->167->189->69->109->35->0->29->39->12->37->111->144->56->104->8->68->82->87->171->25->182->138->33->160->49->11->139->2->43->126->13->145->15->3->70->161->132->169->65->188->6->150->192->147->115->178->10->133->44->17->100->63->102->32->135->131->125->90->191->71->67->120->51->98->116->121->112->19->151->24->1->197->16->38->27->42->156->30->198->117->193->31->54->164->73->136->105->190->80->46->162->45->142->175->78->5->123->177->7->61->79->91->141->97->77->58->50->14",57
TSPB,LS_Steepest_Edge_Random,35,25260372,148,41679,23279,23279,18400,outputs\runs\ls_steepest_edge_random\TSPB\run_035.txt,"169->6->192->150->188->65->161->70->3->15->145->29->39->12->0->35->109->69->189->167->155->184->53->174->183->140->199->4->149->101->28->59->20->23->60->148->47->154->94->66->57->172->52->179->22->185->95->181->55->18->62->124->128->110->86->166->194->88->176->180->26->103->127->165->89->163->186->153->119->159->143->41->111->68->50->77->58->82->87->8->104->56->144->160->33->49->11->138->182->25->171->123->177->7->5->45->142->78->175->162->46->80->190->105->136->73->164->193->31->54->151->117->198->30->42->156->24->1->197->16->27->38->102->63->100->17->44->133->122->131->121->116->125->90->191->71->67->120->51->98->85->2->43->168->195->126->13->132",52
TSPB,LS_Steepest_Edge_Random,36,25260373,159,43707,25534,25534,18173,outputs\runs\ls_steepest_edge_random\TSPB\run_036.txt,"194->88->180->176->86->110->95->185->22->66->94->154->47->148->20->59->28->101->149->4->199->140->183->174->181->128->124->62->18->55->34->170->152->53->184->155->167->189->69->109->35->0->12->39->29->49->11->139->168->195->126->13->145->15->3->70->161->132->169->65->188->6->150->192->85->2->182->138->33->160->144->56->104->8->68->111->41->14->50->77->58->82->87->171->177->123->25->158->116->121->131->125->51->98->120->67->71->191->90->178->10->133->44->17->100->63->102->38->27->16->197->1->24->156->42->30->198->117->151->54->31->193->164->73->136->105->190->80->46->162->45->142->175->78->5->7->61->79->91->141->97->153->186->163->165->127->89->103->26->114->137->75->76->48->172->57->179->52->166",54
TSPB,LS_Steepest_Edge_Random,37,25260374,146,41116,23976,23976,17140,outputs\runs\ls_steepest_edge_random\TSPB\run_037.txt,"118->98->51->116->121->131->125->90->191->178->10->133->44->17->100->63->102->38->27->16->197->1->24->156->42->30->198->117->151->19->112->158->25->123->5->45->136->73->164->54->31->193->105->190->80->46->162->142->175->78->7->61->79->91->177->171->87->58->82->8->104->56->33->138->182->139->11->49->160->144->68->111->41->37->35->109->0->12->39->29->69->189->167->34->55->18->62->124->128->110->86->95->185->22->179->88->176->180->163->165->127->89->103->26->113->194->166->52->172->57->66->94->154->47->148->20->59->28->101->149->4->199->140->183->174->53->184->155->84->70->161->3->15->145->13->126->132->169->65->188->6->150->192->85->2->74",58
TSPB,LS_Steepest_Edge_Random,38,25260375,158,42811,23926,23926,18885,outputs\runs\ls_steepest_edge_random\TSPB\run_038.txt,"194->166->86->185->179->52->172->57->66->94->154->47->148->60->23->20->59->28->101->149->4->140->199->9->22->130->95->110->128->124->62->18->55->34->170->152->53->184->155->167->189->69->109->35->0->12->39->29->49->160->33->138->182->11->139->168->195->126->13->145->15->3->70->161->132->169->65->188->6->150->192->85->2->74->118->98->51->125->90->191->120->67->71->178->10->133->44->17->100->63->102->32->135->131->121->112->19->151->117->198->24->1->197->38->27->16->42->156->30->193->31->54->164->73->136->105->190->80->46->162->45->142->175->78->5->7->61->79->91->177->123->25->171->157->104->56->8->68->111->41->14->50->82->87->58->77->81->153->186->163->165->127->89->103->26->180->176->88",54
TSPB,LS_Steepest_Edge_Random,39,25260376,155,42453,24514,24514,17939,outputs\runs\ls_steepest_edge_random\TSPB\run_039.txt,"71->67->120->125->90->191->178->10->133->44->17->100->63->102->38->27->16->197->1->24->156->42->30->198->117->193->105->190->80->46->162->175->78->142->7->61->79->91->87->171->177->123->5->45->136->73->164->31->54->151->19->112->121->116->51->98->85->2->43->126->13->145->189->167->69->29->49->11->139->182->138->33->160->39->12->0->109->35->37->41->111->68->144->56->104->8->82->58->77->81->153->186->163->103->89->165->127->137->114->26->113->194->88->176->180->129->119->159->143->106->124->128->110->62->18->55->181->95->185->22->179->52->172->57->66->94->154->47->148->20->59->28->101->149->4->199->140->183->174->53->184->155->84->3->15->70->161->132->169->65->188->6->150->192->147",55
TSPB,LS_Steepest_Edge_Random,40,25260377,154,42553,25296,25296,17257,outputs\runs\ls_steepest_edge_random\TSPB\run_040.txt,"50->77->58->82->87->8->68->144->56->104->157->171->123->177->91->79->61->7->5->78->175->142->45->162->46->80->190->105->136->73->164->54->31->193->117->30->42->27->38->16->197->1->24->156->198->151->19->112->121->116->51->125->191->90->122->100->17->44->133->10->178->71->67->120->98->158->25->182->138->33->160->49->11->139->2->85->192->150->6->188->65->169->132->126->13->161->70->3->15->145->189->167->155->184->53->4->149->101->28->199->140->183->174->55->18->83->181->95->185->22->148->59->20->23->60->47->154->94->66->57->172->179->52->166->194->114->137->127->165->89->163->103->26->180->176->88->86->110->128->62->124->106->143->159->119->41->37->35->109->0->29->39->12->111",50
TSPB,LS_Steepest_Edge_Random,41,25260378,153,41760,25567,25567,16193,outputs\runs\ls_steepest_edge_random\TSPB\run_041.txt,"4->140->183->174->53->184->155->167->189->3->70->161->15->145->13->126->132->169->65->188->6->150->192->85->2->139->11->182->138->157->171->25->158->116->121->112->19->151->117->198->156->24->1->197->102->32->135->131->125->90->191->178->10->133->44->17->100->63->92->38->27->16->42->30->193->54->31->164->73->136->105->190->80->46->162->175->78->142->45->5->123->177->7->61->79->91->87->82->68->8->104->56->144->160->33->49->29->39->12->0->35->109->69->34->55->18->62->124->128->110->64->163->186->153->119->159->143->41->111->50->58->77->97->146->187->165->127->89->103->26->180->176->88->194->166->86->95->185->22->9->199->148->47->66->94->154->60->23->20->59->28->101->149",50
TSPB,LS_Steepest_Edge_Random,42,25260379,157,43262,25070,25070,18192,outputs\runs\ls_steepest_edge_random\TSPB\run_042.txt,"45->162->46->80->190->105->136->73->164->193->31->54->151->117->198->30->42->156->24->1->197->16->27->38->102->63->100->17->44->133->10->178->115->147->192->150->6->188->65->169->132->126->13->145->15->161->70->3->189->167->155->184->53->152->170->34->55->18->62->124->128->110->86->176->180->88->194->166->52->179->22->185->95->174->183->140->4->149->101->28->59->199->9->148->47->154->94->66->57->172->48->76->75->137->114->26->103->89->127->165->163->186->153->81->77->58->50->14->41->68->111->37->35->109->0->12->39->29->49->11->138->182->139->2->85->98->120->67->71->191->90->125->51->121->116->158->25->171->157->104->33->160->144->56->8->82->87->91->79->61->7->177->123->5->78->175->142",53
TSPB,LS_Steepest_Edge_Random,43,25260380,147,41103,23804,23804,17299,outputs\runs\ls_steepest_edge_random\TSPB\run_043.txt,"73->54->151->198->156->24->197->1->131->121->116->158->25->171->177->123->45->162->46->175->78->142->5->7->61->79->91->87->82->58->77->50->14->41->119->153->186->163->165->127->89->103->26->180->176->88->194->166->86->110->95->185->22->179->52->172->57->66->94->154->47->148->20->59->199->28->101->149->4->140->183->174->55->18->62->128->124->106->159->143->34->170->152->53->184->155->167->189->15->3->70->161->65->188->169->132->126->13->145->69->29->39->12->0->109->35->37->111->68->8->56->104->157->182->138->33->160->49->11->139->2->85->98->51->120->67->71->191->125->90->178->10->133->44->17->100->63->102->38->27->16->42->30->117->193->31->164",51
TSPB,LS_Steepest_Edge_Random,44,25260381,142,38634,21481,21481,17153,outputs\runs\ls_steepest_edge_random\TSPB\run_044.txt,"149->101->28->59->20->23->60->148->47->154->94->66->57->172->52->179->22->185->95->86->110->128->124->106->143->159->119->129->180->176->88->194->113->26->103->89->127->165->163->186->153->81->77->58->91->79->61->21->87->171->177->123->25->182->138->157->104->56->8->82->68->111->41->37->35->109->0->12->29->39->160->33->49->11->139->2->85->98->51->116->121->112->19->151->54->73->164->31->193->117->198->30->42->156->24->1->197->16->27->38->102->63->100->17->44->133->10->178->191->90->125->120->67->71->147->192->150->6->188->65->169->132->13->126->195->145->15->161->70->3->189->167->69->34->62->18->55->174->183->140->199->4",51
TSPB,LS_Steepest_Edge_Random,45,25260382,144,41490,22764,22764,18726,outputs\runs\ls_steepest_edge_random\TSPB\run_045.txt,"100->63->102->38->27->16->197->1->24->156->42->30->198->117->151->54->31->193->164->73->136->105->190->80->46->162->45->142->175->78->5->123->177->7->61->79->91->141->97->77->58->82->87->8->68->111->144->56->104->157->171->25->182->138->11->49->33->160->39->29->12->0->109->35->37->41->143->159->119->153->186->163->165->127->89->103->26->180->176->88->194->166->52->172->57->179->22->185->95->86->110->128->124->62->18->83->181->9->199->59->28->101->149->4->140->183->174->55->34->69->167->189->3->70->161->15->145->13->126->132->169->65->188->6->150->192->147->71->67->120->191->90->125->51->98->116->121->112->19->131->122->133->44->17",49
TSPB,LS_Steepest_Edge_Random,46,25260383,154,42222,24770,24770,17452,outputs\runs\ls_steepest_edge_random\TSPB\run_046.txt,"148->47->154->94->66->57->172->52->179->22->185->95->110->86->166->194->114->137->127->165->89->163->103->26->113->88->176->180->129->119->159->143->41->14->81->153->186->97->77->58->82->8->68->111->37->35->109->0->12->39->29->49->11->139->182->138->33->160->144->56->104->157->171->87->91->79->61->7->142->78->175->46->162->45->5->177->123->25->173->136->105->193->31->164->73->54->151->117->198->30->42->156->24->1->197->16->27->38->102->63->100->17->44->133->10->178->191->90->125->71->67->120->51->98->118->74->2->85->192->150->6->188->65->169->132->126->13->145->15->3->161->70->84->155->184->167->189->69->34->124->128->62->18->55->174->183->140->4->149->101->28->199->59->20",52
TSPB,LS_Steepest_Edge_Random,47,25260384,158,42624,24200,24200,18424,outputs\runs\ls_steepest_edge_random\TSPB\run_047.txt,"52->172->57->66->94->154->47->148->20->59->28->101->149->4->199->140->183->174->53->184->155->167->189->3->70->161->15->145->13->126->132->169->65->188->6->150->192->147->115->178->10->133->44->17->100->122->125->90->191->71->67->120->51->98->116->121->112->19->131->135->32->102->38->27->16->197->1->24->156->42->30->198->117->193->151->54->31->164->73->136->105->190->80->46->162->175->78->142->45->5->123->177->7->61->79->91->141->97->77->58->82->87->171->157->8->68->111->144->56->104->138->182->139->11->49->33->160->39->29->12->0->109->35->37->41->14->81->153->186->165->127->89->103->26->163->129->119->159->143->106->124->62->18->55->83->128->64->176->180->88->194->166->86->110->95->185->22->179",51
TSPB,LS_Steepest_Edge_Random,48,25260385,146,40732,22448,22448,18284,outputs\runs\ls_steepest_edge_random\TSPB\run_048.txt,"119->159->143->106->124->128->62->18->55->174->183->140->4->149->101->28->59->199->9->95->185->22->179->66->94->154->57->172->52->166->86->110->64->176->180->88->194->113->26->103->89->127->165->163->186->153->81->77->58->87->82->68->8->104->56->144->160->33->49->11->138->182->25->171->123->177->7->5->45->142->78->175->162->46->80->190->105->136->73->164->31->54->193->117->30->42->27->38->16->197->1->24->156->198->151->19->112->121->116->98->51->120->67->71->191->90->125->131->135->32->102->63->100->17->44->133->10->178->115->147->192->150->6->188->65->169->132->13->126->195->145->15->161->70->3->189->167->69->109->35->0->12->29->39->111->41",50
TSPB,LS_Steepest_Edge_Random,49,25260386,150,42585,24118,24118,18467,outputs\runs\ls_steepest_edge_random\TSPB\run_049.txt,"24->1->197->38->27->16->42->156->30->193->54->31->164->73->136->105->190->80->46->162->175->78->142->45->5->7->61->79->91->58->77->81->153->186->163->165->127->137->114->89->103->26->180->176->88->194->166->86->110->95->185->179->52->172->57->66->94->154->47->148->22->9->199->59->28->101->149->4->140->183->174->55->18->62->128->124->106->143->159->119->41->111->37->35->0->109->69->167->189->145->15->3->70->161->13->126->132->169->65->188->6->150->192->85->2->139->182->138->11->49->33->160->39->29->12->144->56->104->8->68->82->87->171->177->123->25->158->116->98->51->125->90->191->178->10->133->44->17->100->63->102->32->135->131->121->112->19->151->117->198",51
TSPB,LS_Steepest_Edge_Random,50,25260387,149,40951,22739,22739,18212,outputs\runs\ls_steepest_edge_random\TSPB\run_050.txt,"67->120->51->125->131->121->116->98->85->2->139->182->138->11->49->33->160->39->12->29->145->13->126->132->169->188->65->161->70->3->15->189->167->69->109->0->35->37->41->119->159->143->106->124->128->110->86->185->22->130->95->181->62->18->55->174->183->140->199->4->149->101->28->59->20->23->60->148->47->154->94->66->57->172->179->52->166->194->88->176->180->26->103->89->127->165->163->186->153->81->14->50->77->58->82->87->8->68->111->144->56->104->157->171->25->123->177->7->5->78->175->142->45->162->46->80->190->105->136->73->164->193->31->54->151->117->198->30->42->156->24->1->197->16->27->38->102->32->96->63->100->17->44->133->10->178->90->191->71",50
TSPB,LS_Steepest_Edge_Random,51,25260388,154,42727,25595,25595,17132,outputs\runs\ls_steepest_edge_random\TSPB\run_051.txt,"195->145->15->161->70->3->189->167->69->29->39->12->0->109->35->37->111->41->119->159->143->106->124->62->18->55->174->183->140->4->149->101->28->59->199->9->22->185->95->86->110->128->64->176->180->88->194->166->179->57->172->52->48->76->75->137->114->26->103->127->165->89->163->186->153->81->77->58->91->79->61->7->78->175->142->45->162->46->80->190->105->30->156->42->16->27->38->197->1->24->198->117->193->164->31->54->151->131->135->32->102->63->100->17->44->133->10->178->191->90->125->116->121->112->19->73->136->5->123->177->171->87->82->68->8->56->104->157->182->138->33->160->49->11->139->2->85->74->118->98->51->120->67->71->147->192->150->6->188->65->169->132->13->126",49
TSPB,LS_Steepest_Edge_Random,52,25260389,145,40567,22301,22301,18266,outputs\runs\ls_steepest_edge_random\TSPB\run_052.txt,"21->61->79->91->58->77->81->153->186->163->165->127->89->103->26->180->176->88->194->166->86->110->95->185->22->179->52->172->57->66->94->154->47->148->20->59->28->101->149->4->199->140->183->174->55->18->62->128->124->34->170->152->53->184->155->167->189->3->70->161->15->145->13->126->132->169->65->188->6->150->192->147->71->67->120->125->90->191->178->10->133->44->17->100->63->102->38->27->16->197->1->24->156->42->30->198->117->151->54->73->164->31->193->105->136->162->46->45->142->175->78->5->7->177->123->171->157->104->138->182->25->158->116->121->51->98->85->2->139->11->49->29->109->35->0->12->39->160->33->144->56->8->68->82->87",48
TSPB,LS_Steepest_Edge_Random,53,25260390,154,43487,25004,25004,18483,outputs\runs\ls_steepest_edge_random\TSPB\run_053.txt,"144->111->41->143->159->119->153->186->163->165->127->89->103->26->114->137->75->76->48->166->52->172->57->179->22->185->95->86->194->88->180->176->64->110->128->124->62->18->55->174->183->140->199->59->28->101->149->4->53->184->155->167->189->69->109->35->0->12->29->39->160->33->49->11->138->182->139->43->126->13->145->15->3->70->161->132->169->65->188->6->150->192->85->2->74->118->98->51->120->67->71->125->90->191->178->10->133->44->17->100->63->102->32->135->131->121->112->19->151->198->156->24->1->197->16->38->27->42->30->117->193->54->31->164->73->136->105->190->80->46->162->45->142->175->78->5->7->177->123->25->171->61->79->91->141->97->77->58->87->82->68->8->104->56",55
TSPB,LS_Steepest_Edge_Random,54,25260391,154,41994,23467,23467,18527,outputs\runs\ls_steepest_edge_random\TSPB\run_054.txt,"185->95->86->110->128->62->124->106->143->159->119->129->180->176->88->194->113->26->103->89->127->165->163->186->153->81->77->58->82->87->8->68->41->111->144->56->104->157->138->182->25->171->123->177->7->5->45->142->78->175->162->46->80->190->105->136->73->164->54->31->193->117->198->30->42->156->24->151->19->112->121->131->1->197->16->27->38->102->63->100->17->44->133->10->178->191->90->125->71->67->120->51->98->118->74->2->85->192->150->6->188->65->169->132->161->70->3->15->145->13->126->195->168->139->11->49->33->160->39->29->12->0->35->109->69->189->167->155->184->53->152->170->34->55->174->183->140->199->4->149->101->28->59->20->148->47->154->94->66->57->172->52->179->22",53
TSPB,LS_Steepest_Edge_Random,55,25260392,152,42558,24455,24455,18103,outputs\runs\ls_steepest_edge_random\TSPB\run_055.txt,"81->153->186->119->159->143->41->37->12->39->29->0->35->109->69->189->167->34->55->18->62->124->128->110->86->176->180->163->165->127->89->103->26->113->88->194->166->52->172->179->22->57->66->94->154->47->148->20->59->199->28->101->149->4->140->183->174->53->184->155->84->70->161->3->15->145->13->126->132->169->65->188->6->150->192->147->115->178->10->133->44->17->100->63->102->38->27->16->197->1->24->156->42->30->198->117->193->164->31->54->151->131->125->90->191->71->67->120->51->98->116->121->112->19->73->136->105->190->80->46->162->175->78->142->45->5->123->25->171->177->7->61->79->91->87->8->56->104->157->138->182->139->11->49->33->160->144->111->68->82->58->77",51
TSPB,LS_Steepest_Edge_Random,56,25260393,154,42546,25024,25024,17522,outputs\runs\ls_steepest_edge_random\TSPB\run_056.txt,"175->142->45->162->46->80->190->136->105->196->42->156->30->198->117->193->31->164->73->54->151->24->1->197->16->27->38->102->63->100->17->44->133->10->178->115->147->192->150->6->188->65->169->132->126->13->161->70->3->15->145->189->167->155->184->53->4->149->101->28->140->174->183->9->199->59->20->148->47->154->94->66->57->172->52->179->22->185->95->86->166->194->88->113->26->103->89->127->165->163->186->153->81->77->58->87->82->111->41->143->159->119->129->180->176->64->110->128->124->62->18->55->34->69->109->35->0->12->29->39->160->144->68->8->56->104->157->182->138->33->49->11->139->2->85->98->51->120->67->71->191->90->125->131->121->116->158->25->171->123->177->7->5->78",52
TSPB,LS_Steepest_Edge_Random,57,25260394,151,42265,23854,23854,18411,outputs\runs\ls_steepest_edge_random\TSPB\run_057.txt,"46->80->190->105->136->73->164->31->54->151->193->117->198->30->42->156->24->1->197->16->27->38->102->63->100->17->44->133->10->178->191->90->125->131->121->116->98->51->120->67->71->147->192->150->6->188->65->169->132->126->13->145->15->161->70->3->189->167->155->184->53->174->183->140->4->149->101->28->59->199->9->95->185->22->148->47->154->94->66->57->172->179->52->166->194->88->113->26->103->89->127->165->163->180->176->86->110->128->83->55->18->62->124->106->143->159->119->186->153->81->77->97->141->91->79->61->58->82->68->111->41->37->35->109->0->12->29->39->160->33->49->11->139->182->138->157->104->56->8->87->171->25->123->177->7->5->45->142->78->175->162",50
TSPB,LS_Steepest_Edge_Random,58,25260395,157,42867,24618,24618,18249,outputs\runs\ls_steepest_edge_random\TSPB\run_058.txt,"90->125->122->100->17->44->133->10->178->115->147->192->150->6->188->65->169->132->126->13->161->70->3->15->145->189->167->155->184->53->174->183->140->199->4->149->101->28->59->20->148->47->154->94->66->57->172->52->179->22->185->95->86->110->128->62->18->55->34->69->109->35->0->12->29->39->160->33->49->11->138->182->139->2->85->74->25->171->87->82->8->104->56->144->68->111->41->119->159->143->106->124->64->176->180->88->194->113->26->103->89->127->165->163->186->153->81->77->58->91->79->61->7->177->123->5->78->175->142->45->162->46->80->190->105->136->73->164->31->54->151->193->117->198->30->42->156->24->1->197->16->27->38->102->63->96->32->135->131->121->116->98->51->120->67->71->191",53
TSPB,LS_Steepest_Edge_Random,59,25260396,144,40960,23823,23823,17137,outputs\runs\ls_steepest_edge_random\TSPB\run_059.txt,"0->109->35->34->55->18->62->124->128->110->86->88->176->180->163->89->165->127->103->26->113->194->166->52->172->57->179->22->185->95->174->183->9->148->20->59->28->101->149->4->199->140->53->184->155->167->189->69->29->39->160->33->49->11->138->182->139->2->43->126->13->145->15->3->70->161->132->169->65->188->6->150->192->147->115->178->10->133->44->17->100->63->102->32->122->90->191->125->51->98->116->121->112->19->151->54->73->164->31->117->198->24->1->197->38->27->16->42->156->30->193->105->136->162->46->175->78->142->45->5->123->177->7->61->79->91->141->97->77->58->82->87->171->157->104->56->8->68->111->50->14->41->37->12",51
TSPB,LS_Steepest_Edge_Random,60,25260397,153,41842,23960,23960,17882,outputs\runs\ls_steepest_edge_random\TSPB\run_060.txt,"54->31->193->164->73->136->105->190->80->46->162->45->142->175->78->5->7->177->123->171->25->182->138->49->33->160->144->56->104->8->68->111->41->14->50->58->82->87->21->61->79->91->141->97->77->81->153->186->119->159->143->124->106->129->163->165->127->89->103->26->180->176->88->194->166->52->179->172->57->66->94->154->47->148->60->23->20->59->199->9->22->185->95->86->110->128->62->18->55->174->183->140->28->101->149->4->53->184->155->167->189->69->109->35->0->12->39->29->145->15->3->70->161->65->188->169->132->13->126->195->168->11->139->2->85->98->51->120->67->71->125->90->191->178->10->133->44->17->100->63->102->38->27->16->197->1->24->156->42->30->198->117->151",54
TSPB,LS_Steepest_Edge_Random,61,25260398,151,41042,24789,24789,16253,outputs\runs\ls_steepest_edge_random\TSPB\run_061.txt,"148->20->59->199->28->101->149->4->140->183->174->55->18->62->181->95->130->22->185->86->110->128->124->106->119->159->143->35->109->0->29->39->12->37->41->111->144->160->33->49->11->139->168->195->145->189->167->170->152->53->184->155->84->70->161->3->15->13->132->169->65->188->126->43->2->85->98->120->67->71->178->10->17->100->63->102->32->122->44->133->191->90->125->51->116->121->131->38->27->16->197->1->24->156->42->30->198->117->151->54->73->164->31->193->105->136->162->46->175->78->142->45->5->7->177->123->171->25->182->138->157->104->56->8->68->82->87->58->77->81->153->186->163->89->165->127->103->26->180->176->88->194->166->52->179->172->57->66->94->154->47",50
TSPB,LS_Steepest_Edge_Random,62,25260399,150,41690,23566,23566,18124,outputs\runs\ls_steepest_edge_random\TSPB\run_062.txt,"174->55->18->62->128->124->106->159->143->69->167->189->3->70->161->15->145->13->126->132->169->65->188->6->150->192->147->115->178->10->133->44->17->100->122->131->125->90->191->71->67->120->51->116->121->112->19->151->117->198->156->24->1->197->16->38->27->42->30->193->54->31->164->73->136->105->190->80->46->162->45->142->175->78->5->123->177->7->61->79->91->87->58->82->68->8->56->144->160->33->104->157->171->25->138->182->74->118->98->85->2->139->11->49->29->39->12->0->109->35->37->111->41->119->153->186->163->165->127->89->103->26->180->176->88->194->166->86->110->95->185->22->179->52->172->57->66->94->154->47->148->20->59->28->101->149->4->199->140->183",53
TSPB,LS_Steepest_Edge_Random,63,25260400,155,43215,24031,24031,19184,outputs\runs\ls_steepest_edge_random\TSPB\run_063.txt,"4->199->140->183->174->53->184->155->84->70->161->3->15->145->13->126->132->169->65->188->6->150->192->85->2->139->11->49->33->138->182->25->158->116->121->131->125->51->98->120->67->71->191->90->178->10->133->44->17->100->63->102->38->27->16->197->1->24->156->42->30->198->117->151->54->31->193->164->73->136->105->190->80->46->162->175->78->142->45->5->7->177->123->171->82->87->21->61->79->91->141->97->77->58->50->14->41->111->68->8->104->56->144->160->39->12->0->35->109->29->69->189->167->34->55->18->62->128->124->106->143->159->119->153->186->163->165->127->89->103->26->180->176->88->194->166->86->110->95->185->22->179->52->172->57->66->94->154->47->148->20->59->28->101->149",53
TSPB,LS_Steepest_Edge_Random,64,25260401,151,42606,23780,23780,18826,outputs\runs\ls_steepest_edge_random\TSPB\run_064.txt,"194->88->176->180->26->103->127->165->89->163->186->153->81->77->58->82->87->91->79->61->7->177->123->5->78->175->142->45->162->46->80->190->105->136->73->164->193->31->54->151->117->198->30->42->156->24->1->197->16->27->38->102->63->100->17->44->133->10->178->191->90->125->131->121->116->98->51->120->67->71->147->192->150->6->188->65->169->43->2->139->11->49->160->33->138->182->25->171->157->104->56->8->68->111->41->37->35->109->0->12->39->29->69->145->195->126->13->132->161->70->3->15->189->167->155->184->53->174->55->18->62->143->159->119->106->124->128->110->95->9->199->140->4->149->101->28->59->20->148->47->154->94->66->57->172->52->179->22->185->86->166",51
TSPB,LS_Steepest_Edge_Random,65,25260402,146,40920,23019,23019,17901,outputs\runs\ls_steepest_edge_random\TSPB\run_065.txt,"189->3->70->161->15->145->195->126->13->132->169->65->188->6->150->192->147->71->67->120->98->51->125->90->191->178->10->133->44->17->100->63->102->38->27->16->197->1->24->156->42->30->198->117->193->31->164->105->190->80->46->162->175->78->142->45->136->73->54->151->19->112->121->116->158->25->171->123->177->7->61->79->91->87->58->82->68->8->104->56->144->160->33->138->182->139->11->49->29->39->12->0->35->109->69->34->18->62->124->128->83->55->174->183->140->199->9->22->185->95->110->86->88->176->180->26->103->163->89->165->127->137->114->194->166->52->179->172->57->66->94->154->47->148->60->23->20->59->28->101->149->4->53->184->155->167",51
TSPB,LS_Steepest_Edge_Random,66,25260403,151,42390,23803,23803,18587,outputs\runs\ls_steepest_edge_random\TSPB\run_066.txt,"59->20->23->60->148->47->154->94->66->57->172->52->179->22->185->95->110->86->166->194->88->176->180->26->103->127->114->137->165->89->163->186->153->119->159->143->41->111->50->77->58->91->79->61->7->5->45->142->78->175->162->46->80->190->105->136->73->19->112->151->54->31->164->193->117->198->30->42->156->24->1->197->16->27->38->102->63->100->17->44->133->10->178->90->191->120->67->71->147->192->150->6->188->65->169->132->13->161->70->3->15->145->195->126->43->2->85->98->51->125->131->121->116->158->25->123->177->171->87->82->68->8->104->56->144->160->33->138->182->139->11->49->29->39->12->0->109->35->124->128->62->18->55->174->183->140->199->4->149->101->28",51
TSPB,LS_Steepest_Edge_Random,67,25260404,153,42929,24311,24311,18618,outputs\runs\ls_steepest_edge_random\TSPB\run_067.txt,"127->89->103->26->180->176->88->194->166->86->110->128->124->62->18->55->174->95->185->22->179->52->172->57->66->94->154->47->148->20->59->28->101->149->4->199->140->53->184->155->84->70->161->3->15->145->189->167->69->109->35->0->12->39->29->49->11->33->160->144->111->68->82->58->87->8->56->104->157->138->182->139->2->43->126->13->132->169->65->188->6->150->192->147->71->67->120->98->51->125->90->191->178->10->133->44->17->100->63->102->38->27->16->197->1->24->156->42->30->198->117->193->31->164->73->54->151->19->121->112->173->136->105->190->80->46->162->45->142->175->78->5->123->25->171->177->7->61->79->91->141->97->77->50->14->41->143->159->119->153->186->163->165",49
TSPB,LS_Steepest_Edge_Random,68,25260405,156,43435,26209,26209,17226,outputs\runs\ls_steepest_edge_random\TSPB\run_068.txt,"12->39->29->0->35->109->69->167->189->3->70->161->15->145->195->126->13->132->169->65->188->2->85->6->150->192->147->115->178->10->133->44->17->100->122->90->191->71->67->120->98->51->125->131->135->32->102->38->27->16->197->1->24->156->42->30->198->117->193->105->190->80->46->162->175->78->142->45->136->73->164->31->54->151->19->112->121->116->158->25->182->138->11->49->33->160->144->111->68->8->56->104->157->171->123->177->7->61->79->91->87->82->58->77->81->153->186->163->89->165->127->114->137->75->76->48->52->172->57->179->22->9->199->59->28->101->149->4->140->53->152->170->34->55->174->95->86->166->194->113->26->103->180->176->88->64->110->128->62->124->106->143->159->119->41->37",55
TSPB,LS_Steepest_Edge_Random,69,25260406,148,41605,23892,23892,17713,outputs\runs\ls_steepest_edge_random\TSPB\run_069.txt,"135->131->125->90->191->51->98->116->121->112->19->151->198->24->1->197->38->27->16->42->156->30->117->193->31->54->164->73->136->105->190->80->46->162->175->78->142->45->5->7->177->123->171->25->182->138->11->49->33->104->56->68->8->87->82->58->77->50->14->41->111->144->160->39->29->12->0->35->109->69->34->55->18->62->110->128->124->106->143->159->119->153->186->163->89->165->127->103->26->180->176->88->194->166->52->172->57->179->22->185->95->174->183->140->9->66->94->154->47->148->20->59->199->28->101->149->4->53->184->155->167->189->3->70->161->15->145->13->126->132->169->65->188->6->150->192->147->67->71->178->10->133->44->17->100->63->102->32",53
TSPB,LS_Steepest_Edge_Random,70,25260407,151,42019,23302,23302,18717,outputs\runs\ls_steepest_edge_random\TSPB\run_070.txt,"161->70->84->155->184->167->189->69->34->55->18->62->124->128->110->86->95->185->22->9->183->174->140->199->4->149->101->28->59->20->148->47->154->94->66->57->172->179->52->166->194->88->176->180->26->103->127->165->89->163->186->153->81->77->97->141->91->79->61->21->87->58->82->8->68->41->111->144->56->104->33->160->39->12->0->35->109->29->49->11->139->182->138->157->171->177->123->25->158->116->121->112->19->151->54->31->164->73->136->45->142->78->175->162->46->80->190->105->193->117->198->30->42->156->24->1->197->16->27->38->102->63->100->17->44->133->10->178->90->125->191->71->67->120->51->98->85->2->134->192->150->6->188->65->169->132->126->13->145->15->3",51
TSPB,LS_Steepest_Edge_Random,71,25260408,149,40623,23311,23311,17312,outputs\runs\ls_steepest_edge_random\TSPB\run_071.txt,"89->163->186->153->119->159->143->35->109->0->29->39->12->37->41->111->50->77->58->91->79->61->21->87->82->68->8->104->56->144->160->33->49->11->138->182->139->2->85->98->51->116->121->112->19->173->5->45->142->78->175->46->162->136->105->193->31->164->73->54->151->117->198->30->42->156->24->1->197->16->27->38->102->32->135->131->125->191->90->122->100->17->44->133->10->178->115->147->192->150->6->188->65->169->132->126->13->145->15->3->161->70->84->155->184->167->189->69->34->174->183->140->199->4->149->101->28->59->20->148->47->154->94->66->57->172->52->179->22->185->95->86->110->128->83->55->18->62->124->64->166->194->88->176->180->26->103->127->165",50
TSPB,LS_Steepest_Edge_Random,72,25260409,156,42083,25856,25856,16227,outputs\runs\ls_steepest_edge_random\TSPB\run_072.txt,"103->89->127->165->187->146->97->77->50->14->41->111->68->8->56->104->87->82->58->91->79->61->7->177->123->171->157->138->182->25->158->19->112->121->116->118->74->2->85->98->51->125->90->122->32->102->16->197->1->24->151->54->31->164->73->136->45->142->78->175->162->46->80->190->105->193->117->198->30->156->42->27->38->92->63->100->17->44->133->10->178->191->120->67->71->147->192->150->6->188->65->169->132->161->70->3->15->145->13->126->195->168->139->11->49->33->160->39->29->12->0->109->35->143->159->119->153->186->163->129->106->124->62->18->55->174->183->140->4->149->101->28->199->59->20->23->60->148->9->181->128->110->86->95->185->22->179->57->172->52->166->194->88->176->180->26",52
TSPB,LS_Steepest_Edge_Random,73,25260410,152,41722,24486,24486,17236,outputs\runs\ls_steepest_edge_random\TSPB\run_073.txt,"37->35->109->0->12->29->39->160->144->56->104->33->49->11->139->182->138->157->171->177->7->78->175->142->45->5->123->25->173->136->162->46->80->190->105->73->164->31->54->193->30->42->156->24->198->117->151->19->112->121->131->1->197->16->27->38->102->32->96->63->100->17->44->133->10->178->115->147->192->150->67->71->191->90->125->51->98->85->2->134->6->188->65->169->132->126->13->145->15->3->161->70->84->155->189->167->184->53->174->183->140->4->149->101->28->59->199->9->95->130->22->148->47->154->94->66->57->172->52->179->185->86->110->128->83->55->18->62->124->64->166->194->88->176->180->26->103->89->127->165->163->186->153->81->77->58->82->87->8->68->111->41",53
TSPB,LS_Steepest_Edge_Random,74,25260411,145,40795,23975,23975,16820,outputs\runs\ls_steepest_edge_random\TSPB\run_074.txt,"63->100->17->44->133->10->178->191->90->125->51->120->67->71->147->192->150->6->188->65->169->132->161->70->3->15->145->13->126->43->2->85->98->116->121->112->19->151->54->73->136->45->5->123->177->171->87->82->58->77->50->111->41->119->159->143->106->124->128->62->18->55->174->183->140->34->35->109->0->12->39->160->33->144->68->8->56->104->157->138->182->139->11->49->29->69->189->167->155->184->53->4->149->101->28->59->199->9->22->185->95->110->86->166->194->88->176->180->26->103->89->127->165->163->186->153->97->141->91->79->61->7->142->78->175->162->46->80->190->105->164->31->193->117->198->30->42->156->24->1->197->16->27->38->102",53
TSPB,LS_Steepest_Edge_Random,75,25260412,146,41017,22955,22955,18062,outputs\runs\ls_steepest_edge_random\TSPB\run_075.txt,"191->120->67->71->147->192->150->6->188->65->169->43->2->139->182->138->11->49->33->160->39->29->12->0->35->109->69->145->195->126->13->132->161->70->3->15->189->167->155->184->53->152->170->34->55->174->183->140->4->149->101->28->59->199->9->95->181->83->18->62->124->128->110->86->185->22->179->57->172->52->166->194->88->176->180->26->103->89->127->165->163->186->153->81->77->58->91->79->61->21->87->82->68->8->56->104->157->171->25->123->177->7->5->78->175->142->45->162->46->80->190->105->136->73->164->31->54->193->30->198->117->151->19->112->121->116->98->51->125->131->24->156->1->197->16->27->38->102->63->100->17->44->133->10->178->90",55
TSPB,LS_Steepest_Edge_Random,76,25260413,150,41666,23964,23964,17702,outputs\runs\ls_steepest_edge_random\TSPB\run_076.txt,"16->27->38->102->63->100->17->44->133->10->178->90->125->191->71->147->192->150->67->120->51->98->85->2->134->6->188->65->169->132->126->13->145->15->161->70->3->189->167->155->184->53->174->55->18->62->128->110->95->9->199->140->4->149->101->28->59->20->148->47->154->94->66->57->172->52->179->22->185->86->166->194->88->176->180->26->103->89->127->165->163->129->106->124->143->159->119->186->153->81->77->58->82->68->111->41->37->35->109->0->12->29->39->160->33->49->11->139->182->138->157->104->56->8->87->171->177->7->78->175->142->5->123->25->158->116->121->112->19->151->54->73->136->45->162->46->80->190->105->164->31->193->117->198->30->42->156->24->1->197",50
TSPB,LS_Steepest_Edge_Random,77,25260414,152,41970,24535,24535,17435,outputs\runs\ls_steepest_edge_random\TSPB\run_077.txt,"95->185->22->179->52->172->57->66->94->154->47->148->20->59->28->101->149->4->199->140->183->174->53->184->155->84->70->161->3->15->145->195->126->13->132->169->65->188->6->150->192->85->2->139->11->49->33->138->182->157->171->25->158->116->98->51->125->120->67->71->191->90->178->10->133->44->17->100->122->131->121->112->19->151->1->197->38->27->16->24->156->42->30->198->117->193->54->31->164->73->136->105->190->80->46->162->45->142->175->78->5->7->177->21->87->61->79->91->141->97->186->153->81->77->58->82->68->8->104->56->144->160->39->29->12->0->35->109->69->189->167->34->55->18->62->124->128->64->176->180->163->165->127->89->103->26->113->88->194->166->86->110",52
TSPB,LS_Steepest_Edge_Random,78,25260415,160,43492,25227,25227,18265,outputs\runs\ls_steepest_edge_random\TSPB\run_078.txt,"41->37->35->109->0->12->29->39->160->33->49->11->138->182->25->123->5->45->142->78->175->162->46->80->190->136->105->196->42->156->16->27->38->197->1->24->198->30->117->193->31->164->73->54->151->19->112->121->116->98->51->120->67->71->191->90->125->131->135->32->102->63->100->17->44->133->10->178->115->147->192->150->85->2->134->6->188->65->169->132->13->126->195->145->15->161->70->3->189->167->155->184->53->140->199->4->149->101->28->59->20->23->60->148->47->154->94->66->22->179->57->172->52->166->194->86->110->95->174->55->18->62->128->124->106->143->159->119->129->180->176->88->113->26->103->89->127->165->163->186->153->81->14->50->77->58->82->87->91->79->61->7->177->171->157->104->56->8->68->111",52
TSPB,LS_Steepest_Edge_Random,79,25260416,152,42469,24689,24689,17780,outputs\runs\ls_steepest_edge_random\TSPB\run_079.txt,"171->157->138->182->139->11->49->33->160->29->109->35->0->12->39->144->56->104->8->68->111->41->119->159->143->106->124->62->18->55->34->69->167->189->145->13->126->169->188->65->132->15->3->161->70->84->155->184->53->174->183->140->4->149->101->28->59->199->9->95->185->22->148->47->154->94->66->57->172->52->179->86->110->128->64->176->180->88->194->113->26->103->114->137->127->165->89->163->186->153->81->77->58->82->87->91->79->61->7->177->123->5->78->175->142->45->162->46->80->190->105->136->73->164->193->31->54->19->112->121->131->151->117->198->30->42->156->24->1->197->16->27->38->102->63->100->17->44->133->10->178->90->125->191->71->67->120->51->98->116->158->25",50
TSPB,LS_Steepest_Edge_Random,80,25260417,150,42117,25087,25087,17030,outputs\runs\ls_steepest_edge_random\TSPB\run_080.txt,"2->139->11->49->33->160->39->29->12->0->109->35->37->41->111->68->50->77->58->82->87->8->56->104->171->157->138->182->25->158->98->51->120->67->71->191->90->178->10->133->44->17->100->63->96->32->102->38->27->16->42->156->30->198->117->193->31->164->73->54->151->24->197->1->131->125->116->121->112->19->173->123->177->5->45->162->46->142->175->78->7->61->79->91->141->97->153->186->163->165->127->89->103->26->180->176->88->194->166->86->179->52->172->57->66->94->154->47->148->22->185->95->9->199->59->28->101->149->4->140->183->174->55->18->62->110->128->124->34->69->189->167->184->155->84->3->70->161->15->145->13->126->132->169->65->188->6->150->192->85",49
TSPB,LS_Steepest_Edge_Random,81,25260418,157,42779,24647,24647,18132,outputs\runs\ls_steepest_edge_random\TSPB\run_081.txt,"119->159->143->106->124->64->176->180->163->165->127->89->103->26->113->88->194->166->86->185->179->52->172->57->66->94->154->47->148->22->130->95->110->128->62->18->55->174->183->9->199->59->28->101->149->4->140->53->184->155->167->189->3->70->161->15->145->13->126->132->169->65->188->6->150->192->147->115->178->10->133->44->17->100->63->102->32->135->131->125->90->191->71->67->120->51->98->116->121->112->19->151->73->164->31->54->117->198->24->1->197->16->38->27->42->156->30->193->105->136->162->46->175->78->142->45->5->7->177->123->25->182->138->11->49->33->160->39->29->12->0->109->35->37->111->41->14->50->58->82->68->8->56->104->157->171->87->21->61->79->91->141->97->77->81->153->186",50
TSPB,LS_Steepest_Edge_Random,82,25260419,150,41750,23862,23862,17888,outputs\runs\ls_steepest_edge_random\TSPB\run_082.txt,"144->160->33->49->11->138->182->25->158->116->121->112->19->151->54->73->164->31->193->117->198->30->42->156->24->1->197->16->27->38->102->63->100->17->44->133->10->178->191->90->125->51->98->118->74->2->85->192->150->6->188->65->169->132->126->13->145->15->3->161->70->84->155->184->167->189->69->109->35->0->29->39->12->37->41->111->68->50->14->81->119->159->143->106->124->62->18->55->83->128->110->86->166->52->179->22->185->95->174->183->140->4->149->101->28->59->199->9->148->47->154->94->66->57->172->48->194->88->176->180->26->103->89->127->165->163->186->153->97->77->58->82->91->79->61->7->142->78->175->46->162->45->5->123->177->171->87->8->104->56",50
TSPB,LS_Steepest_Edge_Random,83,25260420,153,42330,24424,24424,17906,outputs\runs\ls_steepest_edge_random\TSPB\run_083.txt,"178->115->147->192->150->6->188->65->169->132->126->13->145->15->161->70->3->189->167->69->109->35->0->12->29->39->160->33->49->11->138->104->56->144->68->111->41->119->159->143->106->124->128->110->62->18->55->174->183->140->4->149->101->28->59->199->9->148->47->154->94->66->57->172->52->179->22->185->95->86->166->194->76->75->137->114->113->88->176->180->26->103->127->165->89->163->186->153->81->77->58->82->87->8->171->157->182->139->2->85->74->25->123->177->7->5->78->175->142->45->162->46->80->190->105->136->73->164->193->31->54->151->117->198->30->42->156->24->1->197->16->27->38->102->32->135->131->121->116->98->51->120->67->71->191->90->125->122->100->17->44->133->10",51
TSPB,LS_Steepest_Edge_Random,84,25260421,150,42310,23611,23611,18699,outputs\runs\ls_steepest_edge_random\TSPB\run_084.txt,"98->51->120->67->71->191->90->125->131->121->112->19->151->54->73->136->105->164->31->193->117->198->30->42->156->24->1->197->16->27->38->102->63->100->17->44->133->10->178->115->147->192->150->6->188->65->169->132->161->70->3->84->155->184->53->140->199->4->149->101->28->59->20->23->60->148->47->154->94->66->57->172->52->179->22->185->95->174->55->18->62->124->128->110->86->166->194->88->176->180->26->103->89->127->165->163->186->153->81->77->58->82->87->91->79->61->7->78->175->142->46->162->45->5->177->123->25->171->157->104->56->8->68->41->111->144->33->160->39->29->12->0->35->109->69->167->189->15->145->13->126->195->168->139->11->49->138->182->2->85",53
TSPB,LS_Steepest_Edge_Random,85,25260422,155,43230,25334,25334,17896,outputs\runs\ls_steepest_edge_random\TSPB\run_085.txt,"91->79->61->7->78->175->142->46->162->45->5->123->177->171->25->158->112->19->151->54->31->164->73->136->105->193->117->198->30->42->156->24->1->197->16->27->38->102->63->100->17->44->133->10->178->191->90->125->131->121->116->98->51->120->67->71->147->192->150->6->188->65->169->132->13->126->43->2->139->11->182->138->157->104->56->144->160->33->49->29->39->12->0->35->109->69->145->15->3->161->70->84->155->184->189->167->34->55->174->183->140->4->149->101->28->59->199->9->148->23->60->47->154->94->66->57->172->52->179->22->185->95->86->110->128->62->124->64->176->180->88->194->166->48->76->114->26->103->89->127->165->163->186->153->81->77->58->50->14->41->111->68->8->82->87",53
TSPB,LS_Steepest_Edge_Random,86,25260423,157,43533,24826,24826,18707,outputs\runs\ls_steepest_edge_random\TSPB\run_086.txt,"46->162->45->142->175->78->5->7->177->123->25->171->87->21->61->79->91->141->97->77->58->82->8->68->111->41->159->143->124->106->119->153->186->163->165->127->89->103->26->180->176->88->194->166->52->179->172->57->66->94->154->47->148->22->185->86->110->128->62->18->55->181->95->9->199->59->28->101->149->4->140->183->174->53->184->155->167->189->69->109->35->0->12->29->39->160->144->56->104->33->49->11->138->182->139->2->43->126->13->145->15->3->70->161->132->169->65->188->6->150->192->147->115->178->10->133->44->17->100->63->102->32->122->90->191->71->67->120->125->51->98->116->121->112->19->151->117->198->30->156->24->1->197->38->27->16->42->196->193->31->54->164->73->136->105->190->80",56
TSPB,LS_Steepest_Edge_Random,87,25260424,154,43158,23678,23678,19480,outputs\runs\ls_steepest_edge_random\TSPB\run_087.txt,"167->155->184->53->4->149->101->28->59->20->23->60->148->47->154->94->66->57->172->52->179->22->185->95->9->199->140->183->174->55->18->62->124->128->110->86->166->194->88->176->180->26->103->127->165->89->163->186->153->119->159->143->41->111->50->58->77->97->141->91->79->61->21->87->82->68->8->56->104->157->171->123->177->7->5->45->142->78->175->162->46->80->190->105->136->73->164->193->31->54->151->117->198->30->42->156->24->1->197->16->27->38->102->63->100->17->44->133->10->178->90->191->71->67->120->125->51->98->116->121->112->19->158->25->182->138->33->160->39->12->35->109->0->29->49->11->139->2->85->192->150->6->188->65->169->132->126->13->145->161->70->3->15->189",53
TSPB,LS_Steepest_Edge_Random,88,25260425,153,41601,23796,23796,17805,outputs\runs\ls_steepest_edge_random\TSPB\run_088.txt,"0->12->39->29->49->33->160->144->56->104->8->68->111->41->143->159->119->153->186->129->106->124->62->18->55->83->128->110->86->95->185->22->9->199->140->4->149->101->28->59->20->23->60->148->47->154->94->66->57->172->179->52->166->194->88->176->180->26->103->163->89->127->165->187->146->97->77->58->82->87->171->177->123->173->151->54->31->164->73->136->45->142->78->175->162->46->80->190->105->193->117->198->30->42->156->24->1->197->16->27->38->102->32->96->63->100->17->44->133->10->178->191->90->125->71->67->120->51->98->116->121->112->19->158->25->182->138->11->139->2->85->192->150->6->188->65->169->132->126->13->145->15->3->161->70->84->155->184->167->189->69->109->35",55
TSPB,LS_Steepest_Edge_Random,89,25260426,160,43844,26807,26807,17037,outputs\runs\ls_steepest_edge_random\TSPB\run_089.txt,"157->171->25->182->138->11->139->2->85->98->51->116->121->112->19->131->135->32->102->96->122->44->133->178->191->90->125->120->67->71->6->169->132->126->13->145->15->3->70->161->65->188->150->192->147->115->10->17->100->63->92->38->27->16->197->1->24->156->42->30->198->117->151->54->31->193->164->73->136->105->190->80->46->162->45->142->175->78->5->123->177->7->61->79->91->87->82->58->77->50->14->41->111->37->12->0->109->35->34->55->18->62->124->128->110->86->166->194->88->176->180->26->103->163->89->165->127->114->137->75->76->48->52->179->172->57->66->94->154->47->148->20->59->28->101->149->4->140->199->9->22->185->95->174->53->184->155->167->189->69->29->39->49->33->160->144->68->8->56->104",55
TSPB,LS_Steepest_Edge_Random,90,25260427,144,41101,22878,22878,18223,outputs\runs\ls_steepest_edge_random\TSPB\run_090.txt,"149->4->199->140->53->184->155->167->189->69->109->29->39->12->0->35->37->41->111->68->8->56->144->160->33->49->195->145->15->3->70->161->65->188->169->132->13->126->43->2->139->11->138->182->25->158->19->112->121->116->98->51->125->90->191->178->10->133->44->17->100->63->102->38->27->16->197->1->24->156->42->30->198->117->151->54->31->193->164->73->136->105->190->80->46->162->45->142->175->78->5->7->61->79->91->177->123->171->157->104->87->82->58->77->81->153->186->163->89->165->127->137->114->103->26->180->176->88->194->166->86->110->128->124->62->18->55->174->95->185->22->179->52->172->57->66->94->154->47->148->20->59->28->101",47
TSPB,LS_Steepest_Edge_Random,91,25260428,153,42483,23960,23960,18523,outputs\runs\ls_steepest_edge_random\TSPB\run_091.txt,"103->26->180->176->88->194->166->86->110->95->185->22->179->52->172->57->66->94->154->47->148->60->23->20->59->28->101->149->4->199->140->183->174->55->18->62->128->124->34->170->152->53->184->155->167->189->69->109->35->0->12->29->39->160->33->144->56->104->8->68->82->87->171->25->182->138->49->11->139->2->43->126->13->145->15->3->70->161->132->169->65->188->6->150->192->147->71->67->120->98->51->125->90->191->178->10->133->44->17->100->63->102->38->27->16->197->1->24->156->42->30->198->117->151->54->31->193->164->73->173->123->177->5->45->136->105->190->80->46->162->175->78->142->7->61->79->91->141->97->77->58->50->111->41->143->159->119->153->186->163->165->127->89",52
TSPB,LS_Steepest_Edge_Random,92,25260429,152,42313,24492,24492,17821,outputs\runs\ls_steepest_edge_random\TSPB\run_092.txt,"151->54->31->73->164->193->117->198->30->42->156->24->1->197->16->27->38->102->63->100->17->44->133->10->178->191->90->125->51->98->120->67->71->147->192->150->6->85->2->182->138->11->139->168->195->126->13->132->169->188->65->161->70->3->15->145->69->109->35->0->12->39->29->49->33->160->144->56->104->8->68->111->41->119->159->143->106->124->62->34->167->189->155->184->53->4->149->101->28->199->140->183->174->55->18->128->110->86->95->185->22->148->59->20->23->60->47->154->94->66->57->172->179->52->166->194->88->176->180->26->103->89->127->165->163->186->153->81->77->58->82->87->91->79->61->7->78->175->142->46->162->45->5->123->177->171->25->158->116->121->112->19",52
TSPB,LS_Steepest_Edge_Random,93,25260430,156,42823,23844,23844,18979,outputs\runs\ls_steepest_edge_random\TSPB\run_093.txt,"25->171->87->91->79->61->7->177->123->5->45->142->78->175->162->46->80->190->105->136->73->164->54->31->193->117->30->42->156->24->198->151->19->112->121->131->1->197->16->27->38->102->32->96->63->100->17->44->133->10->178->115->147->192->150->6->188->65->169->132->126->13->145->15->161->70->3->189->167->69->109->29->39->12->0->35->37->111->41->119->159->143->106->124->62->18->55->83->128->110->86->185->22->130->95->9->199->140->4->149->101->28->59->20->23->60->148->47->154->94->66->57->172->179->52->166->194->88->176->180->26->103->89->127->165->163->186->153->81->77->58->82->68->8->104->56->144->160->33->49->138->182->11->139->2->85->120->67->71->191->90->125->51->98->116->158",51
TSPB,LS_Steepest_Edge_Random,94,25260431,151,41900,24826,24826,17074,outputs\runs\ls_steepest_edge_random\TSPB\run_094.txt,"51->98->116->121->112->19->151->54->164->73->136->45->5->123->25->157->138->182->11->139->2->43->126->13->132->169->188->65->161->70->3->15->145->195->49->33->160->39->29->12->0->35->109->69->189->167->155->184->53->174->55->18->62->128->110->86->95->185->22->9->199->140->4->149->101->28->59->20->23->60->148->47->154->94->66->57->172->179->52->166->48->76->75->137->114->127->165->89->163->103->26->113->194->88->180->176->64->124->106->143->159->119->186->153->81->77->58->87->82->68->8->56->104->171->177->7->142->78->175->162->46->80->190->105->193->31->117->198->30->42->156->24->1->197->16->27->38->102->63->100->17->44->133->10->178->71->67->120->191->90->125",53
TSPB,LS_Steepest_Edge_Random,95,25260432,147,40918,24112,24112,16806,outputs\runs\ls_steepest_edge_random\TSPB\run_095.txt,"13->145->15->161->70->3->84->155->184->167->189->69->29->39->12->0->109->35->143->159->119->106->124->128->62->18->55->174->183->140->4->149->101->28->199->59->20->23->60->148->47->154->94->66->22->130->95->110->86->185->179->57->172->52->166->194->88->176->180->26->103->89->127->165->163->186->153->81->77->58->91->79->61->7->78->175->162->46->80->190->196->42->16->27->38->102->63->100->17->44->133->10->178->191->90->125->51->98->116->121->131->1->197->24->156->30->198->117->151->54->31->73->164->193->105->136->45->142->5->123->177->171->87->82->8->68->50->14->41->111->144->56->104->157->138->182->139->11->33->160->49->195->126->169->188->65->132",49
TSPB,LS_Steepest_Edge_Random,96,25260433,154,42749,24942,24942,17807,outputs\runs\ls_steepest_edge_random\TSPB\run_096.txt,"124->35->109->0->12->39->29->49->160->33->138->11->139->43->126->13->145->15->3->70->161->132->169->65->188->6->150->192->147->71->67->120->191->178->10->133->44->17->100->122->90->125->51->98->85->2->182->25->123->5->45->136->73->164->31->54->151->19->112->121->131->135->32->102->38->27->16->197->1->24->156->42->30->198->117->193->105->190->80->46->162->142->175->78->7->177->61->79->91->141->97->77->58->82->87->171->157->104->56->8->68->111->41->143->159->119->153->186->163->89->165->127->103->26->180->176->88->194->166->86->185->22->179->52->172->57->66->94->154->47->148->60->23->20->59->28->101->149->4->53->152->170->34->62->18->55->174->183->140->199->9->95->110->128",51
TSPB,LS_Steepest_Edge_Random,97,25260434,156,42875,24031,24031,18844,outputs\runs\ls_steepest_edge_random\TSPB\run_097.txt,"110->128->124->62->18->55->34->170->152->53->184->155->167->189->69->195->126->13->145->15->3->70->161->132->169->65->188->6->150->192->147->71->67->120->125->90->191->178->10->133->44->17->100->63->102->38->27->16->197->1->24->156->42->30->198->117->193->31->164->105->190->80->46->162->175->78->142->45->136->73->54->151->19->112->121->116->51->98->85->2->139->11->49->138->182->25->123->177->171->157->104->8->68->82->87->21->61->79->91->58->77->50->14->41->111->144->56->33->160->39->29->12->0->109->35->143->159->119->153->186->163->26->103->89->165->127->137->114->113->180->176->88->194->166->86->185->22->179->52->172->57->66->94->154->47->148->20->59->28->101->149->4->140->199->9->95",55
TSPB,LS_Steepest_Edge_Random,98,25260435,141,40290,23404,23404,16886,outputs\runs\ls_steepest_edge_random\TSPB\run_098.txt,"38->27->42->156->24->198->30->117->193->151->54->31->164->73->136->105->190->80->46->162->175->78->142->45->5->123->25->171->177->7->61->79->91->87->8->104->56->144->111->41->68->82->58->77->81->153->186->163->165->127->89->103->26->180->176->88->194->166->52->172->57->179->22->66->94->154->47->148->60->23->20->59->28->101->149->4->140->199->9->95->86->110->128->124->62->18->35->0->12->39->29->109->69->189->167->34->55->174->53->184->155->84->70->161->3->15->145->195->126->13->132->169->65->188->150->192->6->43->139->11->49->160->33->138->182->2->85->98->51->120->67->71->191->90->125->116->121->131->1->197->16",49
TSPB,LS_Steepest_Edge_Random,99,25260436,145,41153,22175,22175,18978,outputs\runs\ls_steepest_edge_random\TSPB\run_099.txt,"13->161->70->3->15->145->189->167->69->34->55->18->62->124->128->110->95->9->199->140->4->149->101->28->59->20->148->47->154->94->66->57->172->52->179->22->185->86->166->194->88->176->180->26->103->89->127->165->163->186->153->119->159->143->41->111->37->35->109->0->12->39->29->49->33->160->144->56->104->8->68->82->58->87->91->79->61->7->78->175->142->45->5->123->177->171->157->138->182->11->139->2->85->98->51->125->131->121->112->19->151->54->31->164->73->136->162->46->80->190->105->193->117->198->30->42->156->24->1->197->16->27->38->102->63->100->17->44->133->10->178->90->191->120->67->71->147->192->150->6->188->65->169->132->126",49
TSPB,LS_Steepest_Edge_Random,100,25260437,154,41818,23193,23193,18625,outputs\runs\ls_steepest_edge_random\TSPB\run_100.txt,"89->103->26->113->88->194->166->86->95->185->22->179->52->172->57->66->94->154->47->148->60->23->20->59->28->101->149->4->199->140->183->174->55->34->170->152->53->184->155->167->189->69->109->35->0->12->39->29->49->33->160->144->68->8->56->104->157->171->25->182->138->11->139->43->126->13->145->15->3->70->161->132->169->65->188->6->150->192->147->71->67->120->85->2->74->118->98->51->125->90->191->178->10->133->44->17->100->63->102->38->27->16->197->1->24->156->42->30->198->117->151->54->31->193->164->73->136->105->190->80->46->162->175->78->142->45->5->123->177->7->61->79->91->87->82->58->77->50->111->41->119->159->143->106->124->62->128->110->64->176->180->163->165->127",49
TSPB,LS_Steepest_Edge_Random_Candidate,1,26260341,154,42578,25145,25145,17433,outputs\runs\ls_steepest_edge_random_candidate\TSPB\run_001.txt,"77->81->153->186->163->89->165->127->137->114->103->26->180->176->88->194->166->52->172->57->179->185->86->110->128->124->62->18->55->181->95->130->22->66->94->154->47->148->9->199->59->28->101->149->4->140->183->174->53->184->155->167->189->15->3->70->161->132->169->65->188->6->150->192->147->71->67->120->191->178->10->133->44->17->100->122->90->125->51->98->116->121->112->19->1->197->38->27->16->24->156->42->30->198->117->193->151->54->31->164->73->136->105->190->80->46->162->45->142->175->78->5->7->177->123->25->171->157->182->138->33->160->49->11->139->2->43->126->13->145->29->39->12->0->109->35->37->41->111->50->58->82->68->144->56->104->8->87->21->61->79->91->141->97",8
TSPB,LS_Steepest_Edge_Random_Candidate,2,26260342,143,39366,21861,21861,17505,outputs\runs\ls_steepest_edge_random_candidate\TSPB\run_002.txt,"77->58->82->87->91->79->61->7->177->123->5->45->142->78->175->162->46->80->190->105->136->73->164->193->31->54->151->117->30->198->24->156->42->27->38->16->197->1->131->121->116->158->25->171->157->182->138->104->8->68->56->144->160->33->11->49->29->39->12->0->35->109->69->167->189->15->145->13->126->43->2->85->98->51->125->90->191->120->67->71->147->192->150->6->188->65->169->132->161->70->3->84->155->184->53->152->170->34->55->18->62->83->174->183->140->199->4->149->101->28->59->20->148->47->154->94->66->57->172->52->179->22->185->95->86->110->128->124->64->176->180->88->194->113->26->103->127->165->89->163->186->153->81",6
TSPB,LS_Steepest_Edge_Random_Candidate,3,26260343,156,43590,24558,24558,19032,outputs\runs\ls_steepest_edge_random_candidate\TSPB\run_003.txt,"102->38->27->16->197->1->24->156->42->30->198->117->193->105->190->80->46->162->142->175->78->7->177->61->79->91->87->82->58->77->81->153->186->163->165->127->137->114->89->103->26->180->88->194->166->86->95->185->22->179->52->172->57->66->94->154->47->148->60->23->20->59->28->101->149->4->199->140->183->174->55->18->62->124->128->110->64->176->129->119->159->143->41->111->68->8->56->104->157->171->25->123->5->45->136->73->164->31->54->151->19->112->121->131->125->90->191->71->67->120->51->98->85->2->139->182->138->11->49->33->160->39->29->12->0->35->109->69->189->167->184->155->84->70->161->3->15->145->13->126->132->169->65->188->6->150->192->147->115->178->10->133->44->17->100->63",8
TSPB,LS_Steepest_Edge_Random_Candidate,4,26260344,152,42396,24637,24637,17759,outputs\runs\ls_steepest_edge_random_candidate\TSPB\run_004.txt,"30->42->16->27->38->197->1->24->156->198->117->151->19->112->121->131->122->100->17->44->133->10->178->191->90->125->51->98->118->74->85->2->139->182->138->11->49->33->160->39->29->12->0->109->35->37->111->41->119->159->143->106->124->128->110->86->185->22->130->95->181->62->18->55->34->69->167->189->3->15->145->13->126->132->169->188->65->161->70->84->155->184->53->174->183->140->4->149->101->28->199->59->20->23->60->148->47->154->94->66->57->172->179->52->166->194->88->176->180->26->103->114->137->127->165->89->163->186->153->81->77->58->82->68->8->56->104->87->91->79->61->171->25->123->177->7->5->78->175->142->45->162->46->80->190->105->136->73->164->31->54->193",7
TSPB,LS_Steepest_Edge_Random_Candidate,5,26260345,158,43726,24851,24851,18875,outputs\runs\ls_steepest_edge_random_candidate\TSPB\run_005.txt,"56->104->157->182->138->33->160->49->11->139->2->85->74->25->171->87->91->79->61->7->177->123->5->78->175->142->45->162->46->80->190->105->136->73->164->31->54->193->117->198->30->156->42->16->27->38->197->1->24->151->19->112->121->131->135->32->102->63->100->17->44->133->10->178->191->90->125->51->98->120->67->71->147->192->150->6->188->65->169->132->126->13->145->15->3->161->70->84->155->184->53->174->183->140->199->4->149->101->28->59->20->23->60->148->47->154->94->66->57->172->52->179->22->185->95->86->166->194->88->176->180->26->103->89->127->165->163->186->153->119->159->143->106->124->128->110->62->18->55->34->167->189->69->29->39->12->0->109->35->37->41->111->68->50->77->58->82->8",7
TSPB,LS_Steepest_Edge_Random_Candidate,6,26260346,157,43235,25598,25598,17637,outputs\runs\ls_steepest_edge_random_candidate\TSPB\run_006.txt,"179->22->185->95->110->86->166->194->88->176->180->26->103->89->127->165->163->129->128->83->55->18->62->124->106->143->159->119->186->153->81->77->50->14->41->111->68->144->56->104->8->82->58->87->91->79->61->7->177->123->171->25->182->138->11->139->2->85->98->51->116->112->19->151->173->5->45->142->78->175->162->46->80->190->105->136->73->164->31->54->193->117->198->30->42->156->24->1->197->16->27->38->131->121->125->191->90->122->32->102->63->100->17->44->133->10->178->115->147->192->150->6->188->65->169->132->161->70->3->15->145->13->126->195->49->33->160->39->29->12->0->35->109->69->189->167->155->184->53->174->183->140->199->4->149->101->28->59->20->148->47->154->94->66->57->172->52",8
TSPB,LS_Steepest_Edge_Random_Candidate,7,26260347,159,43560,25521,25521,18039,outputs\runs\ls_steepest_edge_random_candidate\TSPB\run_007.txt,"4->199->140->183->174->53->184->155->84->70->161->3->15->145->13->126->195->69->189->167->34->55->18->62->128->124->106->143->159->119->41->111->37->35->109->0->12->39->29->49->11->139->43->169->65->188->6->150->192->85->2->74->118->98->51->120->67->71->125->90->191->178->10->133->44->17->100->63->102->38->27->16->197->1->24->156->42->30->198->131->121->112->19->151->117->193->31->54->164->73->136->105->190->80->46->162->175->78->142->45->5->7->177->123->25->182->138->33->160->144->56->68->8->104->157->171->87->82->58->77->81->153->186->129->180->176->88->113->26->103->163->89->165->127->137->114->194->166->86->110->95->185->22->179->52->172->57->66->94->154->47->148->60->23->20->59->28->101->149",7
TSPB,LS_Steepest_Edge_Random_Candidate,8,26260348,149,41023,23510,23510,17513,outputs\runs\ls_steepest_edge_random_candidate\TSPB\run_008.txt,"132->126->43->2->182->138->11->139->168->195->13->145->161->70->3->15->189->167->155->184->53->140->199->4->149->101->28->59->20->148->47->154->94->66->9->183->174->55->18->62->124->128->110->86->95->185->22->179->57->172->52->166->194->88->176->180->26->103->89->127->165->163->186->153->119->159->143->35->109->0->12->39->29->49->33->160->144->56->104->157->171->8->68->111->41->14->50->82->87->58->77->97->141->91->79->61->7->177->123->5->45->142->78->175->162->46->80->190->105->136->73->164->31->54->193->117->198->30->156->42->27->92->63->102->38->16->197->1->24->151->19->112->121->116->98->51->125->90->191->120->67->71->147->192->150->6->188->65->169",7
TSPB,LS_Steepest_Edge_Random_Candidate,9,26260349,149,42310,23975,23975,18335,outputs\runs\ls_steepest_edge_random_candidate\TSPB\run_009.txt,"158->98->120->67->71->147->192->150->6->188->65->169->132->161->70->3->15->145->13->126->43->2->139->11->49->33->160->39->29->12->0->35->109->69->189->167->155->184->53->4->149->101->28->59->199->140->183->174->55->18->62->128->110->86->95->185->22->179->57->172->52->166->194->88->176->180->26->103->89->127->165->163->186->153->119->106->124->143->159->41->111->50->77->58->82->8->68->144->56->104->157->138->182->25->171->87->91->79->61->7->177->123->5->78->175->142->45->162->46->80->190->105->136->73->164->193->31->54->151->117->30->198->24->156->42->27->38->16->197->1->131->135->32->102->63->100->17->44->133->10->178->191->90->125->51->116->121->112->19",7
TSPB,LS_Steepest_Edge_Random_Candidate,10,26260350,158,43674,25603,25603,18071,outputs\runs\ls_steepest_edge_random_candidate\TSPB\run_010.txt,"81->186->163->89->103->26->180->176->88->194->166->86->110->128->124->106->119->159->143->62->18->55->34->170->152->53->174->183->140->4->149->101->28->199->59->20->148->47->154->94->66->57->22->179->172->52->48->76->75->137->114->127->165->153->77->97->141->91->79->61->7->177->123->25->171->157->138->182->11->139->2->85->98->51->116->121->112->19->151->54->31->164->73->136->45->142->78->175->162->46->80->190->105->193->117->198->30->42->156->24->1->197->16->27->38->102->63->100->17->44->133->10->178->191->90->125->120->67->71->147->192->150->6->188->65->169->132->126->13->145->15->161->70->3->189->167->69->109->35->0->12->39->29->49->33->160->144->56->104->8->68->82->87->58->50->111->41->14",7
TSPB,LS_Steepest_Edge_Random_Candidate,11,26260351,157,42641,25158,25158,17483,outputs\runs\ls_steepest_edge_random_candidate\TSPB\run_011.txt,"86->95->185->22->179->52->172->57->66->94->154->47->148->20->59->28->101->149->4->199->140->183->174->55->34->170->152->53->184->155->167->189->3->70->161->15->13->132->169->65->188->6->150->192->147->71->67->120->125->90->191->178->10->133->44->17->100->63->102->38->27->16->197->1->24->156->42->30->198->117->193->105->136->162->46->45->142->175->78->5->7->61->79->91->177->123->25->158->173->73->164->31->54->151->19->112->121->116->51->98->85->2->43->126->195->145->69->109->35->0->12->29->39->160->33->49->11->139->182->138->157->171->87->8->104->56->144->111->41->68->82->58->77->97->146->187->165->127->89->103->26->113->194->88->176->180->163->186->153->119->159->143->106->124->62->128->110",7
TSPB,LS_Steepest_Edge_Random_Candidate,12,26260352,154,42672,24307,24307,18365,outputs\runs\ls_steepest_edge_random_candidate\TSPB\run_012.txt,"184->53->152->170->34->55->174->183->140->199->4->149->101->28->59->20->148->47->154->94->66->57->172->52->179->22->185->95->181->83->18->62->124->128->110->86->166->194->88->176->180->26->103->89->114->137->127->165->163->186->153->119->159->143->41->111->68->144->56->104->8->82->58->87->91->79->61->7->177->123->5->78->175->142->45->162->46->80->190->105->136->73->164->54->31->193->117->30->156->42->16->27->38->197->1->24->198->151->19->112->121->131->135->32->102->63->100->17->44->133->10->178->191->90->125->51->98->116->158->25->171->157->138->182->139->11->49->33->160->39->29->12->0->35->109->69->167->189->15->145->13->126->6->192->150->188->65->169->132->161->70->3->84->155",7
TSPB,LS_Steepest_Edge_Random_Candidate,13,26260353,153,42741,24406,24406,18335,outputs\runs\ls_steepest_edge_random_candidate\TSPB\run_013.txt,"88->176->180->26->103->89->127->165->163->186->153->81->77->97->141->91->79->61->58->50->14->41->111->68->8->82->87->171->25->123->177->7->5->78->175->142->45->162->46->80->190->105->136->73->164->31->54->151->193->117->198->30->42->156->24->1->197->16->27->38->102->63->100->17->44->133->10->178->191->90->125->131->121->116->51->98->85->2->139->11->182->138->157->104->56->144->160->33->49->29->39->12->0->35->109->69->167->189->3->15->145->13->126->132->169->188->6->192->150->65->161->70->84->155->184->53->152->170->34->55->18->62->124->128->181->174->183->140->4->149->101->28->199->59->20->23->60->148->47->154->94->66->57->172->52->179->22->185->95->110->86->166->194",7
TSPB,LS_Steepest_Edge_Random_Candidate,14,26260354,148,41751,23631,23631,18120,outputs\runs\ls_steepest_edge_random_candidate\TSPB\run_014.txt,"60->23->20->59->199->28->101->149->4->140->174->183->9->95->181->55->18->62->110->128->124->106->159->143->35->109->0->12->39->29->69->167->189->15->3->70->161->145->13->126->132->169->65->188->6->150->192->85->2->139->11->49->160->33->138->182->25->123->173->73->54->151->19->112->121->131->125->90->191->51->98->120->67->71->178->10->133->44->17->100->63->102->38->27->16->197->1->24->156->42->30->198->117->193->31->164->136->105->190->80->46->162->175->78->142->45->5->7->177->171->157->104->56->8->68->82->87->58->77->50->111->41->119->153->186->163->89->165->127->103->26->180->176->88->194->166->86->185->22->179->52->172->57->66->94->154->47->148",7
TSPB,LS_Steepest_Edge_Random_Candidate,15,26260355,156,43555,25451,25451,18104,outputs\runs\ls_steepest_edge_random_candidate\TSPB\run_015.txt,"86->166->194->88->176->180->26->103->163->129->119->159->143->106->124->128->62->18->55->174->183->140->199->59->28->101->149->4->53->184->155->84->70->161->132->13->126->195->145->15->3->189->167->69->109->35->0->12->39->29->49->11->139->2->43->169->65->188->6->150->192->147->71->67->120->98->51->125->90->191->178->10->133->44->17->100->63->102->38->27->16->197->1->24->156->42->30->198->117->193->31->164->73->54->151->19->112->121->116->158->25->182->138->33->160->144->56->104->157->171->177->123->5->45->136->105->190->80->46->162->175->78->142->7->61->79->91->58->82->87->8->68->111->41->14->50->77->81->153->186->165->89->127->114->137->75->76->48->52->172->57->179->22->185->95->110",7
TSPB,LS_Steepest_Edge_Random_Candidate,16,26260356,152,42560,24690,24690,17870,outputs\runs\ls_steepest_edge_random_candidate\TSPB\run_016.txt,"13->161->70->3->15->145->195->126->43->139->11->49->160->39->29->12->0->35->109->69->189->167->155->184->170->34->55->18->62->124->128->110->86->95->183->140->174->53->4->149->101->28->59->199->9->22->179->57->172->52->166->194->88->176->180->26->103->89->127->165->163->186->153->97->77->81->119->159->143->41->111->50->58->82->68->8->104->56->144->33->138->182->25->158->116->121->112->19->151->54->31->164->73->173->123->177->171->87->91->79->61->7->5->78->175->142->45->162->46->80->190->105->136->193->117->198->30->42->156->24->1->197->16->27->38->102->63->100->17->44->133->10->178->90->125->191->71->67->120->51->98->118->74->2->85->192->150->6->188->65->169->132",7
TSPB,LS_Steepest_Edge_Random_Candidate,17,26260357,142,40685,23246,23246,17439,outputs\runs\ls_steepest_edge_random_candidate\TSPB\run_017.txt,"39->29->12->0->109->35->37->41->111->50->77->58->87->82->68->8->56->104->157->171->25->123->177->7->5->45->142->78->175->46->162->136->105->193->31->164->73->54->117->30->198->151->19->112->121->116->98->51->120->67->71->191->90->125->131->1->197->24->156->42->16->27->38->102->63->100->17->44->133->10->178->115->147->192->150->6->188->65->169->132->161->70->3->84->155->184->53->174->183->140->4->149->101->28->199->59->20->148->9->95->185->22->179->57->172->52->166->194->88->113->26->103->127->165->89->163->180->176->86->110->128->124->62->18->55->34->69->167->189->15->145->13->126->43->2->139->11->182->138->49->33->160",7
TSPB,LS_Steepest_Edge_Random_Candidate,18,26260358,159,43121,24310,24310,18811,outputs\runs\ls_steepest_edge_random_candidate\TSPB\run_018.txt,"162->45->142->175->78->5->7->177->123->25->171->87->82->58->61->79->91->141->97->77->50->14->41->111->68->8->56->104->157->138->182->139->11->49->33->160->39->29->12->0->109->35->124->106->143->159->119->153->186->163->26->103->89->165->127->137->114->113->180->176->88->194->166->86->110->128->62->18->83->181->95->185->22->179->52->172->57->66->94->154->47->148->20->59->28->101->149->4->199->140->183->174->55->34->170->152->53->184->155->167->189->145->15->3->70->161->13->126->132->169->65->188->6->150->192->85->2->74->118->98->116->121->51->120->67->71->191->125->90->178->10->133->44->17->100->63->102->38->27->16->197->1->24->156->42->30->198->117->151->54->31->193->164->73->136->105->190->80->46",6
TSPB,LS_Steepest_Edge_Random_Candidate,19,26260359,142,39680,22988,22988,16692,outputs\runs\ls_steepest_edge_random_candidate\TSPB\run_019.txt,"188->65->169->132->126->13->161->70->3->15->145->189->167->155->184->53->152->170->34->55->18->62->128->110->86->95->185->22->148->47->154->94->66->57->172->179->52->166->194->88->176->180->26->103->89->127->165->163->186->153->119->106->124->143->159->41->14->50->77->58->82->87->104->56->8->68->111->37->35->109->0->12->39->29->195->168->139->11->49->160->33->138->182->2->85->98->51->116->121->125->191->90->131->19->112->158->25->171->123->177->7->5->45->142->78->175->162->46->80->190->105->136->73->164->193->31->54->151->117->198->30->42->156->24->1->197->16->27->38->102->63->100->17->44->133->10->178->115->147->192->150->6",7
TSPB,LS_Steepest_Edge_Random_Candidate,20,26260360,146,40878,22769,22769,18109,outputs\runs\ls_steepest_edge_random_candidate\TSPB\run_020.txt,"116->98->51->120->67->71->147->192->150->6->188->65->169->132->126->13->145->15->161->70->3->189->167->155->184->53->174->183->140->199->4->149->101->28->59->20->23->60->148->9->95->130->22->185->86->110->64->176->180->88->194->114->137->127->165->89->103->26->163->186->153->119->159->143->106->124->128->62->18->55->34->69->109->35->0->12->29->39->160->33->49->11->139->182->138->157->171->104->56->8->68->111->41->14->50->77->58->82->87->91->79->61->7->177->123->5->45->142->78->175->162->46->80->190->105->136->73->164->31->54->151->193->117->198->30->42->156->24->1->197->16->27->38->102->63->100->17->44->133->10->178->191->90->125->131->121",7
TSPB,LS_Steepest_Edge_Random_Candidate,21,26260361,154,42957,25186,25186,17771,outputs\runs\ls_steepest_edge_random_candidate\TSPB\run_021.txt,"153->81->77->58->82->68->111->41->37->35->109->0->12->29->39->160->33->49->11->139->182->138->157->104->56->8->87->91->79->61->171->25->123->177->7->5->78->175->142->45->162->46->80->190->105->136->73->19->112->151->54->31->164->193->117->198->30->42->156->24->1->197->16->27->38->102->63->100->17->44->133->122->131->121->116->125->90->191->71->67->120->51->98->118->74->2->85->192->150->6->188->65->169->132->126->13->145->15->161->70->3->189->167->69->34->55->170->152->53->4->149->101->28->199->59->20->23->60->148->9->140->183->174->95->130->22->66->57->172->52->179->185->86->110->128->62->124->106->143->159->119->129->180->176->88->194->113->26->103->89->127->165->163->186",7
TSPB,LS_Steepest_Edge_Random_Candidate,22,26260362,159,43508,24643,24643,18865,outputs\runs\ls_steepest_edge_random_candidate\TSPB\run_022.txt,"17->100->63->102->38->27->16->197->1->24->156->42->30->198->117->193->105->190->80->46->162->175->78->142->45->136->73->164->31->54->151->19->112->121->116->158->25->123->177->7->61->79->91->87->82->58->77->81->153->186->119->159->143->106->124->128->110->86->166->194->88->176->180->26->103->163->89->165->127->114->137->75->76->48->52->179->172->57->66->94->154->47->148->20->59->28->101->149->4->140->199->9->22->185->95->181->62->18->55->34->170->152->53->184->155->167->189->69->29->39->12->0->109->35->37->41->111->68->8->56->104->171->157->182->138->33->160->49->11->139->168->195->126->13->145->15->3->70->161->132->169->65->188->6->150->192->85->2->74->118->98->51->125->90->191->178->10->133->44",8
TSPB,LS_Steepest_Edge_Random_Candidate,23,26260363,152,41594,23959,23959,17635,outputs\runs\ls_steepest_edge_random_candidate\TSPB\run_023.txt,"90->125->191->71->67->120->51->98->118->74->2->85->192->150->6->188->65->169->43->139->11->49->33->160->39->12->0->35->109->29->195->126->13->145->15->161->70->3->189->167->69->34->174->183->140->4->149->101->28->59->199->9->148->47->154->94->66->57->172->52->179->22->185->95->86->110->128->83->55->18->62->124->106->143->159->119->129->180->176->88->194->113->26->103->89->127->165->163->186->153->81->77->58->82->87->8->68->41->111->144->56->104->138->182->157->171->25->123->177->7->5->78->175->142->45->162->46->80->190->105->136->73->164->31->54->193->117->198->30->42->156->24->16->27->38->197->1->151->19->112->121->131->135->32->102->63->100->17->44->133->10->178",6
TSPB,LS_Steepest_Edge_Random_Candidate,24,26260364,144,39930,21591,21591,18339,outputs\runs\ls_steepest_edge_random_candidate\TSPB\run_024.txt,"18->55->174->183->140->199->4->149->101->28->59->20->23->60->148->9->95->185->22->94->154->66->57->172->52->179->86->166->194->88->176->180->26->103->89->127->165->163->186->153->81->77->58->82->87->8->68->111->144->56->104->157->171->25->123->177->7->5->78->175->142->45->162->46->80->190->105->136->73->164->193->31->54->151->117->198->30->42->156->24->1->197->16->27->38->102->63->100->17->44->133->10->178->191->90->125->71->67->120->51->98->118->74->2->85->192->150->6->188->65->169->132->161->70->3->15->145->13->126->195->168->139->11->182->138->33->160->49->29->39->12->0->109->35->37->41->119->159->143->106->124->128->110->62",7
TSPB,LS_Steepest_Edge_Random_Candidate,25,26260365,155,43184,25717,25717,17467,outputs\runs\ls_steepest_edge_random_candidate\TSPB\run_025.txt,"188->6->71->67->120->85->2->139->182->138->11->49->29->0->109->35->12->39->160->33->144->56->104->8->68->111->41->119->159->143->106->124->128->110->62->18->55->34->69->195->126->13->145->15->3->161->70->84->155->189->167->184->53->174->183->140->199->4->149->101->28->59->20->148->47->154->94->66->57->172->52->179->22->185->95->86->166->194->88->176->180->26->103->89->127->165->163->186->153->81->77->58->82->87->91->79->61->171->25->123->177->7->5->78->175->142->45->162->46->80->190->105->136->73->164->31->54->193->117->30->42->16->27->38->102->32->135->131->1->197->24->156->198->151->19->112->121->116->98->51->125->191->90->122->100->17->44->133->10->178->115->147->192->150->65",7
TSPB,LS_Steepest_Edge_Random_Candidate,26,26260366,148,41751,22807,22807,18944,outputs\runs\ls_steepest_edge_random_candidate\TSPB\run_026.txt,"4->149->101->28->59->199->9->148->47->154->94->66->57->172->52->179->22->185->95->174->55->18->62->124->128->110->86->166->194->88->176->180->26->103->89->127->165->163->186->153->81->14->41->37->35->109->0->12->29->39->144->68->111->50->77->58->82->8->87->91->79->61->7->177->123->25->171->157->104->56->160->33->49->11->138->182->139->2->85->98->120->67->71->191->90->125->51->116->121->112->19->151->54->31->164->73->136->45->142->78->175->162->46->80->190->105->193->117->198->30->42->156->24->1->197->16->27->38->102->63->100->17->44->133->10->178->115->147->192->150->6->188->65->169->132->126->13->161->70->3->15->145->189->167->155->184->53->140",6
TSPB,LS_Steepest_Edge_Random_Candidate,27,26260367,137,39604,21988,21988,17616,outputs\runs\ls_steepest_edge_random_candidate\TSPB\run_027.txt,"192->147->71->67->120->98->51->125->90->191->178->10->133->44->17->100->63->102->38->27->16->197->1->24->156->42->30->198->117->151->131->121->112->19->73->164->54->31->193->136->105->190->80->46->162->45->142->175->78->5->7->61->79->91->177->123->25->182->138->11->49->33->160->39->29->12->0->109->35->37->41->111->144->56->104->157->171->87->8->68->82->58->77->81->153->186->163->165->127->89->103->26->180->176->88->194->166->86->185->22->130->95->110->128->124->62->18->55->174->183->9->199->59->28->101->149->4->140->53->184->155->167->189->3->70->161->15->145->13->126->43->2->169->65->188->6->150",6
TSPB,LS_Steepest_Edge_Random_Candidate,28,26260368,149,41679,23864,23864,17815,outputs\runs\ls_steepest_edge_random_candidate\TSPB\run_028.txt,"172->179->52->166->194->88->176->180->26->103->89->127->165->163->186->153->81->77->58->50->14->41->111->68->8->82->87->91->79->61->7->5->78->175->142->45->46->162->136->105->193->31->164->73->54->117->30->156->42->16->27->38->197->1->24->198->151->19->112->121->116->158->25->123->177->171->157->104->56->144->160->33->49->11->138->182->139->2->85->98->51->125->90->122->100->17->44->133->10->178->191->120->67->71->147->192->150->6->188->65->169->132->126->13->145->161->70->3->15->189->167->69->109->29->39->12->0->35->34->170->152->53->4->149->101->28->59->199->140->183->174->55->18->62->124->128->110->86->95->185->22->148->23->60->47->154->94->66->57",6
TSPB,LS_Steepest_Edge_Random_Candidate,29,26260369,145,40841,22278,22278,18563,outputs\runs\ls_steepest_edge_random_candidate\TSPB\run_029.txt,"128->110->86->166->194->88->176->180->26->103->89->127->165->163->186->153->81->77->58->82->87->171->157->104->56->8->68->111->41->37->35->109->0->12->29->39->160->33->49->11->138->182->25->123->177->7->5->45->142->78->175->162->46->80->190->105->136->73->164->54->31->193->117->198->30->42->156->24->151->19->112->121->116->98->51->125->191->90->131->1->197->16->27->38->102->63->100->17->44->133->10->178->71->67->120->85->2->134->192->150->6->188->65->169->132->13->126->195->145->15->161->70->3->189->167->69->34->55->174->183->140->4->149->101->28->59->199->9->148->47->154->94->66->57->172->52->179->22->185->95->181->83->18->62->124",7
TSPB,LS_Steepest_Edge_Random_Candidate,30,26260370,156,43364,25590,25590,17774,outputs\runs\ls_steepest_edge_random_candidate\TSPB\run_030.txt,"51->125->120->67->71->191->90->178->10->133->44->17->100->63->102->38->27->16->42->156->24->197->1->131->151->198->30->117->54->73->164->31->193->105->136->162->46->175->78->142->45->5->7->61->79->91->87->82->58->77->81->153->186->163->129->119->159->143->106->124->62->128->110->86->88->176->180->26->103->89->165->127->137->114->194->166->52->179->172->57->66->94->154->47->148->20->59->199->9->22->185->95->181->83->18->55->174->183->140->28->101->149->4->53->184->155->167->189->15->3->70->161->145->13->126->132->169->65->188->6->150->192->85->2->139->182->138->11->49->33->160->39->29->12->0->109->35->37->41->111->144->56->68->8->104->157->171->177->123->25->158->19->112->121->116->98",7
TSPB,LS_Steepest_Edge_Random_Candidate,31,26260371,155,42532,24085,24085,18447,outputs\runs\ls_steepest_edge_random_candidate\TSPB\run_031.txt,"77->58->87->82->68->8->56->104->157->171->25->123->177->91->79->61->7->5->78->175->142->45->162->46->80->190->105->136->73->164->54->31->193->117->30->156->42->16->27->38->197->1->24->198->151->19->112->121->131->135->32->102->63->100->17->44->133->10->178->90->125->191->71->67->120->51->98->85->2->134->192->150->6->188->65->169->132->161->70->3->15->145->13->126->195->168->139->11->182->138->33->160->49->29->39->12->0->109->35->37->111->41->119->159->143->106->124->128->62->18->55->174->183->140->199->4->149->101->28->59->20->148->47->154->94->66->57->172->52->179->22->185->95->110->86->166->48->76->75->137->114->127->165->89->103->26->113->194->88->176->180->163->186->153->81",7
TSPB,LS_Steepest_Edge_Random_Candidate,32,26260372,158,43827,25191,25191,18636,outputs\runs\ls_steepest_edge_random_candidate\TSPB\run_032.txt,"5->123->177->7->61->79->91->87->58->82->68->8->56->104->157->171->25->182->138->11->49->33->160->39->29->12->0->35->109->69->189->167->34->55->18->62->128->124->106->143->159->119->41->111->50->77->81->153->186->163->89->165->127->137->114->103->26->180->176->88->194->166->86->110->95->185->22->179->52->172->57->66->94->154->47->148->20->59->199->28->101->149->4->140->183->174->53->184->155->84->70->161->3->15->145->13->126->132->169->65->188->6->85->2->74->118->98->51->125->90->191->71->67->150->192->147->115->178->10->133->44->17->100->63->102->32->135->131->121->112->19->151->24->1->197->38->27->16->42->156->30->198->117->193->54->31->164->73->136->105->190->80->46->162->175->78->142->45",6
TSPB,LS_Steepest_Edge_Random_Candidate,33,26260373,149,41740,23435,23435,18305,outputs\runs\ls_steepest_edge_random_candidate\TSPB\run_033.txt,"30->42->156->24->1->197->16->27->38->102->63->100->17->122->32->135->131->19->112->121->116->125->90->44->133->10->178->191->71->67->120->51->98->118->74->2->85->192->150->6->188->65->169->132->126->13->161->70->3->15->145->189->167->69->34->55->18->62->124->128->110->86->95->185->22->9->199->140->4->149->101->28->59->20->148->47->154->94->66->57->172->179->52->166->194->88->176->180->26->103->127->165->89->163->186->153->81->77->58->82->68->111->41->37->35->109->0->12->39->29->49->11->139->182->138->33->160->144->56->104->8->87->91->79->61->171->25->123->177->7->5->78->175->142->45->162->46->80->190->105->136->73->164->193->31->54->151->117->198",7
TSPB,LS_Steepest_Edge_Random_Candidate,34,26260374,152,43042,23853,23853,19189,outputs\runs\ls_steepest_edge_random_candidate\TSPB\run_034.txt,"154->94->66->57->172->52->179->22->185->95->9->199->140->183->174->55->34->167->189->69->143->159->119->106->124->62->128->110->86->166->194->88->176->180->26->103->89->127->165->163->186->153->81->77->58->82->87->91->79->61->7->177->123->5->45->142->78->175->162->46->80->190->105->136->73->164->193->31->54->151->117->198->30->42->156->24->1->197->16->27->38->102->63->100->17->44->133->10->178->191->90->125->51->98->116->121->112->19->158->25->171->157->104->56->8->68->111->41->37->35->109->0->12->29->39->160->33->49->11->138->182->139->2->85->192->150->6->188->65->169->132->126->13->145->15->3->161->70->84->155->184->53->4->149->101->28->59->20->23->60->148->47",7
TSPB,LS_Steepest_Edge_Random_Candidate,35,26260375,161,44433,26183,26183,18250,outputs\runs\ls_steepest_edge_random_candidate\TSPB\run_035.txt,"179->52->172->57->66->94->154->47->148->60->23->20->59->28->101->149->4->140->199->9->95->110->128->181->174->53->184->155->84->70->161->3->15->13->126->195->145->189->167->69->34->55->18->62->124->106->159->143->109->29->39->12->0->35->37->111->68->8->82->87->171->157->104->56->144->160->33->49->11->138->182->25->158->19->112->121->131->125->51->98->85->2->43->169->65->188->6->150->192->147->71->67->120->191->90->178->10->133->44->17->100->63->102->38->27->16->197->1->24->156->42->30->198->117->151->54->31->193->164->73->136->105->190->80->46->162->45->142->175->78->5->123->177->7->61->79->91->141->97->77->58->50->14->41->119->153->186->163->89->165->127->103->26->180->176->88->194->166->86->185->22",7
TSPB,LS_Steepest_Edge_Random_Candidate,36,26260376,148,41581,23076,23076,18505,outputs\runs\ls_steepest_edge_random_candidate\TSPB\run_036.txt,"197->1->24->156->42->30->198->117->193->31->54->164->73->136->105->190->80->46->162->45->142->175->78->5->7->61->79->91->141->97->77->58->82->87->8->68->111->144->56->104->157->171->177->123->25->173->151->19->112->121->116->98->118->74->85->2->139->182->138->11->49->33->160->39->29->12->0->109->35->37->41->119->159->143->106->124->128->110->86->64->163->165->127->89->103->26->180->176->88->194->166->52->172->57->179->22->185->95->9->199->59->28->101->149->4->140->183->174->55->18->62->34->69->167->189->145->15->3->70->161->13->126->132->169->65->188->6->150->192->147->71->67->120->51->125->90->191->178->10->133->44->17->100->63->102->38->27->16",8
TSPB,LS_Steepest_Edge_Random_Candidate,37,26260377,147,40940,23121,23121,17819,outputs\runs\ls_steepest_edge_random_candidate\TSPB\run_037.txt,"70->3->15->145->189->167->69->34->174->183->140->4->149->101->28->199->59->20->23->60->148->47->154->94->66->57->172->52->179->22->185->95->181->55->18->62->124->143->159->119->106->128->110->86->166->194->88->176->180->26->103->89->127->165->163->186->153->81->77->58->82->68->111->41->37->35->109->0->12->29->39->160->144->56->104->8->87->171->123->177->7->5->45->142->78->175->162->46->80->190->105->136->73->164->54->31->193->117->30->42->27->38->16->197->1->24->156->198->151->19->112->121->131->125->90->191->178->133->44->10->115->147->192->150->71->67->120->51->98->116->158->25->182->138->33->49->11->139->2->43->126->13->132->169->188->65->161",6
TSPB,LS_Steepest_Edge_Random_Candidate,38,26260378,152,42667,23531,23531,19136,outputs\runs\ls_steepest_edge_random_candidate\TSPB\run_038.txt,"56->144->160->33->49->11->138->182->139->2->85->98->51->116->158->25->123->177->171->87->82->58->77->81->119->159->143->106->124->128->110->62->18->55->174->183->140->199->4->149->101->28->59->20->148->47->154->94->66->57->172->52->179->22->185->95->86->166->194->88->176->180->26->103->89->127->165->163->186->153->97->141->91->79->61->7->5->78->175->142->45->162->46->80->190->105->136->73->164->54->31->193->117->151->19->112->121->131->1->197->24->156->198->30->42->16->27->38->102->63->100->17->44->133->10->178->191->90->125->120->67->71->147->192->150->6->188->65->169->132->126->13->145->15->161->70->3->189->167->69->29->39->12->0->109->35->37->41->111->68->8->104",7
TSPB,LS_Steepest_Edge_Random_Candidate,39,26260379,149,41541,23422,23422,18119,outputs\runs\ls_steepest_edge_random_candidate\TSPB\run_039.txt,"16->197->1->24->198->151->19->112->121->116->125->131->135->32->102->63->100->17->44->133->10->178->90->191->71->67->120->51->98->85->2->43->126->13->132->169->188->65->161->70->3->15->145->189->167->69->34->55->18->62->124->128->110->86->95->185->22->9->183->174->140->199->4->149->101->28->59->20->23->60->148->47->154->94->66->57->172->179->52->166->194->88->176->180->26->103->89->127->165->163->186->153->119->159->143->35->109->0->29->49->11->139->182->138->33->160->39->12->37->41->111->50->77->58->82->87->8->68->144->56->104->157->171->25->123->177->7->5->45->142->78->175->162->46->80->190->105->136->73->164->31->54->193->117->30->156->42->27->38",7
TSPB,LS_Steepest_Edge_Random_Candidate,40,26260380,155,42483,24081,24081,18402,outputs\runs\ls_steepest_edge_random_candidate\TSPB\run_040.txt,"148->47->154->94->66->57->172->52->179->22->185->95->110->86->166->194->88->180->176->64->128->124->106->143->159->119->129->26->103->89->127->165->163->186->153->81->77->58->82->68->8->56->104->87->91->79->61->171->157->138->182->11->139->2->85->98->51->120->67->71->191->90->125->131->121->116->158->25->123->177->7->5->45->142->78->175->162->46->80->190->105->136->73->164->193->31->54->151->117->198->30->42->156->24->1->197->16->27->38->102->63->100->17->44->133->10->178->115->147->192->150->6->188->65->169->132->161->70->3->15->145->13->126->195->49->33->160->39->29->12->0->35->109->69->189->167->155->184->53->152->170->34->62->18->55->174->183->140->4->149->101->28->199->59->20",9
TSPB,LS_Steepest_Edge_Random_Candidate,41,26260381,158,42983,25174,25174,17809,outputs\runs\ls_steepest_edge_random_candidate\TSPB\run_041.txt,"35->109->29->160->33->49->11->138->182->74->118->98->51->125->116->121->131->135->32->102->63->100->17->44->133->10->178->90->191->71->67->120->85->2->134->192->150->6->188->65->169->132->126->13->161->70->3->15->145->189->167->155->184->53->152->170->34->55->174->183->140->199->4->149->101->28->59->20->148->47->154->94->66->57->172->179->52->166->194->114->137->127->165->89->163->103->26->180->176->88->86->185->22->130->95->110->128->62->124->106->143->159->119->41->111->50->77->58->82->68->8->87->91->79->61->7->177->123->5->78->175->142->45->162->46->80->190->105->136->73->164->31->54->193->30->156->42->16->27->38->197->1->24->198->117->151->19->112->158->25->171->157->104->56->144->39->12->0",7
TSPB,LS_Steepest_Edge_Random_Candidate,42,26260382,155,42023,24431,24431,17592,outputs\runs\ls_steepest_edge_random_candidate\TSPB\run_042.txt,"131->38->27->16->197->1->24->156->42->30->198->117->151->54->31->193->164->73->136->105->190->80->46->162->45->142->175->78->5->7->177->123->25->171->157->104->8->68->82->87->58->77->97->153->186->163->165->127->89->103->26->113->194->88->176->180->129->81->14->41->111->144->56->138->182->139->11->49->33->160->39->29->12->0->109->35->143->159->119->106->124->128->110->62->18->55->181->95->185->22->179->52->172->57->66->94->154->47->148->60->23->20->59->199->28->101->149->4->140->183->174->53->184->155->167->189->3->70->161->15->145->13->126->132->169->65->188->6->134->2->85->150->192->147->115->178->10->133->44->17->100->63->102->32->122->125->90->191->71->67->120->51->98->116->121",7
TSPB,LS_Steepest_Edge_Random_Candidate,43,26260383,149,41916,24921,24921,16995,outputs\runs\ls_steepest_edge_random_candidate\TSPB\run_043.txt,"184->53->140->199->4->149->101->28->59->20->148->9->183->174->55->18->83->181->95->185->22->179->57->172->52->48->76->75->137->114->127->165->89->163->103->26->180->176->88->194->166->86->110->128->62->124->106->143->159->119->186->153->81->14->41->111->68->50->77->58->82->8->104->56->144->160->33->138->182->25->171->87->91->79->61->7->177->123->5->45->142->78->175->162->46->80->190->105->136->73->164->31->193->30->156->42->16->27->38->197->1->24->198->117->54->151->19->112->121->131->135->32->102->63->100->17->44->133->10->178->90->191->71->67->120->125->51->98->85->2->139->11->49->29->39->12->0->35->109->69->167->189->145->15->3->161->70->84->155",8
TSPB,LS_Steepest_Edge_Random_Candidate,44,26260384,147,40252,22106,22106,18146,outputs\runs\ls_steepest_edge_random_candidate\TSPB\run_044.txt,"22->66->94->154->47->148->20->59->28->101->149->4->199->140->183->174->55->18->62->110->128->124->106->119->159->143->35->109->0->12->39->29->49->33->160->144->56->104->157->138->182->11->139->2->43->126->13->145->15->189->167->184->155->84->3->70->161->132->169->65->188->6->150->192->147->71->67->120->98->51->125->90->191->178->10->133->44->17->100->63->96->32->102->38->27->16->197->1->24->156->42->30->198->117->151->54->31->193->164->73->136->105->190->80->46->162->45->142->175->78->5->7->177->123->25->171->87->82->8->68->111->41->14->50->58->77->81->153->186->163->165->127->89->103->26->180->176->88->194->166->52->172->57->179->185->95->130",6
TSPB,LS_Steepest_Edge_Random_Candidate,45,26260385,142,39715,22100,22100,17615,outputs\runs\ls_steepest_edge_random_candidate\TSPB\run_045.txt,"154->94->66->57->172->52->179->22->185->86->166->194->88->176->180->26->114->137->127->165->89->103->163->186->153->119->159->143->41->111->50->77->58->87->82->68->8->104->56->144->160->33->49->11->138->182->139->2->85->74->118->98->51->116->121->131->1->197->24->151->54->31->164->73->136->45->142->78->175->162->46->80->190->105->193->117->198->30->156->42->16->27->38->102->63->100->17->44->133->10->178->191->90->125->120->67->71->147->192->150->6->188->65->169->132->126->13->145->15->161->70->3->189->167->69->109->29->39->12->0->35->34->55->18->62->124->128->110->95->9->199->140->4->149->101->28->59->20->23->60->148->47",8
TSPB,LS_Steepest_Edge_Random_Candidate,46,26260386,136,39355,21975,21975,17380,outputs\runs\ls_steepest_edge_random_candidate\TSPB\run_046.txt,"78->175->162->46->80->190->105->136->73->164->193->31->54->151->117->30->198->24->156->42->16->27->38->197->1->131->121->116->98->51->125->90->122->100->17->44->133->10->178->191->120->67->71->147->192->150->6->188->65->169->132->126->13->161->70->3->15->145->189->167->155->184->53->4->149->101->28->59->199->140->183->174->95->185->22->179->57->172->52->166->194->88->176->180->26->103->89->127->165->163->186->153->119->159->143->106->124->128->110->62->18->55->34->69->109->35->37->41->111->0->12->39->29->49->11->139->182->138->33->160->144->56->104->8->68->82->58->87->171->25->123->177->7->5->45->142",6
TSPB,LS_Steepest_Edge_Random_Candidate,47,26260387,146,39455,22709,22709,16746,outputs\runs\ls_steepest_edge_random_candidate\TSPB\run_047.txt,"103->26->113->194->88->176->180->129->81->14->50->111->41->119->159->143->106->124->128->110->62->18->55->174->183->9->95->185->22->179->52->172->57->66->94->154->47->148->20->59->28->101->149->4->199->140->53->184->155->84->3->70->161->65->188->169->132->13->126->195->145->15->189->167->69->109->35->0->12->29->39->160->144->56->104->157->182->138->33->49->11->139->2->85->74->118->98->51->120->67->71->191->90->125->116->121->131->135->32->102->38->27->16->197->1->24->156->42->30->198->117->151->54->31->193->164->73->136->105->190->80->46->162->175->78->142->45->5->7->177->123->25->171->8->68->82->87->58->77->97->153->186->163->89->165->127",6
TSPB,LS_Steepest_Edge_Random_Candidate,48,26260388,156,42678,24916,24916,17762,outputs\runs\ls_steepest_edge_random_candidate\TSPB\run_048.txt,"31->193->117->30->42->156->24->198->151->19->112->121->116->98->118->74->2->85->51->120->67->71->191->90->125->131->1->197->16->27->38->102->63->100->17->44->133->10->178->115->147->192->150->6->188->65->169->132->126->13->161->70->3->15->145->189->167->69->34->55->170->152->53->174->183->140->4->149->101->28->59->199->9->95->185->22->148->47->154->94->66->57->172->179->52->166->194->88->113->26->103->127->165->89->163->180->176->86->110->128->62->124->106->119->159->143->35->109->0->12->29->39->160->33->49->11->139->182->138->104->56->144->68->111->41->14->50->77->58->91->79->61->21->87->82->8->157->171->25->123->177->7->5->45->142->78->175->162->46->80->190->105->136->73->164->54",8
TSPB,LS_Steepest_Edge_Random_Candidate,49,26260389,157,42555,25175,25175,17380,outputs\runs\ls_steepest_edge_random_candidate\TSPB\run_049.txt,"57->172->52->179->185->86->166->194->88->176->180->26->103->89->127->165->163->64->110->95->130->22->9->199->140->183->174->55->18->62->128->124->106->143->159->119->41->111->50->77->58->82->68->8->104->56->144->160->33->138->182->25->171->123->177->21->87->91->79->61->7->5->78->175->142->45->162->46->80->190->105->136->73->164->31->54->193->117->198->30->156->42->16->27->38->197->1->24->151->19->112->121->116->125->191->90->131->135->32->102->63->100->17->44->133->10->178->115->147->192->150->71->67->120->51->98->118->74->85->2->139->11->49->39->12->0->35->109->29->195->126->13->132->169->188->65->161->70->3->15->145->189->167->155->184->53->4->149->101->28->59->20->148->47->154->94->66",7
TSPB,LS_Steepest_Edge_Random_Candidate,50,26260390,154,42028,23721,23721,18307,outputs\runs\ls_steepest_edge_random_candidate\TSPB\run_050.txt,"180->176->88->194->166->86->185->22->179->52->172->57->66->94->154->47->148->20->59->28->101->149->4->140->199->9->95->110->128->124->106->119->159->143->62->18->55->34->170->152->53->184->155->167->189->69->29->39->12->0->109->35->37->41->14->50->111->68->8->104->56->144->160->33->49->11->139->182->138->157->171->25->158->116->51->98->85->2->43->126->13->145->15->3->70->161->132->169->65->188->6->150->192->147->71->67->120->191->90->125->131->121->112->19->151->24->1->197->16->38->102->63->92->27->42->156->30->198->117->193->54->31->164->73->136->105->190->80->46->162->45->142->175->78->5->123->177->7->61->79->91->87->82->58->77->81->153->186->163->165->127->89->103->26",7
TSPB,LS_Steepest_Edge_Random_Candidate,51,26260391,158,43384,24586,24586,18798,outputs\runs\ls_steepest_edge_random_candidate\TSPB\run_051.txt,"6->150->192->147->115->178->10->133->44->17->100->63->96->32->102->38->27->16->197->1->131->125->90->191->71->67->120->51->98->116->121->112->19->151->24->156->42->30->198->117->193->31->54->164->73->136->105->190->80->46->162->45->142->175->78->5->7->177->123->25->171->157->8->68->82->87->21->61->79->91->58->77->50->111->41->143->62->128->124->106->159->119->153->186->163->165->127->89->103->26->180->176->88->194->166->86->110->95->185->22->179->52->172->57->66->94->154->47->148->20->59->199->28->101->149->4->140->183->174->55->34->170->152->53->184->155->167->189->69->109->35->0->12->39->29->49->33->160->144->56->104->138->182->11->139->2->43->126->13->145->15->3->70->161->132->169->65->188",8
TSPB,LS_Steepest_Edge_Random_Candidate,52,26260392,159,43257,25508,25508,17749,outputs\runs\ls_steepest_edge_random_candidate\TSPB\run_052.txt,"133->10->178->90->191->120->67->71->147->192->150->6->188->65->169->132->13->126->43->2->139->11->49->33->160->39->29->12->0->35->109->69->145->15->161->70->3->189->167->155->184->53->152->170->34->55->18->62->181->95->9->199->140->4->149->101->28->59->20->23->60->148->47->154->94->66->22->179->57->172->52->166->86->110->128->124->106->143->159->119->153->186->163->180->176->88->194->113->26->103->89->127->165->187->146->97->77->58->91->79->61->21->87->82->8->68->41->111->144->56->104->157->138->182->25->171->123->177->7->5->78->175->142->45->162->46->80->190->105->136->73->164->31->193->30->198->117->54->151->19->112->121->116->98->51->125->131->24->156->1->197->16->27->38->102->63->100->17->44",8
TSPB,LS_Steepest_Edge_Random_Candidate,53,26260393,156,43208,25949,25949,17259,outputs\runs\ls_steepest_edge_random_candidate\TSPB\run_053.txt,"159->143->106->124->128->110->62->18->55->174->183->140->4->149->101->28->199->59->20->23->60->148->47->154->94->66->57->22->179->172->52->166->48->76->75->137->114->127->165->89->163->103->26->113->194->88->176->180->129->186->153->81->77->58->91->79->61->7->142->78->175->46->162->45->5->123->177->171->87->82->68->8->104->56->144->160->33->49->11->138->182->25->173->136->105->193->31->164->73->54->151->117->198->30->42->156->24->1->197->16->27->38->102->63->100->17->44->133->10->178->191->90->125->131->121->116->51->98->118->74->2->85->192->150->6->188->65->169->132->126->13->145->15->3->161->70->84->155->189->167->184->53->152->170->34->69->109->29->39->12->0->35->37->111->41->119",7
TSPB,LS_Steepest_Edge_Random_Candidate,54,26260394,131,38011,21019,21019,16992,outputs\runs\ls_steepest_edge_random_candidate\TSPB\run_054.txt,"82->87->8->104->157->171->123->177->7->5->45->142->78->175->162->46->80->190->105->136->73->164->31->54->193->196->42->16->27->38->102->63->100->17->44->133->10->178->191->90->125->131->1->197->24->156->30->198->117->151->19->112->121->116->158->25->182->138->11->139->2->85->192->150->6->188->65->169->132->126->13->145->15->161->70->3->189->167->69->34->55->18->62->124->128->110->86->95->185->22->148->47->154->94->66->57->172->179->52->166->194->88->176->180->26->103->89->127->165->163->186->153->81->77->58->50->111->41->37->35->109->0->12->29->39->160->49->33->144->56->68",5
TSPB,LS_Steepest_Edge_Random_Candidate,55,26260395,147,40174,22826,22826,17348,outputs\runs\ls_steepest_edge_random_candidate\TSPB\run_055.txt,"125->90->191->120->67->71->147->192->150->6->188->65->169->132->13->126->195->168->43->2->139->11->49->33->138->182->157->104->56->144->160->39->29->12->0->35->109->69->167->189->145->15->3->161->70->84->155->184->53->152->170->34->124->128->62->18->55->174->183->140->4->149->101->28->59->199->9->148->47->154->94->66->57->172->52->179->22->185->95->86->110->64->176->180->88->194->113->26->103->89->127->165->163->186->153->81->77->58->82->68->8->87->91->79->61->7->78->175->142->46->162->45->5->123->177->171->25->158->112->19->151->54->164->73->136->105->193->31->117->198->30->42->156->24->1->197->16->27->38->102->32->135->131->121->116->98->51",7
TSPB,LS_Steepest_Edge_Random_Candidate,56,26260396,157,43480,24532,24532,18948,outputs\runs\ls_steepest_edge_random_candidate\TSPB\run_056.txt,"35->109->69->167->189->15->145->13->126->43->2->85->98->51->120->67->71->191->90->125->131->121->112->19->173->5->45->142->78->175->46->162->136->105->193->31->164->73->54->151->117->198->30->42->156->24->1->197->16->27->38->102->63->100->17->44->133->10->178->115->147->192->150->6->188->65->169->132->161->70->3->84->155->184->53->152->170->34->55->18->62->124->128->181->174->183->140->199->4->149->101->28->59->20->148->47->154->94->66->57->172->52->179->22->185->95->110->86->166->194->88->176->180->26->103->89->127->165->163->186->153->119->159->143->41->111->68->8->87->82->58->77->97->141->91->79->61->7->177->123->25->171->157->104->56->144->138->182->139->11->49->33->160->39->29->12->0",7
TSPB,LS_Steepest_Edge_Random_Candidate,57,26260397,150,41642,23559,23559,18083,outputs\runs\ls_steepest_edge_random_candidate\TSPB\run_057.txt,"29->39->160->33->49->11->139->182->138->157->171->25->123->177->7->5->78->175->142->45->162->46->80->190->105->136->73->164->193->31->54->151->117->198->30->42->156->24->1->197->16->27->38->102->63->100->17->44->133->10->178->90->191->71->147->192->150->67->120->125->131->121->116->51->98->118->74->85->2->43->126->13->132->169->188->65->161->70->3->15->145->189->167->155->184->53->152->170->34->62->124->128->18->55->174->183->140->199->4->149->101->28->59->20->148->47->154->94->66->57->172->52->179->22->185->95->110->86->166->194->88->176->180->26->103->127->165->89->163->186->153->119->159->143->41->111->68->50->77->58->82->87->8->104->56->144->12->0->35->109",7
TSPB,LS_Steepest_Edge_Random_Candidate,58,26260398,146,40609,23628,23628,16981,outputs\runs\ls_steepest_edge_random_candidate\TSPB\run_058.txt,"184->53->4->149->101->28->59->199->140->183->174->55->18->62->34->69->109->0->29->39->12->35->143->159->106->124->128->110->64->176->180->88->86->95->185->22->179->57->172->52->166->194->113->26->103->89->127->165->163->186->153->119->41->111->68->8->87->82->58->77->97->141->91->79->61->7->78->175->142->46->162->45->5->123->177->171->157->104->56->144->160->33->49->138->182->11->139->2->85->74->118->98->116->112->19->151->54->31->164->73->136->105->193->117->198->30->42->156->24->1->197->16->27->38->102->63->96->32->135->131->121->125->90->191->51->120->67->71->147->192->150->6->188->65->169->132->126->13->161->70->3->15->145->189->167->155",7
TSPB,LS_Steepest_Edge_Random_Candidate,59,26260399,150,42622,24253,24253,18369,outputs\runs\ls_steepest_edge_random_candidate\TSPB\run_059.txt,"10->178->90->191->120->67->71->147->192->150->6->188->65->169->132->161->70->3->15->145->13->126->43->2->85->98->51->125->131->121->112->19->158->25->171->87->82->68->8->104->56->144->160->33->138->182->139->11->49->29->39->12->0->35->109->69->189->167->155->184->53->174->183->140->4->149->101->28->59->199->9->95->185->22->179->57->172->52->166->194->86->110->128->83->55->18->62->124->64->88->176->180->26->103->89->127->165->163->186->153->119->159->143->41->111->50->58->77->97->141->91->79->61->7->177->123->5->78->175->142->45->162->46->80->190->105->136->73->164->193->31->54->151->117->198->30->42->156->24->1->197->16->27->38->102->63->100->17->44->133",6
TSPB,LS_Steepest_Edge_Random_Candidate,60,26260400,160,43273,25508,25508,17765,outputs\runs\ls_steepest_edge_random_candidate\TSPB\run_060.txt,"120->125->51->98->116->121->112->19->151->198->24->1->197->38->27->16->42->156->30->117->193->54->31->164->73->136->105->190->80->46->162->175->78->142->45->5->7->61->79->91->58->82->87->21->177->123->25->171->157->104->8->68->144->56->138->182->139->11->49->33->160->39->29->12->0->109->35->37->41->111->50->77->97->146->187->165->127->89->103->26->163->186->153->119->159->143->106->124->62->18->55->83->128->110->86->176->180->88->194->166->52->179->172->57->66->94->154->47->148->22->185->95->9->199->59->28->101->149->4->140->183->174->53->184->155->167->189->3->70->161->15->145->13->126->132->169->65->188->6->134->2->85->150->192->147->115->178->10->133->44->17->100->63->102->32->122->90->191->71->67",7
TSPB,LS_Steepest_Edge_Random_Candidate,61,26260401,141,39426,21895,21895,17531,outputs\runs\ls_steepest_edge_random_candidate\TSPB\run_061.txt,"111->144->160->33->49->138->182->11->139->2->85->98->116->112->19->173->136->45->142->78->175->162->46->80->190->105->193->31->164->73->54->151->117->198->30->42->156->24->1->197->16->27->38->102->32->135->131->121->51->125->90->191->120->67->71->147->192->150->6->188->65->169->132->126->13->161->70->3->15->145->29->39->12->0->109->35->37->41->119->159->143->106->124->62->18->55->83->128->110->86->95->9->199->140->4->149->101->28->59->20->148->47->154->94->66->22->179->57->172->52->166->194->88->176->180->26->103->89->127->165->163->186->153->81->77->58->82->87->91->79->61->7->177->123->25->171->157->104->56->8->68",7
TSPB,LS_Steepest_Edge_Random_Candidate,62,26260402,152,41533,22555,22555,18978,outputs\runs\ls_steepest_edge_random_candidate\TSPB\run_062.txt,"69->109->35->0->29->39->12->37->111->41->119->159->143->106->124->62->18->55->34->170->152->53->174->183->140->199->4->149->101->28->59->20->148->47->154->94->66->57->172->52->179->22->185->95->86->110->128->64->176->180->88->194->113->26->103->89->127->165->163->186->153->81->77->58->91->79->61->21->87->82->68->8->104->56->144->160->33->49->11->139->182->138->157->171->177->123->25->158->116->121->112->19->151->54->31->164->73->136->45->142->78->175->162->46->80->190->105->193->117->198->30->42->156->24->1->197->16->27->38->102->63->100->17->44->133->10->178->191->90->125->51->98->120->67->71->147->192->150->6->188->65->169->132->126->13->145->15->161->70->3->189->167",6
TSPB,LS_Steepest_Edge_Random_Candidate,63,26260403,135,39435,22561,22561,16874,outputs\runs\ls_steepest_edge_random_candidate\TSPB\run_063.txt,"95->185->22->179->57->172->52->166->194->113->26->103->114->137->127->165->89->163->186->153->81->77->58->82->87->91->79->61->7->5->45->142->78->175->162->46->80->190->105->136->73->164->31->54->193->117->198->30->42->156->24->1->197->16->27->38->102->63->100->17->44->133->10->178->71->67->120->191->90->125->51->98->116->121->112->19->151->173->123->177->171->25->182->138->11->49->33->160->144->56->104->8->68->111->41->119->159->143->35->109->0->12->39->29->145->15->13->126->132->169->188->6->192->150->65->161->70->3->189->167->155->184->53->174->55->18->62->124->128->64->176->180->88->86->110",7
TSPB,LS_Steepest_Edge_Random_Candidate,64,26260404,152,42626,24205,24205,18421,outputs\runs\ls_steepest_edge_random_candidate\TSPB\run_064.txt,"22->66->94->154->47->148->9->199->59->28->101->149->4->140->183->174->95->86->110->128->62->18->55->34->69->167->189->3->70->161->15->145->13->126->132->169->65->188->6->150->192->147->115->178->10->133->44->17->100->122->125->90->191->71->67->120->51->98->85->2->139->182->11->49->29->109->35->0->12->39->160->33->138->157->171->25->158->116->121->131->135->32->102->38->27->16->197->1->24->156->42->30->198->117->151->54->31->193->164->73->136->105->190->80->46->162->45->142->175->78->5->123->177->7->61->79->91->141->97->77->58->82->87->8->104->56->144->68->111->41->159->143->124->106->119->153->186->163->165->127->89->103->26->180->176->88->194->166->52->172->57->179",7
TSPB,LS_Steepest_Edge_Random_Candidate,65,26260405,142,39945,21974,21974,17971,outputs\runs\ls_steepest_edge_random_candidate\TSPB\run_065.txt,"179->172->57->66->94->154->47->148->20->59->28->101->149->4->199->140->183->174->55->18->62->34->69->167->189->145->15->3->70->161->13->126->132->169->65->188->6->150->192->98->51->125->90->191->120->67->71->178->10->133->44->17->100->63->102->38->27->16->197->1->24->156->42->30->198->117->151->54->31->73->164->193->105->136->162->46->175->78->142->45->5->7->177->123->171->25->182->138->11->49->33->160->39->29->12->0->109->35->37->41->111->68->144->56->104->8->82->87->21->61->79->91->58->77->81->153->186->119->159->143->106->124->128->110->95->130->22->185->86->176->180->163->165->127->89->103->26->113->88->194->166->52",8
TSPB,LS_Steepest_Edge_Random_Candidate,66,26260406,148,40791,22154,22154,18637,outputs\runs\ls_steepest_edge_random_candidate\TSPB\run_066.txt,"171->87->82->68->8->104->56->144->160->33->138->182->2->85->74->118->98->116->121->112->19->151->54->31->164->73->136->105->193->117->198->30->42->156->24->1->197->16->27->38->102->63->100->17->44->133->10->178->191->90->125->51->120->67->71->147->192->150->6->188->65->169->132->161->70->3->15->145->13->126->43->139->11->49->29->39->12->0->109->35->37->111->41->119->159->143->106->124->62->18->55->83->128->110->95->174->183->140->199->4->149->101->28->59->20->23->60->148->47->154->94->66->57->172->52->179->22->185->86->166->194->88->176->180->26->103->89->127->165->163->186->153->81->77->58->91->79->61->7->78->175->142->46->162->45->5->123->177",6
TSPB,LS_Steepest_Edge_Random_Candidate,67,26260407,152,42530,24572,24572,17958,outputs\runs\ls_steepest_edge_random_candidate\TSPB\run_067.txt,"197->16->27->38->102->63->100->17->44->133->10->178->191->90->125->51->98->85->2->139->182->138->11->49->33->160->39->29->12->0->109->35->37->41->119->159->143->106->124->128->110->62->18->34->167->189->69->195->126->13->132->169->188->6->192->150->65->161->70->145->15->3->84->155->184->53->4->149->101->28->59->199->140->183->174->55->181->95->130->22->148->47->154->94->66->57->172->52->179->185->86->166->194->88->176->180->26->103->89->127->165->163->186->153->81->77->58->82->8->68->111->144->56->104->157->171->87->91->79->61->7->177->123->25->158->116->121->112->19->151->54->31->164->73->136->45->142->78->175->162->46->80->190->105->193->117->198->30->42->156->24->1",6
TSPB,LS_Steepest_Edge_Random_Candidate,68,26260408,153,42124,24537,24537,17587,outputs\runs\ls_steepest_edge_random_candidate\TSPB\run_068.txt,"124->128->110->86->88->176->180->26->103->163->89->165->127->137->114->194->166->52->172->179->22->57->66->94->154->47->148->20->59->199->28->101->149->4->140->183->174->55->18->62->34->170->152->53->184->155->84->3->70->161->132->169->65->188->6->150->192->147->71->67->120->125->90->191->178->10->133->44->17->100->63->102->38->27->16->197->1->24->156->42->30->198->117->151->54->31->73->164->193->105->136->162->46->175->78->142->45->5->7->177->123->171->25->158->19->112->121->116->51->98->85->2->182->138->33->160->49->11->139->168->195->126->13->145->15->189->167->69->109->35->0->29->39->12->37->41->111->68->144->56->104->8->87->82->58->77->81->153->186->119->159->143->106",7
TSPB,LS_Steepest_Edge_Random_Candidate,69,26260409,148,40711,23189,23189,17522,outputs\runs\ls_steepest_edge_random_candidate\TSPB\run_069.txt,"150->192->147->115->178->10->133->44->17->100->96->32->102->63->92->38->27->16->197->1->24->156->42->30->198->117->193->151->54->31->164->73->136->105->190->80->46->162->175->78->142->45->5->7->177->123->171->157->104->56->8->87->58->82->68->111->41->143->159->119->153->186->129->180->176->88->113->26->103->163->89->165->127->137->114->194->166->52->179->172->57->66->94->154->47->148->20->59->28->101->149->4->140->199->9->95->130->22->185->86->110->128->124->62->18->55->34->69->167->189->3->70->161->15->145->13->132->65->188->169->126->195->168->29->109->35->0->12->39->160->33->49->11->138->182->25->158->19->112->121->116->98->51->125->90->191->71->67",6
TSPB,LS_Steepest_Edge_Random_Candidate,70,26260410,152,42137,23570,23570,18567,outputs\runs\ls_steepest_edge_random_candidate\TSPB\run_070.txt,"73->164->193->31->54->151->117->198->30->42->156->24->1->197->16->27->38->102->63->100->17->44->133->122->131->121->125->90->191->71->67->120->51->98->116->158->25->182->138->33->49->11->139->2->85->192->150->6->188->65->169->132->126->13->145->15->3->161->70->84->155->189->167->184->53->152->170->34->55->18->62->124->128->110->181->174->183->140->4->149->101->28->59->199->9->95->130->22->148->47->154->94->66->57->172->52->179->185->86->166->194->88->176->180->26->103->89->127->165->163->186->153->81->77->58->82->8->68->111->41->37->35->109->0->12->29->39->160->144->56->104->157->171->123->177->21->87->91->79->61->7->5->78->175->142->45->162->46->80->190->105->136",7
TSPB,LS_Steepest_Edge_Random_Candidate,71,26260411,160,43811,25737,25737,18074,outputs\runs\ls_steepest_edge_random_candidate\TSPB\run_071.txt,"9->199->59->28->101->149->4->140->183->174->53->152->170->34->55->18->62->110->128->124->106->143->159->119->41->37->35->109->0->12->39->160->144->56->104->33->49->29->69->167->189->3->70->161->15->145->13->126->195->168->11->138->182->139->2->43->169->65->188->6->150->192->147->71->67->120->51->98->116->121->112->19->131->125->90->191->178->10->133->44->17->100->63->96->32->102->38->27->16->197->1->24->156->42->30->198->117->151->54->31->193->164->73->136->105->190->80->46->162->45->142->175->78->5->7->177->123->25->171->61->79->91->58->82->87->8->68->111->50->77->81->153->186->163->89->165->127->137->114->103->26->180->176->88->194->166->86->185->179->52->172->57->66->94->154->47->148->22->130->95",6
TSPB,LS_Steepest_Edge_Random_Candidate,72,26260412,147,40728,22635,22635,18093,outputs\runs\ls_steepest_edge_random_candidate\TSPB\run_072.txt,"89->127->165->163->186->153->81->77->58->82->87->91->79->61->7->5->45->142->78->175->162->46->80->190->105->136->73->164->31->54->193->117->30->156->42->16->27->38->197->1->24->198->151->173->123->177->171->157->104->56->8->68->144->160->33->49->11->138->182->25->158->116->121->112->19->131->125->90->191->71->67->120->51->98->118->74->2->85->192->150->6->188->65->169->132->13->126->195->145->15->161->70->3->189->167->69->109->35->0->29->39->12->37->111->41->119->159->143->106->124->62->18->55->83->128->110->86->95->174->183->140->199->4->149->101->28->59->20->23->60->148->47->154->94->66->22->179->57->172->52->166->194->88->176->180->26->103",7
TSPB,LS_Steepest_Edge_Random_Candidate,73,26260413,141,39565,22790,22790,16775,outputs\runs\ls_steepest_edge_random_candidate\TSPB\run_073.txt,"54->151->117->198->30->42->156->24->1->197->16->27->38->102->63->100->17->44->133->10->178->90->191->120->67->71->147->192->150->6->188->65->169->132->161->70->3->84->155->184->167->189->15->145->13->126->43->2->85->98->51->125->131->19->112->121->116->118->74->139->11->49->160->33->138->182->25->123->177->171->157->104->56->144->68->8->87->82->58->77->50->111->41->119->159->143->106->124->128->62->18->55->174->183->140->4->149->101->28->59->199->9->22->185->95->110->86->166->194->88->176->180->26->103->89->127->165->163->186->153->97->141->91->79->61->7->5->78->175->142->45->162->46->80->190->105->136->73->164->193->31",7
TSPB,LS_Steepest_Edge_Random_Candidate,74,26260414,153,43178,24003,24003,19175,outputs\runs\ls_steepest_edge_random_candidate\TSPB\run_074.txt,"176->88->194->166->86->110->128->124->62->18->55->174->95->185->22->179->52->172->57->66->94->154->47->148->20->59->28->101->149->4->199->140->53->184->155->167->189->69->109->29->39->12->0->35->37->41->111->50->58->87->82->68->8->104->56->144->160->33->49->11->138->182->139->2->43->126->13->145->15->3->70->161->132->169->65->188->6->150->192->147->71->67->120->51->98->116->121->112->19->131->125->90->191->178->10->133->44->17->100->63->102->38->27->16->197->1->24->156->42->30->198->117->151->54->31->193->164->73->136->105->190->80->46->162->45->142->175->78->5->7->177->123->25->171->61->79->91->141->97->77->81->143->159->119->153->186->163->165->127->89->103->26->180",7
TSPB,LS_Steepest_Edge_Random_Candidate,75,26260415,150,41940,23070,23070,18870,outputs\runs\ls_steepest_edge_random_candidate\TSPB\run_075.txt,"1->24->156->42->30->198->117->193->164->73->31->54->151->19->112->121->116->158->25->123->45->162->46->175->78->142->5->7->177->171->157->104->56->8->87->21->61->79->91->141->97->77->58->82->68->111->41->37->12->39->160->33->138->182->139->11->49->29->0->109->35->143->159->119->153->186->163->165->127->89->103->26->180->176->88->194->166->86->110->128->124->62->18->55->174->183->140->199->9->95->185->22->179->52->172->57->66->94->154->47->148->20->59->28->101->149->4->53->184->155->167->189->3->70->161->15->145->13->126->132->169->65->188->6->150->192->85->2->74->118->98->51->120->67->71->191->125->90->178->10->133->44->17->100->63->102->38->27->16->197",7
TSPB,LS_Steepest_Edge_Random_Candidate,76,26260416,147,40719,23030,23030,17689,outputs\runs\ls_steepest_edge_random_candidate\TSPB\run_076.txt,"103->26->180->176->88->194->166->52->179->172->57->66->94->154->47->148->20->59->28->101->149->4->199->140->183->174->95->130->22->185->86->110->128->62->18->55->34->69->167->189->145->15->3->70->161->13->126->132->169->65->188->6->150->192->147->115->178->10->133->44->17->100->122->90->191->125->51->98->116->121->131->135->32->96->63->102->38->27->16->197->1->24->156->42->30->198->117->193->54->31->164->73->136->105->190->80->46->162->45->142->175->78->5->7->177->123->173->151->19->112->158->25->182->138->11->49->33->160->29->109->35->0->12->39->144->56->104->157->171->87->58->82->8->68->111->41->159->143->124->106->119->153->186->163->165->127->89",7
TSPB,LS_Steepest_Edge_Random_Candidate,77,26260417,157,42530,24503,24503,18027,outputs\runs\ls_steepest_edge_random_candidate\TSPB\run_077.txt,"172->57->66->94->154->47->148->22->130->95->174->183->140->199->59->28->101->149->4->53->184->155->167->189->69->109->35->0->12->39->29->49->11->33->160->144->111->41->68->82->87->8->56->104->138->182->157->171->25->74->85->2->43->168->195->126->13->145->15->3->70->161->132->169->65->188->6->150->192->147->71->67->120->51->98->116->121->131->125->90->191->178->10->133->44->17->100->63->96->32->102->38->27->16->197->1->24->156->42->30->198->117->151->54->31->193->164->73->136->105->190->80->46->162->175->78->142->45->5->123->177->7->61->79->91->58->77->81->153->186->163->89->165->127->103->26->113->194->88->176->180->129->119->159->143->106->124->62->18->55->83->128->110->86->185->179->52",7
TSPB,LS_Steepest_Edge_Random_Candidate,78,26260418,146,41711,22693,22693,19018,outputs\runs\ls_steepest_edge_random_candidate\TSPB\run_078.txt,"95->185->22->179->52->172->57->66->94->154->47->148->9->199->59->28->101->149->4->140->183->174->53->184->155->167->189->69->109->35->0->12->29->39->160->144->111->41->68->8->104->56->33->49->11->138->182->139->2->43->126->13->145->15->3->70->161->132->169->65->188->6->150->192->147->71->67->120->98->51->125->90->191->178->10->133->44->17->100->63->102->38->27->16->197->1->156->24->131->121->112->19->151->198->30->117->193->31->54->164->73->136->105->190->80->46->162->175->78->142->45->5->123->25->171->177->7->61->79->91->87->82->58->77->81->153->186->163->165->127->89->103->26->180->176->88->194->166->86->110->128->124->62->18->55->181",7
TSPB,LS_Steepest_Edge_Random_Candidate,79,26260419,152,42220,24184,24184,18036,outputs\runs\ls_steepest_edge_random_candidate\TSPB\run_079.txt,"196->42->156->24->1->197->16->27->38->102->32->135->131->151->198->30->117->193->164->73->31->54->19->112->121->125->90->191->120->67->71->178->133->44->10->115->147->192->150->6->188->65->169->132->126->13->145->15->161->70->3->189->167->155->184->53->140->199->4->149->101->28->59->20->148->47->154->94->66->57->172->52->179->22->185->95->174->55->18->62->124->128->110->86->166->194->88->176->180->26->103->89->127->165->163->186->153->119->159->143->35->109->0->12->29->39->160->49->33->104->56->144->111->41->14->50->77->58->82->68->8->87->91->79->61->7->177->171->157->138->182->11->139->2->85->98->51->116->158->25->123->5->78->175->142->45->162->46->80->190->136->105",7
TSPB,LS_Steepest_Edge_Random_Candidate,80,26260420,145,40544,22419,22419,18125,outputs\runs\ls_steepest_edge_random_candidate\TSPB\run_080.txt,"49->138->182->25->171->123->177->7->5->45->142->78->175->162->46->80->190->105->136->73->164->193->31->54->151->117->198->30->42->156->24->1->197->16->27->38->102->32->96->63->100->17->44->133->10->178->191->90->125->131->121->116->51->98->118->74->11->139->2->85->192->150->6->188->65->169->132->126->13->145->15->161->70->3->189->167->155->184->53->152->170->34->124->128->62->18->55->174->183->140->199->4->149->101->28->59->20->148->47->154->94->66->57->172->52->179->22->185->95->110->86->166->194->88->176->180->26->103->89->127->165->163->186->153->81->77->58->87->82->68->8->104->56->144->111->41->37->35->109->0->12->29->39->160->33",7
TSPB,LS_Steepest_Edge_Random_Candidate,81,26260421,158,43511,26038,26038,17473,outputs\runs\ls_steepest_edge_random_candidate\TSPB\run_081.txt,"44->133->10->178->115->147->192->150->6->188->65->169->43->2->85->98->51->120->67->71->191->90->125->131->121->112->19->158->25->182->138->49->11->139->168->195->126->13->145->15->161->70->3->189->167->155->184->53->174->183->140->4->149->101->28->59->199->9->148->47->154->94->66->57->172->179->52->166->194->113->26->103->114->137->127->165->89->163->186->153->129->180->176->88->86->185->22->130->95->110->128->124->62->18->55->34->69->109->35->0->29->39->12->37->143->159->119->41->111->68->144->160->33->56->104->8->82->58->87->171->123->177->91->79->61->7->5->45->142->78->175->162->46->80->190->105->136->73->164->193->31->54->151->117->198->30->42->156->24->1->197->16->27->38->102->63->100->17",7
TSPB,LS_Steepest_Edge_Random_Candidate,82,26260422,157,43468,24628,24628,18840,outputs\runs\ls_steepest_edge_random_candidate\TSPB\run_082.txt,"198->117->193->105->190->80->46->162->175->78->142->45->136->73->164->31->54->151->19->112->158->25->123->177->7->61->79->91->87->171->157->104->56->144->160->33->138->182->139->11->49->29->39->12->0->109->35->37->41->111->68->8->82->58->77->81->153->186->163->165->127->89->103->26->180->176->88->194->166->86->110->128->124->106->119->159->143->62->18->55->174->183->9->95->185->22->179->52->172->57->66->94->154->47->148->60->23->20->59->28->101->149->4->199->140->53->184->167->189->155->84->3->15->145->70->161->132->13->126->169->65->188->6->150->192->147->71->67->120->191->90->125->51->98->85->2->74->118->116->121->131->122->133->44->17->100->63->102->38->27->16->197->1->24->156->42->30",7
TSPB,LS_Steepest_Edge_Random_Candidate,83,26260423,153,42731,23729,23729,19002,outputs\runs\ls_steepest_edge_random_candidate\TSPB\run_083.txt,"23->60->148->47->154->94->66->57->172->52->179->22->185->95->181->128->110->86->166->194->88->176->180->26->114->137->127->165->89->103->163->186->153->81->77->58->91->79->61->7->78->175->142->46->162->45->5->123->177->171->25->182->138->33->49->11->139->2->85->98->51->125->131->121->112->19->151->54->73->164->31->193->117->198->30->42->156->24->1->197->16->27->38->102->32->96->63->100->17->44->133->10->178->90->191->120->67->71->147->192->150->6->188->65->169->132->126->13->145->15->3->161->70->84->155->184->167->189->69->109->35->0->12->29->39->160->144->56->104->87->82->8->68->111->41->119->159->143->106->124->62->18->55->174->183->140->4->149->101->28->199->59->20",7
TSPB,LS_Steepest_Edge_Random_Candidate,84,26260424,159,43127,25027,25027,18100,outputs\runs\ls_steepest_edge_random_candidate\TSPB\run_084.txt,"16->27->38->102->63->100->17->44->133->10->178->191->90->125->120->67->71->147->192->150->6->188->65->169->132->126->13->161->70->3->15->145->189->167->69->62->18->55->34->170->152->53->174->183->140->4->149->101->28->199->59->20->23->60->148->47->154->94->66->57->22->179->172->52->48->76->114->26->180->176->88->194->166->86->110->128->124->106->143->159->119->129->103->89->127->165->163->186->153->81->77->97->141->91->79->61->58->82->87->21->177->123->25->171->157->104->56->8->68->111->41->37->35->109->0->12->29->39->160->33->49->138->182->11->139->2->85->74->118->98->51->116->121->112->19->151->54->31->164->73->136->45->142->78->175->162->46->80->190->105->193->117->198->30->42->156->24->1->197",6
TSPB,LS_Steepest_Edge_Random_Candidate,85,26260425,155,42236,24627,24627,17609,outputs\runs\ls_steepest_edge_random_candidate\TSPB\run_085.txt,"176->88->194->166->86->185->22->179->52->172->57->66->94->154->47->60->23->20->59->148->9->199->28->101->149->4->140->183->174->95->110->128->62->18->55->34->170->152->53->184->155->167->189->3->70->161->15->145->69->109->0->35->37->41->111->12->29->39->160->33->49->11->138->182->139->2->43->126->13->132->169->65->188->6->150->192->147->71->67->120->98->51->125->90->191->178->10->133->44->17->100->63->102->38->27->16->197->1->24->156->42->30->198->117->193->164->73->31->54->151->19->112->121->116->158->25->123->5->45->162->46->175->78->142->7->177->171->157->104->56->144->68->8->87->82->58->77->50->14->81->153->186->119->159->143->124->106->129->163->165->127->89->103->26->180",7
TSPB,LS_Steepest_Edge_Random_Candidate,86,26260426,157,43859,25208,25208,18651,outputs\runs\ls_steepest_edge_random_candidate\TSPB\run_086.txt,"100->63->102->38->27->16->42->156->24->197->1->131->121->116->158->25->171->177->123->112->19->151->198->30->117->193->54->31->164->73->136->105->190->80->46->162->175->78->142->45->5->7->61->79->91->141->97->77->58->87->82->68->8->104->56->144->39->12->0->35->37->111->41->143->159->119->153->186->163->89->165->127->137->114->103->26->180->176->88->194->166->52->179->172->57->66->94->154->47->148->20->59->28->101->149->4->140->199->9->22->185->95->86->110->128->124->62->18->55->34->170->152->53->184->155->167->189->69->109->29->160->33->49->11->138->182->139->2->43->126->13->145->15->3->70->161->132->169->65->188->6->150->192->147->71->67->120->98->51->125->90->191->178->10->133->44->17",6
TSPB,LS_Steepest_Edge_Random_Candidate,87,26260427,156,42742,23553,23553,19189,outputs\runs\ls_steepest_edge_random_candidate\TSPB\run_087.txt,"125->90->191->178->10->133->44->17->100->63->102->38->27->16->197->1->24->156->42->30->198->117->151->54->31->193->164->73->136->105->190->80->46->162->175->78->142->45->5->123->177->7->61->79->91->87->82->8->68->111->41->14->50->58->77->81->153->186->163->165->127->89->103->26->180->176->88->194->166->86->110->95->185->22->179->52->172->57->66->94->154->47->148->9->199->59->28->101->149->4->140->183->174->55->18->62->128->124->106->119->159->143->35->109->0->12->39->29->49->11->139->182->138->33->160->144->56->104->157->171->25->158->19->112->121->116->51->98->85->2->43->168->195->126->13->145->189->167->184->155->84->3->15->70->161->132->169->65->188->6->150->192->147->71->67->120",7
TSPB,LS_Steepest_Edge_Random_Candidate,88,26260428,148,41326,23985,23985,17341,outputs\runs\ls_steepest_edge_random_candidate\TSPB\run_088.txt,"59->28->101->149->4->199->140->183->174->53->184->167->189->155->84->70->161->3->15->145->13->126->132->169->65->188->6->150->192->147->115->10->44->133->178->191->90->125->131->1->197->38->27->16->42->196->105->136->162->46->45->142->175->78->5->7->177->123->25->173->73->164->31->54->193->117->30->156->24->198->151->19->112->121->116->51->120->71->67->98->85->2->139->182->138->11->49->33->160->39->29->12->0->109->35->37->41->111->68->8->56->104->157->171->87->82->58->77->81->153->186->163->165->127->89->103->26->114->137->75->76->48->166->194->88->180->176->86->110->128->124->62->18->55->181->95->185->22->179->52->172->57->66->94->154->47->148->20",8
TSPB,LS_Steepest_Edge_Random_Candidate,89,26260429,147,41378,23168,23168,18210,outputs\runs\ls_steepest_edge_random_candidate\TSPB\run_089.txt,"78->175->162->46->80->190->105->193->117->198->30->42->156->24->1->197->16->27->38->102->63->100->17->44->133->10->178->191->90->125->51->98->118->74->2->85->192->150->6->188->65->169->132->161->70->3->15->145->13->126->195->49->11->139->182->138->33->160->144->56->104->8->68->111->41->37->12->39->29->0->35->109->69->189->167->155->184->53->4->149->101->28->59->199->140->183->174->55->18->83->181->95->185->22->179->57->172->52->166->194->88->113->26->103->127->165->89->163->180->176->86->110->128->62->124->106->143->159->119->186->153->81->77->58->82->87->91->79->61->7->177->123->171->25->158->116->121->112->19->151->54->31->164->73->136->45->142",7
TSPB,LS_Steepest_Edge_Random_Candidate,90,26260430,153,41995,23367,23367,18628,outputs\runs\ls_steepest_edge_random_candidate\TSPB\run_090.txt,"180->88->194->113->26->103->89->127->165->163->186->153->119->159->143->41->111->37->35->109->0->12->39->29->49->11->139->182->138->33->160->144->56->68->82->58->77->97->141->91->79->61->21->87->8->104->157->171->25->158->116->121->112->19->151->54->31->164->73->173->123->177->7->5->45->142->78->175->162->46->80->190->105->136->193->117->198->30->42->156->24->1->197->16->27->38->102->32->96->63->100->17->44->133->10->178->191->90->125->51->98->120->67->71->147->192->150->6->188->65->169->132->126->13->161->70->3->15->145->189->167->69->34->55->174->183->140->199->4->149->101->28->59->20->148->47->154->94->66->57->172->52->179->22->185->95->86->110->128->62->124->64->176",8
TSPB,LS_Steepest_Edge_Random_Candidate,91,26260431,152,41917,24913,24913,17004,outputs\runs\ls_steepest_edge_random_candidate\TSPB\run_091.txt,"55->34->167->189->69->109->29->39->12->0->35->37->41->111->68->8->56->104->157->171->87->82->58->77->97->141->91->79->61->7->78->175->142->162->46->80->190->196->42->16->27->38->197->1->24->156->30->198->117->151->54->31->73->164->193->105->136->45->5->177->123->25->158->19->112->121->116->98->51->125->90->122->100->17->44->133->10->178->191->120->67->71->147->192->150->6->188->65->169->132->13->126->43->2->139->182->138->33->160->49->11->168->195->145->15->3->161->70->84->155->184->53->174->183->140->4->149->101->28->199->59->20->23->60->148->47->154->94->66->22->179->57->172->52->166->194->113->26->103->89->127->165->163->180->176->88->86->110->128->124->62->18",6
TSPB,LS_Steepest_Edge_Random_Candidate,92,26260432,150,42387,24791,24791,17596,outputs\runs\ls_steepest_edge_random_candidate\TSPB\run_092.txt,"138->182->25->171->87->82->58->91->79->61->7->177->123->5->45->142->78->175->162->46->80->190->105->136->73->164->54->31->193->117->30->42->16->27->38->92->63->100->17->44->133->122->32->102->197->1->24->156->198->151->19->112->121->116->98->51->125->90->191->120->67->71->147->192->150->6->188->65->169->2->43->126->13->145->15->161->70->3->189->167->155->184->53->174->183->140->4->149->101->28->59->199->9->95->185->22->148->47->154->94->66->57->172->179->52->166->194->88->176->180->26->103->89->127->165->163->186->153->81->77->50->111->41->119->159->143->106->124->128->110->62->18->55->34->69->109->35->0->12->29->39->160->144->68->8->104->56->33->49->11",7
TSPB,LS_Steepest_Edge_Random_Candidate,93,26260433,148,41187,24035,24035,17152,outputs\runs\ls_steepest_edge_random_candidate\TSPB\run_093.txt,"176->180->88->194->166->52->179->172->57->66->94->154->47->148->22->9->199->59->28->101->149->4->140->53->184->155->167->189->3->70->161->15->145->13->126->132->169->65->188->6->150->192->147->115->178->10->133->44->17->100->63->102->38->27->16->197->1->24->156->42->30->198->117->193->105->190->80->46->162->175->78->142->45->136->73->164->31->54->151->19->112->131->90->191->71->67->120->98->51->125->121->116->158->25->123->177->171->87->8->104->56->144->160->33->138->182->139->11->49->29->39->12->0->109->35->37->111->68->82->58->77->97->146->187->165->127->89->103->26->163->186->153->81->14->41->119->159->143->106->124->128->62->18->55->174->95->110->86",6
TSPB,LS_Steepest_Edge_Random_Candidate,94,26260434,149,42221,23404,23404,18817,outputs\runs\ls_steepest_edge_random_candidate\TSPB\run_094.txt,"87->82->58->77->50->111->41->119->153->186->163->89->165->127->137->114->103->26->180->176->88->194->166->52->179->172->57->66->94->154->47->148->22->185->95->9->199->59->28->101->149->4->140->183->174->55->18->62->110->128->124->106->159->143->35->109->0->12->39->29->69->189->167->184->155->84->70->161->3->15->145->13->126->132->169->65->188->6->150->192->85->2->74->118->98->51->125->90->191->178->10->133->44->17->100->63->102->38->27->16->197->1->24->156->42->30->198->117->193->105->190->80->46->162->175->78->142->45->136->73->164->31->54->151->19->112->121->116->158->25->182->138->11->49->33->160->144->56->68->8->104->157->171->123->177->7->61->79->91",8
TSPB,LS_Steepest_Edge_Random_Candidate,95,26260435,148,41386,23193,23193,18193,outputs\runs\ls_steepest_edge_random_candidate\TSPB\run_095.txt,"136->73->164->31->54->193->30->42->27->38->16->197->1->24->156->198->117->151->19->112->121->131->125->90->122->100->17->44->133->10->178->191->71->67->120->51->98->192->150->6->188->65->169->132->126->13->145->15->161->70->3->189->167->155->184->53->152->170->34->55->174->183->140->199->4->149->101->28->59->20->23->60->148->47->154->94->66->57->172->52->179->22->185->95->110->86->166->194->88->176->180->26->103->127->165->89->163->186->153->81->77->58->82->87->8->68->111->41->119->159->143->106->124->128->62->18->35->109->0->12->29->39->160->49->11->139->182->138->33->144->56->104->157->171->25->123->177->7->5->45->142->78->175->162->46->80->190->105",7
TSPB,LS_Steepest_Edge_Random_Candidate,96,26260436,156,42706,24697,24697,18009,outputs\runs\ls_steepest_edge_random_candidate\TSPB\run_096.txt,"100->17->44->133->10->178->191->90->125->120->67->71->147->192->150->6->188->65->169->132->126->13->145->15->3->161->70->84->155->189->167->184->53->140->4->149->101->28->199->59->20->23->60->148->47->154->94->66->57->172->52->179->22->185->95->9->183->174->55->18->62->128->110->86->166->194->88->113->26->103->89->127->165->163->180->176->64->124->106->119->159->143->35->109->0->12->29->39->160->33->49->11->138->182->139->2->85->98->51->121->116->158->25->171->87->8->104->56->144->68->111->41->14->50->77->58->82->91->79->61->7->177->123->5->78->175->142->45->162->46->80->190->105->136->73->164->193->31->54->151->117->30->198->24->156->42->27->38->16->197->1->131->135->32->102->63",6
TSPB,LS_Steepest_Edge_Random_Candidate,97,26260437,152,40260,24093,24093,16167,outputs\runs\ls_steepest_edge_random_candidate\TSPB\run_097.txt,"65->188->6->150->192->147->71->67->120->125->90->191->178->10->133->44->17->100->63->96->32->102->38->27->16->197->1->24->156->42->30->198->117->193->31->164->73->54->151->19->112->121->116->51->98->85->2->182->138->33->56->104->157->25->123->177->171->8->68->82->87->21->61->79->91->58->50->14->81->77->97->153->186->163->165->127->89->103->26->180->176->88->194->166->86->110->95->185->22->179->52->172->57->66->94->154->47->148->9->199->59->28->101->149->4->140->183->174->55->18->62->128->124->106->119->159->143->34->170->152->53->184->155->84->3->70->161->15->189->167->69->109->35->0->29->39->12->37->41->111->144->160->49->11->139->43->126->195->145->13->132->169",7
TSPB,LS_Steepest_Edge_Random_Candidate,98,26260438,155,42934,25830,25830,17104,outputs\runs\ls_steepest_edge_random_candidate\TSPB\run_098.txt,"189->145->15->3->70->161->13->126->132->169->65->188->6->150->192->85->2->98->51->120->67->71->191->125->90->178->10->133->44->17->100->63->102->38->27->16->42->156->24->197->1->131->121->116->118->74->182->138->25->123->173->73->164->31->54->151->198->30->117->193->136->105->190->80->46->162->45->142->175->78->5->7->177->171->157->104->56->8->87->21->61->79->91->58->82->68->144->160->33->11->49->29->39->12->0->109->35->37->41->111->50->77->81->153->186->119->159->143->106->124->62->18->55->83->128->110->86->88->176->180->26->103->163->89->165->127->137->114->194->166->52->179->172->57->66->94->154->47->148->22->185->95->174->183->140->199->59->28->101->149->4->53->184->155->167",6
TSPB,LS_Steepest_Edge_Random_Candidate,99,26260439,151,41921,23781,23781,18140,outputs\runs\ls_steepest_edge_random_candidate\TSPB\run_099.txt,"35->109->69->170->152->53->184->155->167->189->3->70->161->15->145->13->126->132->169->65->188->6->150->192->43->139->11->49->160->33->138->182->2->85->98->51->120->67->71->191->125->90->178->10->133->44->17->100->63->102->38->27->16->197->1->24->156->42->30->198->117->151->54->31->193->164->73->136->105->190->80->46->162->175->78->142->45->5->7->177->123->25->171->87->8->104->56->144->68->82->58->61->79->91->141->97->77->81->153->186->163->165->127->89->103->26->180->176->88->194->166->86->110->95->185->22->179->52->172->57->66->94->154->47->148->20->59->199->28->101->149->4->140->183->174->55->18->62->128->124->106->143->159->119->41->111->37->12->39->29->0",7
TSPB,LS_Steepest_Edge_Random_Candidate,100,26260440,149,41374,23283,23283,18091,outputs\runs\ls_steepest_edge_random_candidate\TSPB\run_100.txt,"193->54->31->164->73->136->105->190->80->46->162->45->142->175->78->5->7->61->79->91->141->97->77->58->82->68->111->41->37->12->39->29->0->35->109->69->34->55->18->62->124->128->110->64->176->180->88->113->26->103->163->89->165->127->137->114->194->166->86->95->185->22->179->52->172->57->66->94->154->47->148->20->59->28->101->149->4->199->140->183->174->53->184->155->167->189->145->15->3->70->161->13->126->132->169->65->188->6->150->192->147->115->10->44->133->178->71->67->120->191->90->125->51->98->85->2->139->11->49->160->33->138->182->157->104->56->8->87->171->177->123->25->158->116->121->112->19->151->198->24->1->197->38->27->16->42->156->30->117",7
TSPB,LS_Steepest_Edge_Random_LM,1,27260344,162,43604,26441,26441,17163,outputs\runs\ls_steepest_edge_random_lm\TSPB\run_001.txt,"182->138->11->139->2->85->74->118->98->51->116->121->112->19->151->54->31->73->164->193->117->198->30->42->156->24->1->197->16->27->38->131->125->120->67->71->191->90->122->32->102->63->100->17->44->133->10->178->115->147->192->150->6->188->65->169->132->161->70->3->15->167->189->145->13->126->195->49->33->160->144->56->104->8->87->82->68->111->41->37->12->39->29->0->109->35->143->159->119->106->124->128->62->18->55->174->183->140->4->149->101->28->199->59->20->23->60->148->47->154->94->66->57->22->130->95->110->86->185->179->172->52->166->48->76->114->103->89->127->165->163->26->113->194->88->176->180->129->186->153->81->77->58->91->79->61->7->78->175->142->162->46->80->190->105->136->45->5->123->177->171->25",3
TSPB,LS_Steepest_Edge_Random_LM,2,27260345,155,43256,25539,25539,17717,outputs\runs\ls_steepest_edge_random_lm\TSPB\run_002.txt,"124->106->143->159->119->41->37->35->12->39->29->0->109->69->189->167->184->155->84->3->15->145->70->161->65->188->169->132->13->126->195->49->33->160->144->56->8->104->138->11->139->182->157->171->25->123->177->5->45->136->73->164->31->54->151->19->112->121->131->90->191->71->67->120->125->51->98->118->74->2->85->6->150->192->147->115->178->10->133->44->17->100->63->102->38->27->16->197->1->24->156->42->30->198->117->193->105->190->80->46->162->142->175->78->7->61->79->91->87->58->82->68->111->50->77->81->153->186->163->165->127->89->103->26->180->176->88->194->166->52->179->172->57->66->22->185->86->110->95->9->148->20->59->28->101->149->4->199->140->183->174->55->18->62->128",4
TSPB,LS_Steepest_Edge_Random_LM,3,27260346,160,43549,25891,25891,17658,outputs\runs\ls_steepest_edge_random_lm\TSPB\run_003.txt,"131->121->112->19->151->117->198->30->42->156->24->1->197->16->27->38->102->63->100->17->44->133->10->178->115->147->192->150->6->85->2->139->11->168->195->126->188->65->169->132->13->145->15->161->70->3->84->155->184->53->4->149->101->28->59->20->23->60->148->47->154->94->66->57->172->52->179->22->9->199->140->183->174->95->86->110->128->124->62->18->55->34->167->189->69->109->35->0->12->29->39->160->49->33->144->111->41->143->159->119->129->180->176->88->194->113->26->103->89->127->165->163->186->153->81->77->58->91->79->61->21->87->82->68->8->56->104->157->171->177->7->5->45->142->78->175->46->162->136->105->193->54->31->164->73->173->123->25->138->182->74->118->98->51->120->67->71->191->90->125",4
TSPB,LS_Steepest_Edge_Random_LM,4,27260347,155,42812,25237,25237,17575,outputs\runs\ls_steepest_edge_random_lm\TSPB\run_004.txt,"156->24->1->197->16->27->38->102->32->96->63->100->17->44->133->10->178->90->191->51->120->67->71->147->192->150->6->188->65->169->132->161->70->3->84->155->184->53->174->183->140->4->149->101->28->199->59->20->148->47->154->94->66->22->179->57->172->52->166->194->88->176->180->26->103->127->165->89->163->186->153->81->14->41->111->68->144->56->104->8->87->82->58->77->97->141->91->79->61->7->142->78->175->46->162->45->5->123->177->171->25->182->138->11->49->33->160->39->29->12->0->109->35->143->159->119->106->124->128->110->62->18->55->34->69->167->189->15->145->13->126->195->168->43->2->85->98->116->112->19->121->125->131->151->54->31->164->73->136->105->193->117->198->30->42",3
TSPB,LS_Steepest_Edge_Random_LM,5,27260348,158,42970,25260,25260,17710,outputs\runs\ls_steepest_edge_random_lm\TSPB\run_005.txt,"15->3->70->161->132->13->126->169->65->188->6->150->192->147->115->178->10->133->44->17->100->122->131->125->90->191->71->67->120->51->98->118->74->85->2->139->11->49->29->109->35->0->12->39->160->33->138->182->157->171->25->158->116->121->112->19->151->117->198->156->24->1->197->16->38->27->42->30->193->54->31->164->73->136->105->190->80->46->162->175->78->142->45->5->123->177->7->61->79->91->87->104->56->8->68->82->58->77->50->111->41->159->143->124->106->119->153->186->129->180->176->88->194->113->26->103->163->89->165->127->114->137->75->76->48->166->52->172->179->22->57->66->94->154->47->148->20->59->28->101->149->4->199->140->183->174->55->18->62->34->170->152->53->184->155->167->189->145",4
TSPB,LS_Steepest_Edge_Random_LM,6,27260349,164,44852,26725,26725,18127,outputs\runs\ls_steepest_edge_random_lm\TSPB\run_006.txt,"18->55->174->140->183->95->185->22->9->199->4->149->101->28->59->20->148->47->154->94->66->57->172->179->52->48->76->75->137->114->127->89->165->153->186->163->103->26->180->176->88->194->166->86->110->128->124->106->119->159->143->35->109->0->12->29->39->160->33->49->11->138->182->25->171->157->104->56->144->111->41->68->8->87->82->58->77->97->141->91->79->61->7->177->123->5->45->142->78->175->162->46->80->190->105->136->73->164->31->54->193->196->42->27->38->16->197->1->24->156->30->198->117->151->19->112->121->116->98->51->125->191->90->122->32->102->63->100->17->44->133->10->178->71->67->147->192->150->6->85->2->43->168->195->126->13->132->169->188->65->161->70->3->15->145->189->167->155->184->53->152->170->34->62",4
TSPB,LS_Steepest_Edge_Random_LM,7,27260350,160,44066,25856,25856,18210,outputs\runs\ls_steepest_edge_random_lm\TSPB\run_007.txt,"33->160->39->29->12->0->109->35->37->111->41->143->159->119->81->14->50->58->82->87->8->68->144->56->104->157->171->177->7->61->79->91->141->97->77->153->186->163->103->89->165->127->137->114->26->180->176->88->194->166->86->110->128->124->62->18->55->181->95->185->22->179->52->172->57->66->94->154->47->148->20->59->28->101->149->4->199->140->183->174->53->184->155->167->189->69->195->126->13->145->15->3->70->161->132->169->65->188->6->150->192->85->2->74->118->98->120->67->71->178->10->17->100->63->102->32->122->44->133->191->90->125->51->116->121->131->38->27->16->197->1->24->156->42->30->198->117->193->151->54->31->164->73->136->105->190->80->46->162->45->142->175->78->5->123->25->182->138->11->49",4
TSPB,LS_Steepest_Edge_Random_LM,8,27260351,167,45091,27673,27673,17418,outputs\runs\ls_steepest_edge_random_lm\TSPB\run_008.txt,"59->199->28->101->149->4->140->53->184->155->167->189->69->109->35->0->12->39->29->195->126->13->145->15->3->70->161->132->169->65->188->6->150->192->147->115->178->10->133->44->90->191->71->67->120->51->125->131->122->100->17->40->63->96->32->102->38->27->16->197->1->24->156->42->30->198->117->193->151->54->31->164->73->136->105->190->80->46->162->45->142->175->78->5->7->177->123->25->158->19->112->121->116->98->118->74->85->2->139->182->138->11->49->33->160->144->56->68->8->104->157->171->61->79->91->87->82->58->50->111->41->14->81->77->97->153->186->163->89->165->127->137->114->194->88->176->180->26->103->129->119->159->143->106->124->128->62->18->55->174->95->110->86->166->52->172->57->179->22->66->94->154->47->148->60->23->20",3
TSPB,LS_Steepest_Edge_Random_LM,9,27260352,161,43485,25557,25557,17928,outputs\runs\ls_steepest_edge_random_lm\TSPB\run_009.txt,"8->68->82->87->21->177->123->171->157->104->138->182->25->158->19->112->121->131->125->90->191->71->67->120->51->98->85->2->139->11->49->33->160->29->69->189->167->184->155->84->3->70->161->15->145->195->126->13->132->169->65->188->6->150->192->147->115->178->10->133->44->17->100->63->96->32->102->38->27->16->197->1->24->156->42->30->198->117->151->54->73->164->31->193->105->136->162->46->175->78->142->45->5->7->61->79->91->58->77->97->146->187->165->137->114->26->103->127->89->163->180->176->88->194->166->52->172->179->22->57->66->94->154->47->148->60->23->20->59->28->101->149->4->199->140->183->174->55->18->62->110->128->124->106->143->159->119->186->153->81->14->41->111->37->35->109->0->12->39->144->56",3
TSPB,LS_Steepest_Edge_Random_LM,10,27260353,171,45170,27522,27522,17648,outputs\runs\ls_steepest_edge_random_lm\TSPB\run_010.txt,"29->39->12->0->35->109->69->167->189->145->13->126->195->168->11->138->182->139->2->85->192->150->6->188->65->169->132->161->70->15->3->84->155->184->53->152->170->34->55->174->183->140->199->4->149->101->28->59->20->148->47->154->94->66->57->172->52->179->22->185->95->181->83->18->62->110->128->124->106->119->159->143->37->111->41->14->81->153->186->163->89->103->26->180->176->88->194->166->48->76->75->137->114->127->165->187->146->97->77->58->91->79->61->7->5->78->175->142->45->162->46->80->190->105->136->73->164->193->31->54->151->117->198->30->42->156->24->1->197->16->27->38->92->63->100->17->44->133->10->178->122->32->102->131->125->90->191->71->67->120->51->98->116->121->112->19->158->25->123->177->171->87->82->68->8->104->56->144->160->33->49",3
TSPB,LS_Steepest_Edge_Random_LM,11,27260354,170,45133,27869,27869,17264,outputs\runs\ls_steepest_edge_random_lm\TSPB\run_011.txt,"153->186->163->180->176->88->113->26->103->89->165->127->114->137->75->76->48->166->194->64->110->86->95->185->22->179->52->172->57->66->94->154->47->148->20->59->28->101->149->4->199->140->183->174->55->18->62->128->124->106->143->159->119->41->111->50->58->82->68->56->144->160->33->49->29->39->12->0->35->109->69->189->167->184->155->84->3->15->145->70->161->65->150->192->147->115->178->10->133->44->17->100->63->102->32->135->131->121->112->19->151->117->198->24->1->197->38->27->16->42->156->30->193->54->31->164->73->136->105->190->80->46->162->45->142->175->78->5->7->177->123->171->25->158->116->118->74->2->85->98->51->125->90->191->120->67->71->6->188->169->132->13->126->43->139->11->182->138->157->104->8->87->21->61->79->91->141->97->77->81",4
TSPB,LS_Steepest_Edge_Random_LM,12,27260355,155,43118,24679,24679,18439,outputs\runs\ls_steepest_edge_random_lm\TSPB\run_012.txt,"178->191->120->67->71->147->192->150->6->188->65->169->132->126->13->145->15->3->161->70->84->155->184->53->174->183->140->4->149->101->28->199->59->20->148->47->154->94->66->57->172->52->179->22->185->95->86->110->128->62->18->55->34->167->189->69->109->35->0->12->29->39->160->33->49->11->139->182->138->157->104->56->8->68->111->41->119->159->143->106->124->64->176->180->88->194->114->137->127->165->89->103->26->163->186->153->81->77->58->82->87->91->79->61->7->177->171->25->123->5->45->142->78->175->162->46->80->190->105->136->73->164->31->54->193->196->42->156->16->27->38->197->1->24->198->30->117->151->19->112->121->116->98->51->125->90->122->32->102->63->100->17->44->133->10",3
TSPB,LS_Steepest_Edge_Random_LM,13,27260356,158,43496,25666,25666,17830,outputs\runs\ls_steepest_edge_random_lm\TSPB\run_013.txt,"103->89->127->165->163->180->176->88->64->110->128->124->62->18->55->34->69->109->0->29->49->11->33->160->39->12->35->143->159->119->186->153->81->77->50->14->41->111->68->144->56->104->8->82->58->87->91->79->61->7->177->123->173->19->151->54->31->164->73->136->45->142->78->175->162->46->80->190->105->193->117->198->30->42->156->24->1->197->16->27->38->102->63->100->17->44->133->10->178->90->125->191->71->67->120->51->98->116->121->112->158->25->171->157->138->182->139->2->85->192->150->6->188->65->169->132->126->13->145->15->3->161->70->84->155->189->167->184->53->174->183->140->199->4->149->101->28->59->20->23->60->148->47->154->94->66->57->172->52->179->22->185->95->86->166->194->113->26",3
TSPB,LS_Steepest_Edge_Random_LM,14,27260357,160,43268,26051,26051,17217,outputs\runs\ls_steepest_edge_random_lm\TSPB\run_014.txt,"132->169->6->67->71->191->90->125->51->98->85->2->139->11->49->33->160->39->29->69->189->167->155->184->53->152->170->34->55->18->62->124->128->64->176->180->88->194->166->86->110->95->185->22->9->199->140->4->149->101->28->59->20->23->60->148->47->154->94->66->57->172->179->52->48->76->75->137->114->26->103->89->127->165->163->186->153->119->159->143->41->14->50->77->58->82->87->8->68->111->37->35->109->0->12->144->56->104->171->157->138->182->25->158->116->121->112->19->151->54->31->164->73->136->45->142->78->175->162->46->80->190->105->193->117->198->30->156->42->27->38->16->197->1->24->131->135->32->102->63->100->17->44->133->10->178->115->147->192->150->188->65->161->70->3->15->145->195->126->13",4
TSPB,LS_Steepest_Edge_Random_LM,15,27260358,143,40765,23307,23307,17458,outputs\runs\ls_steepest_edge_random_lm\TSPB\run_015.txt,"55->34->69->189->167->184->155->84->70->161->3->15->145->13->126->132->169->65->188->6->150->192->147->71->67->120->125->90->191->178->10->133->44->17->100->122->131->19->112->121->116->51->98->85->2->139->11->49->29->0->109->35->12->39->160->33->138->182->25->171->157->104->56->8->68->82->58->87->21->177->123->5->136->73->164->31->54->151->24->1->197->16->38->27->42->156->30->198->117->193->105->190->80->46->162->45->142->175->78->7->61->79->91->141->97->77->81->153->186->163->165->127->89->103->26->180->176->88->194->166->52->172->57->179->22->185->95->9->199->59->28->101->149->4->140->183->174->181->110->128->124->62->18",3
TSPB,LS_Steepest_Edge_Random_LM,16,27260359,159,43943,25939,25939,18004,outputs\runs\ls_steepest_edge_random_lm\TSPB\run_016.txt,"111->68->144->56->104->8->82->87->21->177->123->5->136->73->164->193->31->54->151->117->198->30->156->24->1->197->16->38->27->42->196->105->190->80->46->162->45->142->175->78->7->61->79->91->58->77->81->153->186->163->165->127->89->103->26->114->137->75->76->48->166->194->88->176->180->129->119->159->143->106->124->128->110->86->95->185->22->179->52->172->57->66->94->154->47->148->9->199->59->28->101->149->4->140->183->174->55->18->62->34->69->189->167->184->155->84->3->70->161->15->145->13->126->132->169->65->188->6->150->192->85->2->74->118->98->51->125->90->191->178->10->133->44->17->100->122->131->121->112->19->158->25->171->157->138->182->139->11->49->33->160->39->29->12->0->109->35->37->41",3
TSPB,LS_Steepest_Edge_Random_LM,17,27260360,165,44591,26887,26887,17704,outputs\runs\ls_steepest_edge_random_lm\TSPB\run_017.txt,"8->56->104->157->171->177->123->25->158->116->51->98->85->2->43->126->13->132->169->65->188->6->150->192->147->71->67->120->125->90->191->178->10->133->44->17->100->63->102->32->135->131->121->112->19->151->24->1->197->16->38->27->42->156->30->198->117->193->54->31->164->73->136->105->190->80->46->162->175->78->142->45->5->7->21->87->82->58->61->79->91->141->97->77->81->153->186->163->103->89->165->127->137->114->26->113->88->176->180->129->119->159->143->106->124->62->128->110->86->194->166->52->172->57->179->22->185->95->9->199->148->60->23->20->59->28->101->149->4->140->183->174->55->34->170->152->53->184->155->167->189->3->70->161->15->145->195->168->139->11->182->138->33->160->49->29->39->12->0->109->35->37->41->111->68",4
TSPB,LS_Steepest_Edge_Random_LM,18,27260361,162,44013,25812,25812,18201,outputs\runs\ls_steepest_edge_random_lm\TSPB\run_018.txt,"124->62->128->110->86->166->194->88->176->180->26->103->89->127->165->163->186->153->119->41->111->50->77->97->141->91->79->61->7->142->78->175->162->46->80->190->105->136->45->5->123->177->171->87->58->82->68->8->104->56->144->160->33->49->11->138->182->139->168->195->13->126->43->2->85->74->118->98->51->120->67->71->191->90->125->131->121->112->19->151->54->31->73->164->193->117->198->30->42->156->24->1->197->16->27->38->102->63->100->17->44->133->10->178->115->147->192->150->6->188->65->169->132->161->70->145->15->3->84->155->184->53->4->149->101->28->199->59->20->23->60->148->47->154->94->66->57->172->52->179->22->185->95->9->140->183->174->55->34->167->189->69->109->35->0->29->39->12->37->143->159->106",4
TSPB,LS_Steepest_Edge_Random_LM,19,27260362,159,43555,25531,25531,18024,outputs\runs\ls_steepest_edge_random_lm\TSPB\run_019.txt,"157->171->25->123->173->151->19->112->121->116->98->51->120->67->71->191->125->90->178->10->133->44->17->100->63->102->38->27->16->197->1->24->156->42->30->198->117->193->54->31->164->73->136->105->190->80->46->162->175->78->142->45->5->177->7->61->79->91->87->8->68->111->41->14->50->82->58->77->81->153->186->165->127->89->163->129->119->159->143->106->124->128->62->18->55->174->183->140->9->95->110->86->88->176->180->103->26->113->194->166->52->172->57->179->22->66->94->154->47->148->60->23->20->59->199->28->101->149->4->53->184->155->167->189->69->109->35->0->12->39->29->49->11->139->43->126->195->145->15->3->70->161->13->132->169->65->188->6->150->192->85->2->182->138->33->160->144->56->104",4
TSPB,LS_Steepest_Edge_Random_LM,20,27260363,158,43414,25493,25493,17921,outputs\runs\ls_steepest_edge_random_lm\TSPB\run_020.txt,"183->174->140->199->4->149->101->28->59->20->23->60->148->47->154->94->66->57->172->52->179->22->185->166->194->88->176->180->26->103->89->127->114->137->165->163->186->153->81->77->58->82->87->91->79->61->177->7->78->175->142->5->123->171->25->158->116->121->112->19->151->54->31->164->73->136->45->162->46->80->190->105->193->117->198->30->42->156->24->1->197->16->27->38->102->63->100->17->44->133->10->178->115->147->192->150->71->67->120->191->90->125->51->98->118->74->85->2->139->182->138->157->104->56->8->68->41->111->144->33->160->39->12->35->109->0->29->49->11->43->188->65->169->132->13->126->195->145->15->3->161->70->84->155->184->167->189->69->34->55->18->62->124->128->110->86->95->9",4
TSPB,LS_Steepest_Edge_Random_LM,21,27260364,168,44989,27829,27829,17160,outputs\runs\ls_steepest_edge_random_lm\TSPB\run_021.txt,"111->144->56->104->8->68->82->87->171->177->91->79->61->7->5->45->142->78->175->162->46->80->190->105->136->173->123->25->158->112->19->151->54->73->164->31->193->117->198->30->42->156->24->1->197->16->27->38->92->63->102->32->135->131->121->116->98->51->125->90->122->100->17->44->133->10->178->191->120->67->71->147->192->150->6->85->2->188->65->169->132->126->13->145->15->161->70->3->189->167->69->109->29->49->11->139->182->138->33->160->39->12->0->35->34->170->152->53->174->183->140->199->4->149->101->28->59->20->23->60->148->47->154->94->66->57->172->52->179->22->185->95->181->55->18->62->110->128->124->106->143->159->119->129->180->176->88->194->166->48->76->75->137->114->26->103->89->127->165->163->186->153->81->77->58->50->14->41",4
TSPB,LS_Steepest_Edge_Random_LM,22,27260365,148,41197,24841,24841,16356,outputs\runs\ls_steepest_edge_random_lm\TSPB\run_022.txt,"136->173->112->19->151->54->31->73->164->193->117->198->30->42->156->24->1->197->16->27->38->102->32->96->63->100->17->44->133->10->178->191->90->125->71->67->120->51->121->116->98->118->74->85->2->139->182->138->33->160->49->11->168->195->126->13->145->15->161->70->3->189->167->155->184->53->174->183->140->4->149->101->28->59->199->9->95->185->22->179->57->172->52->166->194->114->137->127->165->89->163->103->26->180->176->88->86->110->128->62->18->55->34->124->106->143->35->109->29->39->12->0->37->41->159->119->186->153->81->77->58->50->111->144->56->104->8->68->82->87->91->79->61->171->25->123->177->7->5->78->175->142->45->162->46->80->190->105",3
TSPB,LS_Steepest_Edge_Random_LM,23,27260366,156,42677,24460,24460,18217,outputs\runs\ls_steepest_edge_random_lm\TSPB\run_023.txt,"59->199->28->101->149->4->140->183->174->55->18->62->181->95->86->110->128->124->106->143->159->119->41->111->144->56->104->33->49->160->39->29->12->0->35->109->69->189->167->184->155->84->3->15->70->161->132->13->145->195->126->169->65->188->6->150->192->147->71->67->120->125->90->191->178->10->133->44->17->100->63->102->38->27->16->197->1->24->156->42->30->198->117->193->164->73->31->54->151->19->112->121->116->51->98->85->2->139->11->182->138->157->171->8->68->87->21->177->123->5->45->162->46->175->78->142->7->61->79->91->141->97->77->58->82->50->14->81->153->186->163->89->165->127->137->114->103->26->180->176->88->194->166->52->172->57->179->22->66->94->154->47->148->60->23->20",4
TSPB,LS_Steepest_Edge_Random_LM,24,27260367,159,43552,25438,25438,18114,outputs\runs\ls_steepest_edge_random_lm\TSPB\run_024.txt,"176->180->26->103->127->165->89->163->186->153->81->77->97->141->91->79->61->7->177->123->25->171->87->58->50->14->119->159->143->41->111->68->82->8->104->56->144->160->33->138->182->139->2->85->98->51->125->131->121->112->19->151->54->31->164->73->136->45->142->78->175->162->46->80->190->105->193->117->198->30->42->156->24->1->197->16->27->38->102->32->96->63->100->17->44->133->10->178->90->191->120->67->71->147->192->150->6->188->65->169->132->161->70->3->84->155->184->167->189->15->145->13->126->195->168->11->49->29->39->12->0->35->109->69->34->55->18->62->124->128->181->174->183->9->199->140->4->149->101->28->59->20->148->47->154->94->66->57->172->52->179->22->185->95->110->86->166->194->88",3
TSPB,LS_Steepest_Edge_Random_LM,25,27260368,166,44717,26570,26570,18147,outputs\runs\ls_steepest_edge_random_lm\TSPB\run_025.txt,"3->15->145->13->126->43->2->139->11->49->33->160->39->29->12->0->35->109->69->189->167->155->184->53->152->170->34->55->18->62->181->95->110->86->185->22->9->183->174->140->199->4->149->101->28->59->20->23->60->148->47->154->94->66->57->172->179->52->166->194->114->137->127->165->89->163->103->26->113->88->180->176->64->128->124->106->143->159->119->41->14->50->77->97->141->91->79->61->7->177->123->171->87->58->82->8->68->111->144->56->104->157->138->182->25->158->116->98->51->120->67->71->191->90->125->131->121->112->19->151->54->31->73->164->193->105->136->45->142->78->175->162->46->80->190->196->42->30->117->198->156->24->1->197->16->27->38->102->63->100->17->44->133->10->178->115->147->192->150->6->188->65->169->132->161->70",4
TSPB,LS_Steepest_Edge_Random_LM,26,27260369,145,40549,23313,23313,17236,outputs\runs\ls_steepest_edge_random_lm\TSPB\run_026.txt,"162->46->80->190->105->136->73->164->193->31->54->151->117->198->30->42->156->24->16->27->38->197->1->19->112->121->131->135->32->102->63->100->17->44->133->10->178->191->90->125->51->98->120->67->71->147->192->150->6->188->65->169->132->145->15->161->70->3->84->155->184->167->189->69->195->13->126->43->2->139->11->182->138->157->171->25->123->177->21->87->82->58->77->50->14->41->111->68->8->104->56->144->33->49->160->39->29->12->0->109->35->34->55->18->62->124->128->110->86->95->185->22->148->47->154->94->66->57->172->179->52->166->194->88->176->180->26->103->89->127->165->163->186->153->97->141->91->79->61->7->5->78->175->142->45",4
TSPB,LS_Steepest_Edge_Random_LM,27,27260370,158,42672,25351,25351,17321,outputs\runs\ls_steepest_edge_random_lm\TSPB\run_027.txt,"56->144->160->33->49->11->139->2->43->168->195->126->13->145->15->3->70->161->132->169->65->188->6->150->192->147->115->178->10->133->44->17->100->63->92->27->42->30->198->117->193->164->73->31->54->151->156->24->1->197->16->38->102->32->135->131->121->116->125->90->191->71->67->120->51->98->118->74->182->138->157->171->25->123->177->5->45->162->46->175->78->142->7->61->79->91->87->82->58->77->81->153->186->163->89->165->127->137->114->103->26->180->176->88->194->166->64->128->124->62->18->55->83->110->86->185->179->52->172->57->154->94->66->22->130->95->174->183->140->199->9->148->60->23->20->59->28->101->149->4->53->184->155->167->189->69->109->29->39->12->0->35->37->41->111->68->8->104",4
TSPB,LS_Steepest_Edge_Random_LM,28,27260371,156,43402,25683,25683,17719,outputs\runs\ls_steepest_edge_random_lm\TSPB\run_028.txt,"174->53->184->155->84->3->70->161->65->188->150->192->6->169->132->126->13->145->15->189->167->69->109->35->0->12->29->39->160->33->49->11->139->182->138->157->171->177->123->5->142->45->136->73->164->54->151->19->112->25->158->116->121->131->125->51->98->120->67->71->191->90->178->10->133->44->17->100->63->102->38->27->16->197->1->24->156->42->30->198->117->31->193->105->190->80->46->162->175->78->7->61->79->91->87->58->82->8->104->56->144->68->111->41->143->159->119->153->186->129->180->176->88->194->113->26->103->163->89->165->127->114->137->75->76->48->166->86->110->128->124->62->18->55->181->95->185->22->179->52->172->57->66->94->154->47->148->20->59->28->101->149->4->199->140->183",4
TSPB,LS_Steepest_Edge_Random_LM,29,27260372,158,43300,26050,26050,17250,outputs\runs\ls_steepest_edge_random_lm\TSPB\run_029.txt,"91->79->61->7->177->171->25->123->5->45->142->78->175->162->46->80->190->105->136->73->164->31->54->193->117->198->30->156->42->16->27->38->197->1->24->151->19->112->121->116->98->51->120->67->71->191->90->125->131->135->32->102->63->100->17->44->133->10->178->115->147->192->150->6->188->65->169->134->85->2->182->138->33->160->49->11->139->168->195->126->13->145->15->161->70->3->189->167->69->109->0->29->39->12->35->34->62->124->128->18->55->170->152->53->4->149->101->28->59->199->140->183->174->181->110->86->95->185->22->148->47->154->94->66->57->172->179->52->166->194->88->176->180->113->114->137->127->165->89->103->26->163->186->153->119->159->143->41->111->50->77->58->82->68->8->56->104->87",4
TSPB,LS_Steepest_Edge_Random_LM,30,27260373,163,44231,25327,25327,18904,outputs\runs\ls_steepest_edge_random_lm\TSPB\run_030.txt,"123->177->21->87->8->68->82->58->77->97->141->91->79->61->7->5->45->142->78->175->162->46->80->190->105->136->173->19->112->121->131->151->54->31->73->164->193->117->198->30->42->156->24->1->197->16->27->38->102->32->96->63->100->17->44->133->10->178->90->125->191->71->67->120->51->98->118->74->2->85->192->150->6->188->65->169->132->161->70->3->15->145->13->126->195->168->139->182->138->11->49->33->160->29->109->69->189->167->155->184->53->4->149->101->28->59->20->23->60->148->47->154->94->66->57->172->52->179->22->185->95->9->199->140->183->174->55->18->62->143->159->106->124->128->110->86->166->194->88->176->180->26->103->89->127->165->163->186->153->119->41->111->37->35->0->12->39->144->56->104->157->171->25",3
TSPB,LS_Steepest_Edge_Random_LM,31,27260374,154,41985,24248,24248,17737,outputs\runs\ls_steepest_edge_random_lm\TSPB\run_031.txt,"150->192->147->115->178->10->133->44->17->100->63->102->38->27->16->197->1->131->90->191->125->116->121->112->19->151->54->31->117->30->198->24->156->42->196->193->164->73->136->105->190->80->46->162->175->78->142->45->5->7->177->123->25->171->157->104->8->68->82->87->58->77->50->14->41->111->144->56->33->138->182->139->11->49->160->39->29->12->0->109->35->143->159->119->153->186->163->165->127->89->103->26->113->194->88->180->176->64->124->62->18->55->83->128->110->86->95->185->22->179->52->172->57->66->94->154->47->148->20->59->28->101->149->4->199->140->183->174->53->184->155->167->189->3->70->161->15->145->195->126->13->132->169->65->188->6->134->2->85->98->51->120->67->71",3
TSPB,LS_Steepest_Edge_Random_LM,32,27260375,157,41977,24121,24121,17856,outputs\runs\ls_steepest_edge_random_lm\TSPB\run_032.txt,"44->133->10->178->191->90->125->120->67->71->147->192->150->6->188->65->169->132->161->70->3->15->145->13->126->195->168->11->49->33->160->39->29->12->0->35->109->69->189->167->155->184->53->152->170->34->55->18->62->110->95->130->22->9->199->140->4->149->101->28->59->20->23->60->148->47->154->94->66->57->172->52->179->185->86->166->194->88->113->26->103->127->165->89->163->180->176->64->128->124->106->143->159->119->41->111->50->77->58->87->82->68->8->56->104->157->138->182->139->2->85->98->51->116->121->112->19->151->54->73->173->123->25->171->177->7->5->45->142->78->175->162->46->80->190->105->136->164->31->193->117->198->30->42->156->24->1->197->16->27->38->102->32->96->63->100->17",3
TSPB,LS_Steepest_Edge_Random_LM,33,27260376,147,42071,23993,23993,18078,outputs\runs\ls_steepest_edge_random_lm\TSPB\run_033.txt,"121->116->51->98->85->2->139->11->182->138->157->104->56->144->160->33->49->29->39->12->0->35->109->69->167->189->145->195->126->13->132->169->188->65->161->70->15->3->84->155->184->53->174->55->18->62->124->128->110->86->95->183->140->4->149->101->28->59->199->9->148->47->154->94->66->22->179->57->172->52->166->194->88->176->180->26->103->114->137->127->165->89->163->186->153->119->159->143->41->111->50->77->58->82->68->8->87->91->79->61->7->177->171->25->123->5->45->142->78->175->162->46->80->190->105->136->73->164->31->54->151->193->117->198->30->42->156->24->1->197->16->27->38->102->32->96->63->100->17->44->133->10->178->191->90->125->131",3
TSPB,LS_Steepest_Edge_Random_LM,34,27260377,163,44390,26092,26092,18298,outputs\runs\ls_steepest_edge_random_lm\TSPB\run_034.txt,"25->158->116->98->51->120->67->71->191->178->10->133->44->17->100->63->102->32->122->90->125->131->121->112->19->151->198->156->24->1->197->16->38->27->42->30->117->193->54->31->164->73->136->105->190->80->46->162->175->78->142->45->5->7->61->79->91->141->97->77->58->82->87->8->68->111->50->14->41->119->159->143->106->124->128->110->86->194->88->176->180->26->163->165->127->89->103->114->137->75->76->48->166->52->172->57->179->22->66->94->154->47->148->20->59->28->101->149->4->199->140->183->174->55->18->62->34->170->152->53->184->155->167->189->69->109->35->0->12->39->29->49->11->168->195->126->13->145->15->3->70->161->132->169->65->188->6->150->192->85->2->139->182->138->33->160->144->56->104->157->171->177->123",3
TSPB,LS_Steepest_Edge_Random_LM,35,27260378,141,39951,22708,22708,17243,outputs\runs\ls_steepest_edge_random_lm\TSPB\run_035.txt,"13->161->70->3->15->145->189->167->69->34->55->18->62->181->95->185->22->179->57->172->52->166->194->88->180->176->86->110->128->124->106->143->159->119->129->163->26->103->89->127->165->186->153->81->14->41->37->35->109->0->12->39->29->49->11->139->182->138->33->160->144->111->68->82->58->77->97->141->91->79->61->21->87->8->56->104->157->171->25->123->177->7->5->45->142->78->175->46->162->136->105->193->31->164->73->54->151->19->112->121->116->125->131->1->197->24->156->198->117->30->42->16->27->38->102->63->100->17->44->133->10->178->90->191->71->67->120->51->98->118->74->2->85->192->150->6->188->65->169->132->126",4
TSPB,LS_Steepest_Edge_Random_LM,36,27260379,163,44296,25542,25542,18754,outputs\runs\ls_steepest_edge_random_lm\TSPB\run_036.txt,"189->145->15->3->70->161->132->13->126->169->65->188->6->150->192->147->71->67->120->51->125->90->191->178->10->133->44->17->100->63->102->38->27->16->197->1->24->156->42->30->198->117->131->121->112->19->151->54->31->193->164->73->136->105->190->80->46->162->45->142->175->78->5->7->61->79->91->87->82->58->77->50->14->41->111->68->8->56->104->157->171->177->123->25->158->116->98->85->2->139->182->138->11->49->33->160->39->29->12->0->109->35->62->110->128->124->106->143->159->119->153->186->163->165->127->89->103->26->114->137->75->76->113->180->176->88->194->166->86->185->22->179->52->172->57->66->94->154->47->148->60->23->20->59->28->101->149->4->140->199->9->95->181->83->18->55->34->170->152->53->184->155->167",3
TSPB,LS_Steepest_Edge_Random_LM,37,27260380,152,42377,24480,24480,17897,outputs\runs\ls_steepest_edge_random_lm\TSPB\run_037.txt,"102->63->100->17->44->133->10->178->71->67->120->51->98->118->74->2->85->192->150->6->188->65->169->132->126->13->145->15->3->161->70->84->155->189->167->184->53->4->149->101->28->59->199->140->183->174->55->18->62->124->128->110->86->95->185->22->148->47->154->94->66->57->172->179->52->166->194->88->176->180->26->103->127->165->89->163->186->153->81->77->50->14->41->37->35->109->0->12->29->39->160->33->49->11->139->182->138->157->104->56->144->111->68->8->87->82->58->91->79->61->7->78->175->142->5->123->177->171->25->158->19->112->121->116->125->191->90->131->1->197->24->151->54->31->164->73->136->45->162->46->80->190->105->193->117->198->30->156->42->16->27->38",3
TSPB,LS_Steepest_Edge_Random_LM,38,27260381,159,43820,25789,25789,18031,outputs\runs\ls_steepest_edge_random_lm\TSPB\run_038.txt,"127->165->89->163->180->176->88->194->166->86->179->22->185->95->9->199->140->183->174->55->18->62->110->128->124->106->143->159->119->186->153->81->77->58->50->14->41->111->68->82->87->91->79->61->7->142->78->175->162->46->80->190->105->136->45->5->177->123->25->182->138->157->171->104->8->56->144->160->33->49->11->139->2->85->74->118->98->51->125->90->131->121->112->19->151->54->73->164->31->193->117->198->30->42->156->24->1->197->16->27->38->102->63->100->17->44->133->10->178->191->120->67->71->147->192->150->6->188->65->169->132->126->13->161->70->3->15->145->29->39->12->0->35->109->69->189->167->155->184->53->4->149->101->28->59->20->148->47->154->94->66->57->172->52->48->76->114->26->103",3
TSPB,LS_Steepest_Edge_Random_LM,39,27260382,159,43884,25369,25369,18515,outputs\runs\ls_steepest_edge_random_lm\TSPB\run_039.txt,"131->121->116->98->51->120->67->71->191->90->125->122->32->102->63->100->17->44->133->10->178->115->147->192->150->6->188->65->169->132->126->13->145->15->161->70->3->189->167->155->184->53->152->170->34->55->18->62->128->110->95->9->199->140->4->149->101->28->59->20->23->60->148->47->154->94->66->57->172->52->179->22->185->86->166->48->76->75->137->114->194->88->176->180->26->103->89->127->165->163->186->153->119->106->124->143->159->41->37->35->109->0->12->39->29->49->160->33->138->11->139->182->25->123->177->171->157->104->56->8->87->82->68->111->50->77->58->91->79->61->7->5->78->175->142->45->162->46->80->190->105->136->73->164->193->31->54->151->117->198->30->42->156->24->1->197->16->27->38",4
TSPB,LS_Steepest_Edge_Random_LM,40,27260383,158,43729,26391,26391,17338,outputs\runs\ls_steepest_edge_random_lm\TSPB\run_040.txt,"26->103->163->89->165->127->114->137->75->76->48->52->179->172->57->66->94->154->47->148->20->59->28->101->149->4->53->184->155->84->3->15->145->70->161->65->188->169->132->13->126->43->2->139->182->138->11->49->29->12->39->160->33->144->68->8->56->104->157->171->25->158->116->98->51->120->67->71->125->90->191->178->10->133->44->17->100->63->102->38->27->16->197->1->131->121->112->19->151->54->31->117->30->198->24->156->42->196->193->164->73->136->105->190->80->46->162->45->142->175->78->5->7->177->21->87->61->79->91->141->97->77->58->82->111->41->37->35->0->109->69->189->167->34->55->18->62->143->159->119->106->124->128->110->95->174->183->140->199->9->22->185->86->166->194->88->176->180",2
TSPB,LS_Steepest_Edge_Random_LM,41,27260384,151,41084,23775,23775,17309,outputs\runs\ls_steepest_edge_random_lm\TSPB\run_041.txt,"22->185->95->181->55->18->62->124->128->110->86->166->194->88->176->180->26->103->127->165->89->163->186->153->81->77->58->91->79->61->7->5->142->78->175->46->162->45->123->177->21->87->82->8->68->111->41->37->12->0->35->109->69->15->145->13->126->195->168->11->49->29->39->160->33->144->56->104->171->157->138->182->139->2->85->71->67->120->51->98->116->121->112->19->151->54->31->73->164->193->117->198->30->42->156->24->1->197->16->27->38->102->32->135->131->125->90->191->178->133->44->10->115->147->192->150->6->188->65->169->132->161->70->3->84->155->189->167->184->53->174->183->140->199->4->149->101->28->59->20->23->60->148->47->154->94->66->57->172->52->179",3
TSPB,LS_Steepest_Edge_Random_LM,42,27260385,149,42095,23507,23507,18588,outputs\runs\ls_steepest_edge_random_lm\TSPB\run_042.txt,"180->26->114->137->127->165->89->103->163->186->153->81->77->58->82->50->14->41->111->68->8->87->91->79->61->7->78->175->142->46->162->45->5->123->177->171->25->158->116->98->51->120->67->71->191->90->125->131->121->112->19->151->54->73->164->31->193->117->198->30->42->156->24->1->197->16->27->38->102->63->100->17->44->133->10->178->115->147->192->150->6->188->65->169->132->161->70->3->15->145->13->126->43->2->139->11->49->138->182->157->104->56->144->33->160->39->29->12->0->35->109->69->189->167->155->184->53->4->149->101->28->59->199->140->183->174->55->18->62->124->128->110->86->95->185->22->148->47->154->94->66->57->172->179->52->166->194->88->176",3
TSPB,LS_Steepest_Edge_Random_LM,43,27260386,151,41303,23836,23836,17467,outputs\runs\ls_steepest_edge_random_lm\TSPB\run_043.txt,"170->152->53->184->155->167->189->3->70->161->15->145->13->126->195->168->43->2->139->182->138->11->49->33->160->39->29->12->0->109->35->37->111->144->56->104->8->68->82->87->171->177->123->5->45->136->105->73->164->31->54->19->112->121->116->98->51->120->67->71->191->125->90->178->10->133->44->17->100->63->102->32->135->131->151->193->117->198->30->156->24->1->197->16->38->27->42->196->190->80->46->162->175->78->142->7->61->79->91->58->77->50->14->41->143->159->119->153->186->163->165->127->89->103->26->180->176->88->194->166->185->22->179->52->172->57->66->94->154->47->148->60->23->20->59->28->101->149->4->140->199->9->95->86->110->128->124->62->18->55->34",3
TSPB,LS_Steepest_Edge_Random_LM,44,27260387,154,42786,24334,24334,18452,outputs\runs\ls_steepest_edge_random_lm\TSPB\run_044.txt,"198->117->193->105->190->80->46->162->175->78->142->45->136->73->164->31->54->151->19->112->121->116->158->25->171->123->177->7->61->79->91->141->97->77->58->82->87->104->157->138->182->139->11->49->33->160->144->56->8->68->111->41->37->12->39->29->0->35->109->69->34->55->18->62->124->128->110->64->88->176->180->26->103->163->89->165->127->114->137->75->76->194->166->86->95->185->22->179->52->172->57->66->94->154->47->148->20->59->199->28->101->149->4->140->183->174->53->184->155->167->189->3->70->161->15->145->13->126->132->169->65->188->6->150->192->85->2->74->118->98->51->125->90->191->120->67->71->178->10->133->44->17->100->63->102->38->27->16->197->1->24->156->42->30",3
TSPB,LS_Steepest_Edge_Random_LM,45,27260388,157,42924,24728,24728,18196,outputs\runs\ls_steepest_edge_random_lm\TSPB\run_045.txt,"124->106->159->119->186->153->81->14->50->82->58->77->97->141->91->79->61->21->87->68->8->104->56->144->160->33->49->138->182->11->139->2->85->98->116->121->112->19->151->54->31->164->73->136->45->5->123->25->171->177->7->142->78->175->162->46->80->190->105->193->117->198->30->42->156->24->1->197->16->27->38->102->63->100->17->44->133->10->178->191->90->125->51->120->67->71->147->192->150->6->188->65->169->132->126->13->145->161->70->3->15->189->167->69->109->35->0->29->39->12->37->111->41->143->62->18->55->174->183->140->199->4->149->101->28->59->20->23->60->148->47->154->94->66->57->172->52->179->22->185->95->86->166->194->113->26->103->127->165->89->163->180->176->88->64->110->128",3
TSPB,LS_Steepest_Edge_Random_LM,46,27260389,162,43744,25482,25482,18262,outputs\runs\ls_steepest_edge_random_lm\TSPB\run_046.txt,"149->4->140->183->174->53->184->155->84->70->161->3->15->145->189->167->69->109->35->0->12->29->39->160->33->49->11->139->43->126->13->132->169->65->188->6->150->192->147->115->178->10->133->44->17->100->63->96->32->102->38->27->16->197->1->24->156->42->30->198->117->193->31->164->73->54->151->19->112->121->131->125->90->191->71->67->120->51->98->85->2->182->138->25->171->157->104->56->8->82->68->111->41->14->50->77->58->87->21->177->123->173->136->105->190->80->46->162->45->142->175->78->5->7->61->79->91->141->97->153->186->163->165->127->89->103->26->113->194->88->176->180->129->119->159->143->106->124->62->18->55->83->128->110->86->95->185->22->179->52->172->57->66->94->154->47->148->9->199->59->28->101",3
TSPB,LS_Steepest_Edge_Random_LM,47,27260390,159,42713,24942,24942,17771,outputs\runs\ls_steepest_edge_random_lm\TSPB\run_047.txt,"13->145->15->161->70->3->189->167->155->184->53->140->4->149->101->28->59->20->23->60->154->94->66->47->148->9->199->183->174->55->18->83->181->95->130->22->185->86->110->128->62->124->64->166->194->88->176->180->26->114->137->127->165->89->103->163->186->153->119->159->143->41->111->37->35->109->0->12->39->29->49->11->139->2->85->98->116->121->112->19->158->25->182->138->33->160->144->56->104->8->68->82->58->77->97->141->91->79->61->21->87->171->123->177->7->5->45->142->78->175->162->46->80->190->105->136->73->164->193->31->54->151->117->198->30->42->156->24->1->197->16->27->38->102->32->96->63->100->17->44->133->10->178->191->90->125->51->120->67->71->147->192->150->6->188->65->169->132->126",3
TSPB,LS_Steepest_Edge_Random_LM,48,27260391,146,40006,23961,23961,16045,outputs\runs\ls_steepest_edge_random_lm\TSPB\run_048.txt,"98->51->125->90->191->178->10->133->44->17->100->63->102->38->27->16->197->1->24->156->42->30->198->117->151->54->73->164->31->193->105->136->162->46->175->78->142->45->5->123->25->171->177->7->61->79->91->87->8->68->111->41->14->50->82->58->77->81->153->186->163->89->165->127->137->114->103->26->180->176->64->124->62->18->55->83->128->110->86->88->194->166->52->179->172->57->66->94->154->47->148->22->185->95->9->199->59->28->101->149->4->140->183->174->53->184->167->189->155->84->3->15->145->70->161->132->169->65->188->6->150->192->147->71->67->120->85->2->43->126->13->195->168->139->11->49->33->160->144->56->104->157->138->182->74->118",3
TSPB,LS_Steepest_Edge_Random_LM,49,27260392,149,41534,23982,23982,17552,outputs\runs\ls_steepest_edge_random_lm\TSPB\run_049.txt,"26->163->186->153->119->159->143->35->109->29->39->12->0->37->41->111->68->8->82->58->77->97->141->91->79->61->21->87->104->56->144->160->33->49->11->139->2->85->98->116->121->112->158->25->182->138->157->171->123->177->7->5->45->142->78->175->162->46->80->190->105->136->173->19->151->54->31->73->164->193->117->198->30->42->156->24->1->197->16->27->38->102->32->96->63->100->17->44->133->122->131->125->51->120->67->71->191->90->178->115->147->192->150->6->188->65->169->132->126->13->161->70->3->15->145->189->167->155->184->53->152->170->34->55->18->62->124->128->110->86->95->185->22->179->57->172->52->166->194->88->176->180->113->114->137->127->165->89->103",3
TSPB,LS_Steepest_Edge_Random_LM,50,27260393,156,43089,24431,24431,18658,outputs\runs\ls_steepest_edge_random_lm\TSPB\run_050.txt,"51->98->118->74->2->85->192->150->6->188->65->169->132->161->70->3->15->145->13->126->195->168->139->182->138->11->49->33->160->39->12->0->35->109->29->69->189->167->155->184->53->152->170->34->55->18->62->143->159->119->106->124->128->110->86->95->174->183->140->4->149->101->28->59->199->9->22->148->47->154->94->66->57->172->179->52->166->194->88->176->180->26->103->114->137->127->165->89->163->186->153->81->77->58->50->14->41->111->68->144->56->104->8->82->87->91->79->61->7->177->123->171->25->158->116->121->112->19->151->54->31->164->73->136->45->142->78->175->162->46->80->190->105->193->117->198->30->42->156->24->1->197->16->27->38->102->63->100->17->44->133->10->178->191->90->125",4
TSPB,LS_Steepest_Edge_Random_LM,51,27260394,157,43304,24332,24332,18972,outputs\runs\ls_steepest_edge_random_lm\TSPB\run_051.txt,"175->78->142->45->5->123->177->7->61->79->91->87->171->25->182->138->11->49->33->160->39->29->12->0->109->35->37->41->111->144->56->104->8->68->82->58->77->50->14->81->153->186->163->165->127->137->114->89->103->26->180->176->88->194->166->86->110->128->124->62->18->55->181->95->185->22->179->52->172->57->66->94->154->47->148->60->23->20->59->199->28->101->149->4->140->183->174->53->184->167->189->155->84->3->70->161->15->145->195->126->13->132->169->65->188->6->134->2->85->150->192->147->115->178->10->133->44->17->100->63->102->38->27->16->42->156->24->197->1->131->125->90->191->71->67->120->51->98->116->121->112->19->151->198->30->117->193->54->31->164->73->136->105->190->80->46->162",3
TSPB,LS_Steepest_Edge_Random_LM,52,27260395,154,42215,24119,24119,18096,outputs\runs\ls_steepest_edge_random_lm\TSPB\run_052.txt,"0->109->35->143->159->62->110->128->124->106->119->153->186->163->89->165->127->103->26->180->176->88->194->166->52->172->57->179->22->66->94->154->47->148->20->59->199->28->101->149->4->140->183->174->55->34->170->152->53->184->155->167->189->145->15->3->70->161->13->126->132->169->65->188->6->150->192->147->115->178->10->133->44->17->100->63->102->38->27->16->197->1->24->156->42->30->198->117->193->54->31->164->73->136->105->190->80->46->162->175->78->142->45->5->173->151->19->112->121->116->158->25->118->98->51->125->90->191->71->67->120->85->2->139->182->138->11->49->33->160->144->56->68->8->104->157->171->123->177->7->61->79->91->87->82->58->77->50->14->41->111->39->29->12",4
TSPB,LS_Steepest_Edge_Random_LM,53,27260396,161,43803,26658,26658,17145,outputs\runs\ls_steepest_edge_random_lm\TSPB\run_053.txt,"128->124->106->143->159->119->153->186->129->180->176->88->113->26->103->163->89->165->127->137->114->194->166->86->179->52->172->57->66->94->154->47->148->20->59->28->101->149->4->199->9->22->185->95->183->140->174->53->184->155->167->189->15->3->70->161->145->13->132->169->65->188->126->43->2->85->98->51->120->67->71->191->90->178->10->133->44->17->100->63->102->32->122->125->131->38->27->16->197->1->24->156->42->30->198->117->151->54->31->193->164->73->136->105->190->80->46->162->175->78->7->177->123->5->142->45->173->19->112->121->116->158->25->171->157->104->56->8->82->87->21->61->79->91->58->77->50->14->41->111->68->144->160->33->138->182->139->11->49->29->39->12->0->35->109->69->34->55->18->62->110",3
TSPB,LS_Steepest_Edge_Random_LM,54,27260397,147,41805,23386,23386,18419,outputs\runs\ls_steepest_edge_random_lm\TSPB\run_054.txt,"154->47->148->22->185->95->86->110->128->124->62->18->55->174->183->140->199->59->28->101->149->4->53->184->155->167->189->69->109->35->0->12->39->29->49->33->160->144->68->8->56->104->171->157->138->182->11->139->2->43->126->13->145->15->3->70->161->132->169->65->188->6->150->192->147->71->67->120->191->178->10->133->44->17->100->122->90->125->51->98->116->121->131->1->197->38->27->16->42->156->24->198->30->117->151->54->31->193->164->73->136->105->190->80->46->162->45->142->175->78->5->123->177->7->61->79->91->141->97->77->58->87->82->111->41->143->159->119->153->186->163->165->127->89->103->26->180->176->88->194->166->52->179->172->57->66->94",3
TSPB,LS_Steepest_Edge_Random_LM,55,27260398,159,43533,24797,24797,18736,outputs\runs\ls_steepest_edge_random_lm\TSPB\run_055.txt,"82->87->91->79->61->177->7->142->78->175->46->162->45->5->123->25->171->157->138->11->139->182->74->118->98->51->120->67->71->191->90->125->131->121->112->19->151->54->31->164->73->136->105->193->117->198->30->42->156->24->1->197->16->27->38->102->32->96->63->100->17->44->133->10->178->115->147->192->150->85->2->134->6->188->65->169->132->126->13->161->70->3->15->145->189->167->155->184->53->174->183->140->4->149->101->28->199->59->20->23->60->148->47->154->94->66->57->172->52->179->22->185->95->86->166->194->88->176->180->26->103->127->165->89->163->186->153->119->159->143->106->124->128->110->62->18->55->34->69->109->35->0->12->39->29->49->33->160->144->56->104->8->68->111->41->14->50->77->58",3
TSPB,LS_Steepest_Edge_Random_LM,56,27260399,166,44912,27576,27576,17336,outputs\runs\ls_steepest_edge_random_lm\TSPB\run_056.txt,"103->129->119->106->128->110->86->194->88->176->180->26->114->137->75->76->48->166->52->179->172->57->66->94->154->47->148->20->59->28->101->149->4->199->9->22->185->95->174->183->140->53->152->170->34->55->18->62->124->143->159->41->111->37->35->109->0->12->39->29->69->189->167->184->155->84->3->70->161->15->145->13->126->132->169->65->188->6->150->192->85->2->51->98->118->74->182->138->11->49->33->160->144->56->8->104->157->171->177->123->25->158->19->112->121->131->125->120->67->71->191->90->178->10->133->44->17->100->63->96->32->102->38->27->16->197->1->24->156->42->30->198->117->151->54->31->73->164->193->105->136->162->46->175->78->142->45->5->7->61->79->91->87->68->82->58->77->50->14->81->153->186->163->165->127->89",3
TSPB,LS_Steepest_Edge_Random_LM,57,27260400,159,43313,25208,25208,18105,outputs\runs\ls_steepest_edge_random_lm\TSPB\run_057.txt,"13->132->169->65->188->6->150->192->147->71->67->120->98->51->125->90->191->178->10->133->44->17->100->63->102->38->27->16->197->1->24->156->42->30->198->117->193->105->190->80->46->162->175->78->142->7->177->123->5->45->136->73->164->31->54->151->19->112->121->116->158->25->171->157->104->8->68->56->144->12->0->35->18->62->110->128->124->106->143->159->119->41->111->50->58->82->87->21->61->79->91->141->97->77->81->153->186->163->165->127->89->103->26->180->176->88->194->166->52->172->179->22->57->66->94->154->47->148->60->23->20->59->28->101->149->4->199->140->183->174->55->34->170->152->53->184->155->167->189->69->109->29->39->160->33->49->11->138->182->139->2->43->126->195->145->15->3->70->161",3
TSPB,LS_Steepest_Edge_Random_LM,58,27260401,158,42855,24982,24982,17873,outputs\runs\ls_steepest_edge_random_lm\TSPB\run_058.txt,"38->27->16->197->1->24->156->42->30->198->117->151->54->31->193->164->73->136->105->190->80->46->162->175->78->142->45->5->7->177->123->25->171->87->58->82->8->68->111->41->14->50->77->81->153->186->119->159->143->106->176->180->88->113->26->163->89->165->127->103->114->194->166->86->110->128->124->62->18->83->181->95->185->22->179->52->172->57->66->94->154->47->148->20->59->28->101->149->4->199->140->183->174->55->34->170->152->53->184->155->84->3->15->70->161->65->188->169->132->126->13->145->189->167->69->109->35->0->12->29->39->160->144->56->104->33->49->11->138->182->139->2->85->6->150->192->147->71->67->120->51->98->116->121->112->19->131->125->90->191->178->10->133->44->17->100->63->102",2
TSPB,LS_Steepest_Edge_Random_LM,59,27260402,155,43353,25196,25196,18157,outputs\runs\ls_steepest_edge_random_lm\TSPB\run_059.txt,"162->46->80->190->105->136->73->164->193->31->54->151->117->198->30->42->156->24->1->197->16->27->38->102->63->100->17->44->133->10->178->191->90->125->131->121->112->19->25->158->116->98->51->120->67->71->147->192->150->6->85->2->188->65->169->132->126->13->145->15->161->70->3->84->155->184->167->189->69->34->124->128->62->18->55->174->183->140->4->149->101->28->59->199->9->148->23->60->47->154->94->66->57->172->52->179->22->185->95->110->86->176->180->88->194->166->48->76->75->137->114->26->103->89->127->165->163->186->153->81->77->58->82->87->8->68->111->41->37->35->109->0->12->29->39->160->49->11->139->182->138->33->144->56->104->157->171->123->177->7->5->45->142->78->175",3
TSPB,LS_Steepest_Edge_Random_LM,60,27260403,159,42816,25632,25632,17184,outputs\runs\ls_steepest_edge_random_lm\TSPB\run_060.txt,"186->153->119->159->143->106->124->128->62->18->55->174->183->140->199->59->28->101->149->4->53->184->155->167->189->3->70->161->15->145->13->132->65->188->169->126->195->168->43->2->139->182->138->11->49->33->160->144->68->111->12->39->29->0->109->35->37->41->14->50->77->58->82->8->56->104->157->171->25->158->116->121->112->19->131->125->90->191->51->98->120->67->71->178->10->133->44->17->100->63->102->38->27->16->197->1->24->156->42->30->198->117->151->54->31->193->164->73->136->105->190->80->46->162->175->78->142->45->5->7->177->21->87->61->79->91->141->97->146->187->165->127->89->103->26->180->176->88->194->166->86->185->179->52->172->57->66->94->154->47->60->23->148->22->130->95->110->64->163",3
TSPB,LS_Steepest_Edge_Random_LM,61,27260404,153,42671,24700,24700,17971,outputs\runs\ls_steepest_edge_random_lm\TSPB\run_061.txt,"44->17->100->63->102->38->27->16->197->1->24->156->42->30->198->117->193->105->190->80->46->162->45->136->73->164->31->54->151->19->112->121->131->90->125->116->158->25->123->177->5->142->175->78->7->61->79->91->87->82->58->77->50->14->41->111->68->8->171->157->104->56->144->160->33->138->182->139->11->49->29->39->12->0->109->35->143->159->119->153->186->163->165->127->89->103->26->113->194->166->52->172->57->179->22->66->94->154->47->148->9->199->59->28->101->149->4->140->183->174->95->110->86->88->180->176->64->128->124->62->18->55->34->69->167->189->145->15->3->70->161->13->126->132->169->65->188->6->150->192->85->2->74->118->98->51->120->67->71->191->178->10->133",4
TSPB,LS_Steepest_Edge_Random_LM,62,27260405,163,44608,26447,26447,18161,outputs\runs\ls_steepest_edge_random_lm\TSPB\run_062.txt,"140->183->174->53->184->155->84->3->70->161->132->169->65->188->6->150->192->85->2->74->118->98->120->67->71->191->90->125->51->116->121->112->19->131->122->133->44->17->100->63->102->38->27->16->197->1->24->156->42->30->198->117->151->54->31->193->164->73->136->105->190->80->46->162->175->78->142->45->5->7->61->79->91->87->21->177->123->25->171->157->104->56->144->68->8->82->58->77->81->153->186->165->127->114->137->75->76->48->166->194->88->176->180->26->103->89->163->129->119->159->143->41->111->37->35->109->0->12->29->39->160->33->49->138->182->11->139->168->195->126->13->145->15->189->167->69->34->55->18->62->124->128->110->86->95->185->22->179->52->172->57->66->94->154->47->148->20->59->199->28->101->149->4",3
TSPB,LS_Steepest_Edge_Random_LM,63,27260406,157,43530,26521,26521,17009,outputs\runs\ls_steepest_edge_random_lm\TSPB\run_063.txt,"128->124->34->69->109->0->35->37->111->41->143->159->119->129->163->26->103->89->127->165->186->153->81->77->58->82->68->56->144->160->39->12->29->49->11->139->182->138->33->104->8->87->171->123->177->91->79->61->7->5->45->142->78->175->162->46->80->190->105->136->73->164->193->31->54->151->117->198->30->42->156->24->1->197->16->27->38->102->63->100->17->44->133->10->178->191->90->125->131->121->112->19->25->158->116->98->51->120->67->71->147->192->150->85->2->134->6->188->65->169->132->13->126->195->145->15->161->70->3->189->167->155->184->53->4->149->101->28->59->20->148->47->154->94->66->57->172->179->52->166->194->88->180->176->86->95->185->22->9->199->140->183->174->55->18->62->110",3
TSPB,LS_Steepest_Edge_Random_LM,64,27260407,164,44155,26544,26544,17611,outputs\runs\ls_steepest_edge_random_lm\TSPB\run_064.txt,"176->180->26->103->89->127->165->163->186->153->81->14->41->50->77->58->91->79->61->7->5->45->142->78->175->46->162->136->105->193->31->164->73->54->151->19->112->158->25->118->98->51->120->67->71->191->90->125->116->121->131->1->197->24->198->117->30->156->42->16->27->38->102->63->100->17->44->133->10->178->115->147->192->150->6->188->65->169->132->161->70->3->15->145->13->126->195->168->43->2->139->182->138->11->49->33->160->144->56->104->157->171->123->177->21->87->82->8->68->111->37->12->39->29->0->109->35->143->159->119->106->124->128->110->62->18->55->34->69->189->167->155->184->53->4->149->101->28->59->20->23->60->154->57->172->52->179->66->94->47->148->9->199->140->183->174->95->130->22->185->86->166->194->88",3
TSPB,LS_Steepest_Edge_Random_LM,65,27260408,168,45065,27489,27489,17576,outputs\runs\ls_steepest_edge_random_lm\TSPB\run_065.txt,"17->44->133->10->178->191->90->125->51->120->67->71->147->192->150->6->188->65->169->43->2->85->74->118->98->116->121->158->25->171->157->138->182->139->11->49->33->160->144->56->104->8->68->111->50->14->41->143->159->119->129->180->176->88->194->64->110->128->124->62->18->35->0->12->39->29->109->69->145->195->126->13->15->161->70->3->189->167->155->184->53->152->170->34->55->174->183->140->199->4->149->101->28->59->20->23->60->148->47->154->94->66->57->172->52->179->22->185->95->86->166->48->76->75->137->114->26->103->89->127->165->163->186->153->81->77->58->82->87->91->79->61->7->177->123->5->45->142->78->175->162->46->80->190->105->136->73->164->193->31->54->19->112->151->117->198->30->42->156->24->1->197->16->27->38->102->63->100",4
TSPB,LS_Steepest_Edge_Random_LM,66,27260409,152,42490,23823,23823,18667,outputs\runs\ls_steepest_edge_random_lm\TSPB\run_066.txt,"13->161->70->3->15->145->189->167->155->184->53->4->149->101->28->59->199->140->183->174->55->34->69->109->35->0->12->39->29->49->11->33->160->144->56->104->8->68->111->41->119->159->143->106->124->128->110->62->18->83->181->95->185->22->179->57->172->52->166->194->88->176->180->113->114->137->127->165->89->103->26->163->186->153->81->77->58->82->87->91->79->61->7->5->45->142->78->175->162->46->80->190->105->136->73->164->193->31->54->151->117->198->30->42->156->24->1->197->16->27->38->102->32->96->63->100->17->44->133->10->178->90->125->191->71->67->120->51->98->116->121->112->19->158->25->123->177->171->157->138->182->139->2->85->192->150->6->188->65->169->132->126",4
TSPB,LS_Steepest_Edge_Random_LM,67,27260410,159,43775,25507,25507,18268,outputs\runs\ls_steepest_edge_random_lm\TSPB\run_067.txt,"166->86->110->64->88->176->180->26->103->89->127->165->163->186->153->119->159->143->35->109->0->12->39->160->144->56->104->8->68->111->41->14->50->77->58->82->87->91->79->61->7->177->123->171->25->158->116->98->51->120->67->71->191->90->125->131->121->112->19->173->5->45->142->78->175->162->46->80->190->105->136->73->164->193->31->54->151->117->198->30->42->156->24->1->197->16->27->38->102->63->100->17->44->133->10->178->115->147->192->150->6->188->65->169->132->161->70->3->15->145->13->126->43->2->139->11->182->138->33->49->29->69->189->167->155->184->53->152->170->34->55->18->62->124->128->181->95->174->183->140->4->149->101->28->59->199->9->148->47->154->94->66->57->22->179->172->52->48->194",3
TSPB,LS_Steepest_Edge_Random_LM,68,27260411,151,42107,22760,22760,19347,outputs\runs\ls_steepest_edge_random_lm\TSPB\run_068.txt,"192->147->71->67->120->98->51->125->90->191->178->10->133->44->17->100->63->102->38->27->16->197->1->24->156->42->30->198->117->151->54->31->193->164->73->136->105->190->80->46->162->45->142->175->78->5->7->177->123->25->182->138->33->144->56->104->157->171->87->21->61->79->91->141->97->77->58->82->8->68->111->41->143->159->119->153->186->163->89->165->127->103->26->180->176->88->194->166->86->110->128->124->62->18->55->174->95->185->22->179->52->172->57->66->94->154->47->148->60->23->20->59->28->101->149->4->199->140->53->184->155->167->189->69->109->35->0->12->29->39->160->49->11->139->2->43->168->195->126->13->145->15->3->70->161->132->169->65->188->6->150",2
TSPB,LS_Steepest_Edge_Random_LM,69,27260412,142,40761,22284,22284,18477,outputs\runs\ls_steepest_edge_random_lm\TSPB\run_069.txt,"186->163->26->103->89->165->127->137->114->113->180->176->88->194->166->52->172->57->179->22->185->95->9->199->59->28->101->149->4->140->183->174->55->18->62->110->128->124->106->143->159->119->41->111->68->8->104->56->144->160->39->29->12->0->35->109->69->189->167->184->155->84->3->70->161->15->145->13->126->132->169->65->188->6->150->192->85->2->74->118->98->51->116->121->131->125->90->191->178->10->133->44->17->100->63->102->38->27->16->197->1->24->156->42->30->198->117->151->54->31->193->164->73->136->105->190->80->46->162->175->78->142->45->5->7->177->123->25->182->139->11->49->33->138->157->171->87->82->58->77->81->153",3
TSPB,LS_Steepest_Edge_Random_LM,70,27260413,145,41135,22841,22841,18294,outputs\runs\ls_steepest_edge_random_lm\TSPB\run_070.txt,"145->13->132->65->188->169->126->43->2->139->182->138->11->49->33->160->39->29->109->35->0->12->144->56->104->8->68->82->87->171->25->158->19->112->121->116->98->51->120->67->71->191->125->90->178->10->133->44->17->100->63->102->38->27->16->197->1->24->156->42->30->198->117->151->54->31->193->164->73->136->105->190->80->46->162->45->142->175->78->5->123->177->7->61->79->91->58->77->81->153->186->163->89->165->127->137->114->103->26->180->176->88->194->166->52->179->172->57->66->94->154->47->148->22->185->95->86->110->128->124->106->119->159->143->62->18->55->174->183->140->199->59->28->101->149->4->53->184->155->167->189->3->70->161->15",4
TSPB,LS_Steepest_Edge_Random_LM,71,27260414,149,41267,23711,23711,17556,outputs\runs\ls_steepest_edge_random_lm\TSPB\run_071.txt,"68->82->87->171->25->123->177->7->5->78->175->142->45->46->162->136->105->193->164->73->31->54->117->198->30->156->42->16->27->38->197->1->24->151->19->112->121->131->135->32->102->63->100->17->44->133->10->178->191->90->125->51->98->120->67->71->147->192->150->6->188->65->169->134->85->2->43->168->195->126->13->145->15->161->70->3->189->167->155->184->53->174->183->140->199->4->149->101->28->59->20->148->47->154->94->66->57->22->179->172->52->166->194->88->176->180->26->103->89->127->165->163->186->153->81->77->58->50->111->41->119->159->143->106->124->128->110->62->18->55->34->69->109->35->0->12->29->39->160->49->11->139->182->138->33->144->56->104->8",4
TSPB,LS_Steepest_Edge_Random_LM,72,27260415,155,43065,25015,25015,18050,outputs\runs\ls_steepest_edge_random_lm\TSPB\run_072.txt,"94->66->57->172->52->179->22->185->86->166->194->88->176->180->26->103->89->127->165->163->186->153->81->77->58->82->68->8->87->171->157->104->56->144->160->33->49->138->182->11->139->2->85->74->118->98->51->120->67->71->191->90->125->131->121->112->19->151->117->198->30->193->54->31->164->73->173->25->123->177->7->5->78->175->142->45->46->162->136->105->196->42->156->24->1->197->16->27->38->102->63->100->17->44->133->10->178->115->147->192->150->6->188->65->169->132->126->13->145->15->3->161->70->84->155->184->53->4->149->101->28->59->199->140->183->174->55->34->167->189->69->109->35->0->29->39->12->37->111->41->119->159->143->106->124->62->128->110->95->9->148->23->60->47->154",3
TSPB,LS_Steepest_Edge_Random_LM,73,27260416,158,43565,25112,25112,18453,outputs\runs\ls_steepest_edge_random_lm\TSPB\run_073.txt,"61->79->91->141->97->77->58->82->87->8->68->111->144->56->104->157->171->25->158->19->112->121->116->51->98->85->2->139->182->138->11->49->33->160->39->29->12->0->109->35->37->41->119->159->143->106->124->128->62->18->55->181->95->110->86->176->180->129->153->186->163->89->165->127->137->114->103->26->113->88->194->166->52->172->57->179->22->66->94->154->47->148->60->23->20->59->199->28->101->149->4->140->183->174->53->184->155->167->189->15->3->70->161->145->195->126->13->132->169->65->188->6->150->192->147->71->67->120->125->90->191->178->10->133->44->17->100->63->102->38->27->16->197->1->24->156->42->30->198->117->151->54->73->164->31->193->105->136->162->46->175->78->142->45->5->123->177->7",3
TSPB,LS_Steepest_Edge_Random_LM,74,27260417,164,44438,27428,27428,17010,outputs\runs\ls_steepest_edge_random_lm\TSPB\run_074.txt,"87->82->58->77->97->146->187->165->127->114->137->75->76->48->166->194->88->176->180->26->103->89->163->186->153->119->159->143->41->111->68->8->171->157->104->56->144->33->49->160->39->29->12->0->35->109->69->145->15->3->189->167->34->55->18->62->124->128->110->86->95->185->22->179->52->172->57->66->94->154->47->148->20->59->28->101->149->4->199->140->183->174->53->184->155->84->70->161->65->188->169->132->13->126->195->168->139->11->138->182->2->85->6->150->192->147->71->191->90->125->67->120->51->98->118->25->158->116->121->112->19->151->117->198->156->24->1->197->102->32->122->133->44->17->100->63->92->38->27->16->42->30->193->54->31->164->73->136->105->190->80->46->162->175->78->142->45->5->123->177->7->61->79->91",3
TSPB,LS_Steepest_Edge_Random_LM,75,27260418,165,44391,25725,25725,18666,outputs\runs\ls_steepest_edge_random_lm\TSPB\run_075.txt,"150->6->188->65->169->132->126->13->161->70->3->15->145->189->167->155->184->53->152->170->34->69->109->35->0->12->29->39->160->33->49->11->139->182->138->157->104->56->8->68->111->41->119->159->143->106->124->62->128->110->86->185->22->130->95->181->83->18->55->174->183->140->199->4->149->101->28->59->20->23->60->148->47->154->94->66->57->172->179->52->166->48->76->75->137->114->194->88->176->180->26->103->89->127->165->163->186->153->81->77->58->82->87->91->79->61->7->78->175->142->46->162->45->5->123->177->171->25->158->116->121->112->19->151->54->31->164->73->136->105->193->117->198->30->42->156->24->1->197->16->27->38->102->32->96->63->100->17->44->133->10->178->191->90->125->71->67->120->51->98->118->74->2->85->192",3
TSPB,LS_Steepest_Edge_Random_LM,76,27260419,154,42591,24538,24538,18053,outputs\runs\ls_steepest_edge_random_lm\TSPB\run_076.txt,"61->79->91->87->82->58->77->50->14->41->143->159->119->153->186->163->165->127->89->103->26->180->176->88->194->166->86->110->95->185->22->179->52->172->57->66->94->154->47->148->20->59->28->101->149->4->140->199->9->183->174->53->152->170->34->55->18->62->128->124->35->109->0->12->29->39->111->68->8->171->25->182->138->157->104->56->144->160->33->49->11->139->2->43->126->13->145->15->3->70->161->132->169->65->188->6->150->192->147->115->178->10->133->44->17->100->122->131->125->90->191->71->67->120->51->98->116->121->112->19->151->117->198->156->24->1->197->102->63->92->38->27->16->42->30->193->31->54->164->73->136->105->190->80->46->162->175->78->142->45->5->123->177->7",4
TSPB,LS_Steepest_Edge_Random_LM,77,27260420,159,43319,25794,25794,17525,outputs\runs\ls_steepest_edge_random_lm\TSPB\run_077.txt,"164->73->31->54->117->30->42->16->27->38->197->1->24->156->198->151->19->112->121->116->158->25->171->157->104->138->182->2->85->98->51->125->120->67->71->191->90->122->32->102->63->100->17->44->133->10->178->115->147->192->150->6->188->65->169->132->161->70->3->15->145->13->126->43->139->11->49->33->160->144->56->8->68->111->41->37->35->0->12->39->29->109->143->159->119->153->186->163->89->103->26->180->176->88->194->166->52->179->22->185->95->86->110->128->124->62->18->55->34->170->152->53->174->183->140->4->149->101->28->199->59->20->148->47->154->94->66->57->172->48->76->75->137->114->127->165->187->146->97->77->58->82->87->91->79->61->7->177->123->5->45->142->78->175->46->162->136->105->193",3
TSPB,LS_Steepest_Edge_Random_LM,78,27260421,155,42334,24706,24706,17628,outputs\runs\ls_steepest_edge_random_lm\TSPB\run_078.txt,"189->167->155->184->53->4->149->101->28->59->199->140->174->183->9->148->47->154->94->66->57->172->52->179->22->185->95->86->110->128->83->55->18->62->124->106->143->159->119->129->180->176->88->194->166->48->76->75->137->114->26->103->89->127->165->163->186->153->81->77->58->50->14->41->111->68->82->91->79->61->21->87->8->104->56->144->160->33->49->11->138->182->25->171->123->177->7->5->45->142->78->175->162->46->80->190->105->136->73->164->54->31->193->117->198->30->42->27->38->16->197->1->24->156->151->19->112->121->116->98->51->120->67->71->191->90->125->131->135->32->102->63->100->17->44->133->10->178->115->147->192->150->6->188->65->169->132->161->70->3->15->13->126->195->145",3
TSPB,LS_Steepest_Edge_Random_LM,79,27260422,165,44546,27055,27055,17491,outputs\runs\ls_steepest_edge_random_lm\TSPB\run_079.txt,"113->194->88->176->180->129->186->153->97->141->91->79->61->21->87->171->123->177->7->5->45->142->78->175->162->46->80->190->105->136->73->164->193->31->54->151->117->30->198->24->156->42->27->38->16->197->1->19->112->25->158->116->121->131->135->32->102->63->100->17->44->133->10->178->191->90->125->51->98->120->67->71->147->192->150->6->188->65->169->2->43->126->13->132->161->70->3->15->145->189->167->69->109->35->0->12->29->39->160->33->49->11->139->182->138->157->104->56->144->68->8->82->58->77->50->111->41->119->159->143->106->124->128->110->62->18->55->34->170->152->53->174->183->140->4->149->101->28->199->59->20->23->60->148->47->154->94->66->57->22->179->172->52->166->48->76->75->137->114->127->165->89->163->103->26",2
TSPB,LS_Steepest_Edge_Random_LM,80,27260423,150,41808,23780,23780,18028,outputs\runs\ls_steepest_edge_random_lm\TSPB\run_080.txt,"138->182->2->85->98->51->120->67->71->191->178->10->133->44->17->100->122->90->125->131->121->112->19->151->156->24->1->197->38->27->16->42->30->198->117->193->54->31->164->73->136->105->190->80->46->162->175->78->142->45->5->7->61->79->91->177->123->25->171->87->82->58->77->97->153->186->163->165->127->89->103->26->180->176->88->194->166->86->110->128->124->62->18->55->174->95->185->22->179->52->172->57->66->94->154->47->148->60->23->20->59->28->101->149->4->199->140->53->184->155->167->189->145->15->3->70->161->65->188->169->132->13->126->195->168->139->11->49->33->160->39->29->12->0->109->35->37->41->143->159->119->81->14->50->111->68->8->56->104->157",3
TSPB,LS_Steepest_Edge_Random_LM,81,27260424,150,42343,23274,23274,19069,outputs\runs\ls_steepest_edge_random_lm\TSPB\run_081.txt,"66->57->22->179->172->52->166->194->88->176->180->26->103->114->137->127->165->89->163->186->153->81->77->58->82->87->91->79->61->7->177->171->157->104->56->8->68->111->41->37->35->109->0->12->29->39->160->33->49->11->138->182->25->123->5->45->142->78->175->162->46->80->190->105->136->73->164->31->54->151->193->117->198->30->42->156->24->1->197->16->27->38->102->63->100->17->44->133->10->178->191->90->125->131->121->116->51->120->71->67->98->85->2->134->192->150->6->188->65->169->132->126->13->161->70->3->15->145->189->167->155->184->53->152->170->34->55->18->62->124->128->110->86->95->174->183->140->199->4->149->101->28->59->20->23->60->148->47->154->94",3
TSPB,LS_Steepest_Edge_Random_LM,82,27260425,158,43648,25468,25468,18180,outputs\runs\ls_steepest_edge_random_lm\TSPB\run_082.txt,"8->104->157->171->25->123->177->7->5->78->175->142->45->46->162->136->105->196->42->156->16->27->38->197->1->24->198->30->117->193->31->164->73->54->151->19->112->121->131->135->32->102->63->100->17->44->133->10->178->90->125->191->71->67->120->51->98->118->74->2->85->192->150->6->188->65->169->132->126->13->145->161->70->3->15->189->167->155->184->53->174->183->140->4->149->101->28->59->20->23->60->148->199->9->95->185->22->179->57->172->52->48->76->75->137->114->127->165->89->163->103->26->180->176->88->194->166->86->110->128->83->55->18->62->124->106->143->159->119->41->14->50->77->58->91->79->61->21->87->82->68->111->37->35->109->0->12->39->29->49->11->139->182->138->33->160->144->56",3
TSPB,LS_Steepest_Edge_Random_LM,83,27260426,163,44984,26523,26523,18461,outputs\runs\ls_steepest_edge_random_lm\TSPB\run_083.txt,"15->145->13->126->43->2->85->98->51->120->67->71->191->90->125->131->121->112->19->158->25->171->157->138->182->139->11->49->33->160->144->56->104->8->68->111->12->39->29->0->109->35->37->41->119->159->143->106->124->128->110->86->95->9->140->183->174->55->18->62->34->69->189->167->155->184->53->4->149->101->28->199->59->20->23->60->148->47->154->94->66->22->179->57->172->52->166->48->76->75->137->114->194->88->176->180->26->103->89->127->165->163->186->153->81->77->58->82->87->91->79->61->7->177->123->5->78->175->142->45->46->162->136->105->193->31->164->73->54->151->117->198->30->42->156->24->1->197->16->27->38->102->32->96->63->100->17->44->133->10->178->115->147->192->150->6->188->65->169->132->161->70->3",3
TSPB,LS_Steepest_Edge_Random_LM,84,27260427,153,42849,24588,24588,18261,outputs\runs\ls_steepest_edge_random_lm\TSPB\run_084.txt,"133->44->17->100->63->102->38->27->16->197->1->24->156->42->30->198->117->151->54->73->164->31->193->105->136->162->46->175->78->142->45->5->123->177->7->61->79->91->87->82->68->8->104->56->33->11->49->29->109->35->0->12->39->160->144->111->41->14->50->58->77->81->153->186->163->89->165->127->137->114->103->26->180->176->88->194->166->52->172->179->22->57->66->94->154->47->148->60->23->20->59->28->101->149->4->199->140->183->174->53->152->170->34->55->18->62->110->128->124->106->119->159->143->69->167->189->145->15->3->70->161->13->126->132->169->65->188->6->150->192->85->2->139->182->138->157->171->25->158->19->112->121->131->125->51->98->120->67->71->191->90->178->10",3
TSPB,LS_Steepest_Edge_Random_LM,85,27260428,162,44469,26298,26298,18171,outputs\runs\ls_steepest_edge_random_lm\TSPB\run_085.txt,"126->6->192->150->188->65->169->132->161->70->3->84->155->184->53->174->183->140->4->149->101->28->59->199->9->148->47->154->94->66->57->172->52->179->22->185->95->181->128->110->86->166->194->88->176->180->113->114->137->127->165->89->103->26->163->186->153->81->77->97->141->91->79->61->58->82->87->171->25->123->177->7->5->45->142->78->175->162->46->80->190->105->136->73->164->31->54->193->117->198->30->156->42->16->27->38->197->1->24->151->19->112->121->116->51->125->131->135->32->102->63->100->17->44->133->10->178->90->191->71->67->120->98->118->74->85->2->139->182->138->11->49->29->0->109->35->12->39->160->33->144->56->104->8->68->111->41->119->159->143->106->124->62->18->55->34->69->167->189->15->145->13",3
TSPB,LS_Steepest_Edge_Random_LM,86,27260429,162,43032,25527,25527,17505,outputs\runs\ls_steepest_edge_random_lm\TSPB\run_086.txt,"194->88->176->180->26->103->127->165->89->163->186->153->119->159->143->35->109->0->12->39->160->33->138->182->157->104->56->144->111->41->14->50->77->58->87->82->68->8->171->25->123->177->91->79->61->7->5->78->175->142->45->162->46->80->190->105->136->73->164->31->54->151->193->117->198->30->42->156->24->1->197->16->27->38->92->63->40->17->100->96->102->32->135->131->19->112->121->116->125->90->191->71->67->120->51->98->118->74->2->85->192->150->6->188->65->169->132->161->70->3->15->145->13->126->195->168->139->11->49->29->69->189->167->155->184->53->152->170->34->18->62->124->128->110->83->55->174->183->140->199->4->149->101->28->59->20->23->60->148->47->154->94->66->22->130->95->185->179->57->172->52->166",3
TSPB,LS_Steepest_Edge_Random_LM,87,27260430,161,43357,24960,24960,18397,outputs\runs\ls_steepest_edge_random_lm\TSPB\run_087.txt,"117->193->31->54->164->73->136->173->123->25->182->138->11->139->2->85->192->150->6->188->65->169->126->13->132->161->70->3->15->145->189->167->155->184->53->152->170->34->55->18->62->181->95->130->22->9->199->140->4->149->101->28->59->20->23->60->148->47->154->94->66->57->172->52->179->185->86->166->194->88->180->176->64->110->128->124->106->143->159->119->129->163->26->103->89->127->165->186->153->81->77->58->82->91->79->61->21->87->8->68->111->41->37->35->109->0->12->29->39->160->49->33->144->56->104->157->171->177->7->5->78->175->142->45->162->46->80->190->105->196->42->156->24->1->197->16->27->38->102->63->100->17->44->133->10->178->191->90->125->71->67->120->51->98->116->121->112->19->151->198->30",3
TSPB,LS_Steepest_Edge_Random_LM,88,27260431,161,43929,25624,25624,18305,outputs\runs\ls_steepest_edge_random_lm\TSPB\run_088.txt,"143->106->124->128->62->18->55->174->95->110->86->185->22->179->52->172->57->66->94->154->47->148->20->59->28->101->149->4->199->140->53->184->155->167->189->15->3->70->161->145->13->126->132->169->65->188->6->150->192->147->115->178->10->133->44->17->100->63->102->38->27->16->197->1->24->156->42->30->198->117->193->31->164->73->54->151->131->121->112->19->173->136->105->190->80->46->162->45->142->175->78->5->123->177->7->61->79->91->141->77->97->146->187->165->89->127->137->114->194->88->176->180->26->103->163->186->153->81->14->50->58->82->87->8->68->144->56->104->157->171->25->158->116->98->51->125->90->191->71->67->120->85->2->139->182->138->11->49->33->160->39->29->12->0->109->35->37->111->41->119->159",4
TSPB,LS_Steepest_Edge_Random_LM,89,27260432,165,45343,26602,26602,18741,outputs\runs\ls_steepest_edge_random_lm\TSPB\run_089.txt,"53->184->155->84->70->161->3->15->145->189->167->69->109->35->0->12->39->29->49->33->160->144->56->104->157->138->182->11->139->2->43->126->13->132->169->65->188->6->150->192->147->71->67->120->191->90->178->10->133->44->17->100->63->102->38->27->16->197->1->24->156->42->30->198->117->193->105->190->80->46->162->136->73->164->31->54->151->19->112->121->131->125->51->98->116->158->25->171->177->123->5->45->142->175->78->7->61->79->91->141->97->77->58->82->87->8->68->111->41->14->81->153->186->165->127->114->137->75->76->48->166->194->88->176->180->26->103->89->163->129->119->159->143->106->124->128->110->62->18->55->174->183->140->199->9->95->185->22->179->52->172->57->66->94->154->47->148->60->23->20->59->28->101->149->4",5
TSPB,LS_Steepest_Edge_Random_LM,90,27260433,161,43493,25319,25319,18174,outputs\runs\ls_steepest_edge_random_lm\TSPB\run_090.txt,"83->128->110->86->176->180->88->113->26->103->163->89->165->127->137->114->194->166->52->172->179->22->57->66->94->154->47->148->20->59->28->101->149->4->199->140->183->174->53->184->155->167->189->69->109->35->0->12->29->39->160->33->49->11->138->182->139->168->195->145->15->3->70->161->65->188->169->132->13->126->43->2->85->6->150->192->147->115->178->10->133->44->17->100->63->96->32->102->38->27->16->197->1->24->156->42->30->198->117->193->105->190->80->46->162->175->78->142->45->136->73->164->31->54->151->19->112->121->131->125->90->191->71->67->120->51->98->116->158->25->171->123->177->7->61->79->91->87->82->8->104->56->144->68->111->41->14->50->58->77->81->153->186->119->159->143->106->124->62->18->55",3
TSPB,LS_Steepest_Edge_Random_LM,91,27260434,161,44230,25743,25743,18487,outputs\runs\ls_steepest_edge_random_lm\TSPB\run_091.txt,"2->43->126->195->145->15->3->70->161->13->132->169->65->188->6->150->192->147->115->178->10->133->44->17->100->63->102->38->27->16->197->1->24->156->42->30->198->117->193->105->136->73->164->31->54->151->19->112->121->131->125->90->191->71->67->120->51->98->118->74->182->138->157->104->56->144->68->8->82->87->171->25->123->177->5->45->162->46->175->78->142->7->61->79->91->141->97->77->58->50->14->81->153->186->163->165->127->89->103->26->180->176->88->194->166->52->172->57->154->94->66->179->22->9->199->148->60->23->20->59->28->101->149->4->140->183->174->53->184->155->167->189->69->34->55->18->62->181->95->86->110->128->124->106->143->159->119->41->111->37->35->109->0->12->29->39->160->33->49->11->139",3
TSPB,LS_Steepest_Edge_Random_LM,92,27260435,150,41809,23595,23595,18214,outputs\runs\ls_steepest_edge_random_lm\TSPB\run_092.txt,"27->16->197->1->131->121->112->19->151->24->156->42->30->198->117->193->54->31->164->73->136->105->190->80->46->162->45->142->175->78->5->7->177->123->25->182->138->11->49->33->160->39->29->12->0->109->35->37->111->68->8->56->104->157->171->87->82->58->77->50->14->41->119->159->143->106->124->62->18->55->174->95->130->22->185->86->110->128->64->88->176->180->26->103->163->89->165->127->137->114->194->166->52->179->172->57->66->94->154->47->148->9->199->59->28->101->149->4->140->53->184->167->189->155->84->70->161->3->15->145->195->126->13->132->169->65->188->6->150->192->134->2->85->98->51->120->67->71->125->90->191->178->10->133->44->17->100->63->102->38",3
TSPB,LS_Steepest_Edge_Random_LM,93,27260436,150,42342,24974,24974,17368,outputs\runs\ls_steepest_edge_random_lm\TSPB\run_093.txt,"145->189->167->155->184->53->174->183->140->199->4->149->101->28->59->20->148->9->95->185->22->66->57->172->179->52->166->194->114->137->127->89->165->153->186->163->103->26->180->176->88->86->110->128->83->55->18->62->124->106->143->159->119->41->111->50->77->58->82->87->8->68->144->56->104->157->171->177->7->142->78->175->162->46->80->190->105->193->117->198->30->42->156->24->1->197->16->27->38->102->63->100->17->44->133->10->178->191->90->125->51->120->67->71->147->192->150->6->134->2->85->98->116->121->112->19->151->54->31->164->73->136->45->5->123->25->182->138->11->49->33->160->39->29->12->0->35->109->69->195->126->13->132->169->188->65->161->70->3->15",3
TSPB,LS_Steepest_Edge_Random_LM,94,27260437,161,43815,25890,25890,17925,outputs\runs\ls_steepest_edge_random_lm\TSPB\run_094.txt,"180->26->103->89->127->165->163->186->153->119->159->143->81->77->97->141->91->79->61->21->87->8->68->82->58->50->14->41->111->37->35->109->0->12->39->29->49->11->33->160->144->56->104->157->138->182->25->171->123->177->7->5->78->175->142->45->162->46->80->190->105->136->73->164->31->54->151->193->117->198->30->42->156->24->1->197->16->27->38->102->63->100->17->44->133->10->178->115->147->192->150->71->67->120->51->191->90->125->131->19->112->121->116->98->118->74->2->85->6->188->65->169->132->126->13->145->15->161->70->3->189->167->69->34->62->18->55->174->95->130->22->9->199->140->4->149->101->28->59->20->23->60->148->47->154->94->66->57->172->52->179->185->86->110->128->124->64->166->194->88->176",3
TSPB,LS_Steepest_Edge_Random_LM,95,27260438,168,45573,27304,27304,18269,outputs\runs\ls_steepest_edge_random_lm\TSPB\run_095.txt,"104->56->8->87->82->68->144->160->33->49->11->138->182->139->2->85->192->150->6->188->65->169->126->13->132->161->70->3->15->145->189->167->155->184->53->152->170->69->109->29->39->12->0->35->143->159->119->106->124->64->176->180->88->194->166->86->110->128->62->18->55->174->95->185->22->9->199->140->4->149->101->28->59->20->23->60->148->47->154->94->66->57->172->179->52->48->76->75->137->114->26->103->89->127->165->163->186->153->81->14->41->111->50->58->77->97->141->91->79->61->7->177->123->5->45->142->78->175->162->46->80->190->105->136->73->164->54->31->193->30->156->42->27->38->16->197->1->24->198->117->151->19->112->121->131->135->32->102->63->100->17->44->133->10->178->90->125->191->71->67->120->51->98->116->158->25->171->157",4
TSPB,LS_Steepest_Edge_Random_LM,96,27260439,164,44760,26424,26424,18336,outputs\runs\ls_steepest_edge_random_lm\TSPB\run_096.txt,"4->199->140->183->174->53->152->170->34->55->18->62->37->41->111->68->8->82->87->171->157->104->56->144->33->49->160->39->29->12->0->35->109->69->167->189->3->70->161->15->145->13->126->132->169->65->188->6->150->192->85->2->139->11->138->182->25->158->116->98->51->120->67->71->125->90->191->178->10->133->44->17->100->63->102->32->135->131->121->112->19->151->156->24->1->197->16->38->27->42->30->198->117->193->31->54->164->73->136->105->190->80->46->162->45->142->175->78->5->123->177->7->61->79->91->58->77->81->153->186->119->159->143->106->124->128->110->95->130->22->185->86->194->88->176->180->26->103->163->89->165->127->114->137->75->76->48->166->52->179->172->57->66->94->154->47->148->60->23->20->59->28->101->149",5
TSPB,LS_Steepest_Edge_Random_LM,97,27260440,165,44752,27251,27251,17501,outputs\runs\ls_steepest_edge_random_lm\TSPB\run_097.txt,"57->66->94->154->47->60->23->148->22->185->95->9->199->59->28->101->149->4->140->183->174->53->184->155->167->189->145->15->3->70->161->13->126->132->169->65->188->6->134->2->85->150->192->147->115->178->10->133->44->17->100->63->102->32->122->90->191->71->67->120->51->125->131->121->112->19->151->117->198->30->156->24->1->197->16->38->27->42->196->193->31->54->164->73->136->105->190->80->46->162->45->142->175->78->5->123->177->7->61->79->91->87->171->157->138->182->25->158->116->98->118->74->139->11->49->33->160->144->56->104->8->68->82->58->77->81->153->186->163->165->127->89->103->26->113->194->88->176->180->129->119->159->143->41->111->37->35->109->0->12->39->29->69->34->55->18->62->124->128->110->86->166->52->179->172",4
TSPB,LS_Steepest_Edge_Random_LM,98,27260441,160,43165,25099,25099,18066,outputs\runs\ls_steepest_edge_random_lm\TSPB\run_098.txt,"55->83->128->110->86->185->179->52->172->57->66->94->154->47->148->22->130->95->9->199->59->28->101->149->4->140->183->174->53->184->155->167->189->15->3->70->161->145->13->126->195->29->39->12->0->109->35->37->111->41->14->50->77->58->87->82->68->8->104->56->144->160->33->49->11->139->182->138->157->171->177->123->25->158->116->121->131->125->90->191->71->67->120->51->98->85->2->43->169->65->188->6->150->192->147->115->178->10->133->44->17->100->63->102->38->27->16->197->1->24->156->42->30->198->117->151->54->31->193->164->73->136->105->190->80->46->162->45->142->175->78->5->7->61->79->91->141->97->146->187->165->127->89->103->26->113->194->88->176->180->163->186->153->119->159->143->106->124->62->18",3
TSPB,LS_Steepest_Edge_Random_LM,99,27260442,160,43729,24827,24827,18902,outputs\runs\ls_steepest_edge_random_lm\TSPB\run_099.txt,"65->188->6->150->192->147->71->67->120->191->90->125->51->98->118->74->85->2->139->11->138->182->25->158->19->112->121->131->122->133->44->17->100->63->96->32->102->38->27->16->197->1->24->156->42->30->198->117->151->54->31->193->164->73->136->105->190->80->46->162->45->142->175->78->5->7->177->123->171->157->104->56->8->68->144->160->33->49->29->39->12->0->35->109->69->34->55->18->62->110->128->124->106->143->159->119->41->111->50->58->82->87->21->61->79->91->141->97->77->81->153->186->163->89->165->127->103->26->180->176->88->194->166->86->95->185->22->179->52->172->57->66->94->154->47->148->20->59->28->101->149->4->199->140->183->174->53->184->155->167->189->3->70->161->15->145->13->126->132->169",3
TSPB,LS_Steepest_Edge_Random_LM,100,27260443,155,42844,25187,25187,17657,outputs\runs\ls_steepest_edge_random_lm\TSPB\run_100.txt,"103->26->180->176->88->194->166->52->179->172->57->66->154->94->22->185->95->86->110->128->124->62->18->55->174->183->140->199->9->148->20->59->28->101->149->4->53->184->155->167->189->69->195->126->13->145->15->3->70->161->132->169->65->188->6->150->192->147->115->178->10->133->44->17->100->63->102->32->122->90->191->71->67->120->125->131->121->116->51->98->118->74->85->2->139->182->138->157->171->177->123->25->173->73->164->31->54->151->198->156->24->1->197->16->38->27->42->30->117->193->136->105->190->80->46->162->45->142->175->78->5->7->61->79->91->87->58->82->68->8->104->56->144->33->11->49->160->29->109->35->0->12->39->111->41->14->50->77->81->153->186->163->165->127->89",3
